"code","iso","country","AMP.raw.2000","AMP.raw.2001","AMP.raw.2002","AMP.raw.2003","AMP.raw.2004","AMP.raw.2005","AMP.raw.2006","AMP.raw.2007","AMP.raw.2008","AMP.raw.2009","AMP.raw.2010","AMP.raw.2011","AMP.raw.2012","AMP.raw.2013","AMP.raw.2014","AMP.raw.2015","AMP.raw.2016","AMP.raw.2017"
4,"AFG","Afghanistan",NA,NA,NA,NA,NA,NA,NA,NA,NA,NA,NA,NA,NA,NA,NA,NA,NA,NA
8,"ALB","Albania",1.88147265656287,1.88147265656287,1.88147265656287,2.20280015157766,56.9058230746471,58.4418485208647,65.8454691721958,66.1392588196906,68.7063766392129,68.7063766392129,68.7063766392129,198.694452191626,198.694452191626,198.694452191626,203.051410997225,203.051410997225,203.051410997225,203.051410997225
12,"DZA","Algeria",13.2781415147694,13.2781415147694,13.2781415147694,13.2781415147694,39.3639742729461,39.3639742729461,39.3639742729461,39.3639742729461,39.3639742729461,39.3639742729461,39.3639742729461,39.3639742729461,40.0249957272715,40.0249957272715,40.0249957272715,40.0249957272715,40.0249957272715,40.0249957272715
16,"ASM","American Samoa",35341.8912724675,35341.8912724675,35342.4144091374,35342.5467936989,35343.6292153216,35343.6292153216,35343.9046913174,35343.9046913174,35343.9046913174,35343.9046913174,35344.0221796736,35344.0221796736,35344.0221796736,35344.0221796736,35344.0221796736,35344.0221796736,35344.0221796736,35344.0221796736
20,"AND","Andorra",NA,NA,NA,NA,NA,NA,NA,NA,NA,NA,NA,NA,NA,NA,NA,NA,NA,NA
24,"AGO","Angola",1.41920273152652,1.41920273152652,1.41920273152652,1.41920273152652,1.41920273152652,1.41920273152652,1.41920273152652,1.41920273152652,1.41920273152652,1.41920273152652,1.41920273152652,1.41920273152652,1.41920273152652,1.41920273152652,1.41920273152652,1.41920273152652,1.41920273152652,1.41920273152652
660,"AIA","Anguilla",64.8341946967677,64.8341946967677,64.8341946967677,64.8341946967677,64.8341946967677,64.8341946967677,64.8341946967677,64.8341946967677,65.6304523158489,65.6304523158489,65.6304523158489,65.6304523158489,65.6304523158489,65.6304523158489,65.6304523158489,65.6304523158489,65.6304523158489,65.6304523158489
28,"ATG","Antigua and Barbuda",51.017008932497,51.017008932497,51.017008932497,51.017008932497,51.017008932497,51.017008932497,187.69417578321,187.69417578321,187.69417578321,187.983775872982,187.983775872982,187.983775872982,187.983775872982,187.983775872982,187.983775872982,187.983775872982,187.983775872982,187.983775872982
32,"ARG","Argentina",4403.92630557225,4418.51597816893,7994.54713157624,8084.4646994936,8084.4646994936,8084.57579664998,8541.77469363451,8541.77469363451,8541.77469363451,8542.80178594165,9284.89464736523,9284.89464736523,9292.41539390211,14044.7584729066,17685.7460619175,24445.7759166299,24445.7759166299,24445.7759166299
51,"ARM","Armenia",NA,NA,NA,NA,NA,NA,NA,NA,NA,NA,NA,NA,NA,NA,NA,NA,NA,NA
533,"ABW","Aruba",0.120900586049318,0.120900586049318,0.120900586049318,0.120900586049318,0.120900586049318,0.120900586049318,0.120900586049318,0.120900586049318,0.120900586049318,0.120900586049318,0.120900586049318,0.120900586049318,0.120900586049318,0.120900586049318,0.120900586049318,0.120900586049318,0.120900586049318,0.120900586049318
36,"AUS","Australia",247844.698268879,248031.5496687,252385.037831594,272430.012012889,273267.200223044,613135.042473356,614007.234269488,618828.831247654,834343.147194216,834391.267734395,862963.966623888,862964.53882938,863173.303315839,3009423.07553582,3010941.5639382,3010941.56393816,3010941.56393816,3010941.56393816
40,"AUT","Austria",NA,NA,NA,NA,NA,NA,NA,NA,NA,NA,NA,NA,NA,NA,NA,NA,NA,NA
31,"AZE","Azerbaijan",122.510571589697,122.510571589697,122.510571589697,122.510571589697,122.510571589697,122.510571589697,127.795725942533,127.795725942533,127.795725942533,127.795725942533,127.795725942533,127.795725942533,127.795725942533,127.795725942533,127.795725942533,127.795725942533,127.795725942533,127.795725942533
44,"BHS","Bahamas",718.763784439219,718.763784439219,718.763784439219,3068.79602309163,3068.79602309163,3068.79602309163,3068.79602309163,3068.79602309163,3068.79602309163,3273.39411455123,3400.20570960444,3407.19428786768,3407.19428786768,3407.19428786768,3407.19428786768,3407.19428786768,3407.19428786768,3407.19428786768
48,"BHR","Bahrain",34.3857620796298,34.3857620796298,34.3857620796298,36.8769038006022,65.6413755135513,65.6413755135513,65.6413755135513,71.3396583398037,79.1612250510219,79.1612250510219,79.1612250510219,79.1612250510219,79.1612250510219,79.1612250510219,79.1612250510219,79.1612250510219,79.1612250510219,79.1612250510219
50,"BGD","Bangladesh",1494.68587980974,3130.61371483025,3233.81053387367,3233.81053387367,3233.81053387367,3233.81053387367,3233.81053387367,3233.81053387367,3233.81053387367,3233.81053387367,3233.81053387367,3240.38001080171,3244.74032557454,3244.74032557454,3244.74032557454,4972.9719375932,4972.9719375932,4972.9719375932
52,"BRB","Barbados",10.8777967284814,10.8777967284814,10.8777967284814,10.8777967284814,10.8777967284814,10.8777967284814,11.2095245026802,11.2095245026802,11.2095245026802,11.2095245026802,11.2095245026802,11.2095245026802,11.2095245026802,11.2095245026802,11.2095245026802,11.2095245026802,11.2095245026802,11.2095245026802
112,"BLR","Belarus",NA,NA,NA,NA,NA,NA,NA,NA,NA,NA,NA,NA,NA,NA,NA,NA,NA,NA
56,"BEL","Belgium",1096.74168929887,1096.74168929887,1096.74168929887,1096.74168929887,1100.74929941239,1100.74929941239,1104.92079603305,1124.14534091144,1124.14534091144,1262.46387925279,1262.46387925279,1262.46387925279,1262.46387925279,1262.6249775053,1262.6249775053,1262.6249775053,1262.6249775053,1262.6249775053
84,"BLZ","Belize",1906.8755474374,2408.1722466701,2408.1722466701,2440.05649461951,2494.67580998298,2494.67580998298,2494.67580998298,2494.67580998298,2494.67580998298,2494.67580998298,2494.67580998298,2494.67635857455,2494.67635857455,3670.07180445769,3670.07180445769,3670.07180445769,3670.07180445769,3670.07180445769
204,"BEN","Benin",0,0,0,0,0,0,0,0,0,0,0,0,0,0,0,0,0,0
60,"BMU","Bermuda",143.334371452754,149.051672881628,149.051672881628,149.051672881628,149.051672881628,149.051672881628,149.051672881628,149.051672881628,149.051672881628,149.051672881628,149.051672881628,149.051672881628,149.051672881628,149.051672881628,149.051672881628,149.051672881628,149.051672881628,149.051672881628
64,"BTN","Bhutan",NA,NA,NA,NA,NA,NA,NA,NA,NA,NA,NA,NA,NA,NA,NA,NA,NA,NA
68,"BOL","Bolivia",NA,NA,NA,NA,NA,NA,NA,NA,NA,NA,NA,NA,NA,NA,NA,NA,NA,NA
70,"BIH","Bosnia and Herzegovina",NA,NA,NA,NA,NA,NA,NA,NA,NA,NA,NA,NA,NA,NA,NA,NA,NA,NA
72,"BWA","Botswana",NA,NA,NA,NA,NA,NA,NA,NA,NA,NA,NA,NA,NA,NA,NA,NA,NA,NA
76,"BRA","Brazil",175544.212156358,177503.692157009,177723.552255092,178238.367186485,181824.064302723,181824.064302723,182573.787987791,182573.787987791,182599.927831803,182599.927831803,182893.94634027,182893.94634027,182893.94634027,182893.94634027,182924.043220716,183121.358337999,183122.968789432,183122.968789432
92,"VGB","British Virgin Islands",44.3622958008826,44.3622958008826,44.3622958008826,44.3622958008826,44.3622958008826,44.3622958008826,44.3622958008826,44.3622958008826,44.3622958008826,44.3622958008826,44.3622958008826,44.3622958008826,44.3622958008826,44.3622958008826,44.3622958008826,44.3622958008826,44.3622958008826,44.3622958008826
96,"BRN","Brunei Darussalam",16.6769252849655,16.6769252849655,16.6769252849655,16.6769252849655,16.6769252849655,16.6769252849655,16.6769252849655,16.6769252849655,16.6769252849655,16.6769252849655,16.6769252849655,16.6769252849655,16.6769252849655,16.6769252849655,16.6769252849655,16.6769252849655,16.6769252849655,16.6769252849655
100,"BGR","Bulgaria",4.04299055886333,4.04299055886333,9.5291907847716,10.6353321366726,88.3446848739667,109.117195379303,110.986030254945,1903.28375592217,2232.26468718547,2232.26468718547,2232.26468718547,2232.26468718547,2232.26468718547,2793.03664195856,2793.03664195856,2793.03664195856,2793.03664195856,2793.03664195856
854,"BFA","Burkina Faso",NA,NA,NA,NA,NA,NA,NA,NA,NA,NA,NA,NA,NA,NA,NA,NA,NA,NA
108,"BDI","Burundi",NA,NA,NA,NA,NA,NA,NA,NA,NA,NA,NA,NA,NA,NA,NA,NA,NA,NA
116,"KHM","Cambodia",62.9928585535078,62.9928585535078,62.9928585535078,62.9928585535078,62.9928585535078,62.9928585535078,62.9928585535078,62.9928585535078,62.9928585535078,62.9928585535078,62.9928585535078,62.9928585535078,62.9928585535078,62.9928585535078,62.9928585535078,62.9928585535078,62.9928585535078,62.9928585535078
120,"CMR","Cameroon",0,0,0,0,0,0,0,0,0,0,0,0,0,0,0,0,0,0
124,"CAN","Canada",23360.4072691149,25031.0706298438,25065.8586510683,25066.4812616777,28156.6855596288,30552.1075498235,31929.1844711814,32243.0940868027,33537.8459678717,42036.540477044,42086.1519428978,51067.0215708728,51149.9422763323,51150.263940092,51477.3078726516,51477.3079429187,51477.3079429187,51477.3079429187
132,"CPV","Cape Verde",0,0,0,0,0,0,0,0,0,0,0,0,0,0,0,0,0,0
136,"CYM","Cayman Islands",80.4937375909222,80.4937375909222,80.4937375909222,86.6437476929649,92.4831721856823,92.4831721856823,92.4831721856823,92.4831721856823,98.3885708968917,98.3885708968917,98.3885708968917,98.3885708968917,98.3885708968917,98.3885708968917,98.3885708968917,98.3885708968917,98.3885708968917,98.3885708968917
140,"CAF","Central African Republic",NA,NA,NA,NA,NA,NA,NA,NA,NA,NA,NA,NA,NA,NA,NA,NA,NA,NA
148,"TCD","Chad",NA,NA,NA,NA,NA,NA,NA,NA,NA,NA,NA,NA,NA,NA,NA,NA,NA,NA
152,"CHL","Chile",382.615534620489,383.630812893851,383.630812893851,383.630812893851,397.998238495633,1032.83951814273,30114.2867006786,30156.7676062393,30157.9592680296,30157.9592680296,30157.9592680296,180862.50316605,180862.50316605,180862.50316605,180862.50316605,180862.50316605,181086.507436936,481329.467630041
156,"CHN","China",26150.9933070958,26316.9547575054,26316.9547575054,28426.6447294358,28426.6447294358,28914.1768823985,28914.1768823985,28914.1768823985,28914.1768823985,29349.3366899847,29349.3366899847,29349.3366899847,29349.3366899847,29349.3366899847,29910.5486000304,29910.5486000304,30267.7101664926,30267.7101664926
170,"COL","Colombia",12381.6554688131,12737.0182928442,12737.0182928442,12737.0182928442,12737.0182928442,12795.9772801281,12795.9772801281,12795.9772801281,12795.9772801281,12795.9772801281,12795.9772801281,13255.7271011685,13255.7271011685,13255.7271011685,14950.1146017989,15067.5347603306,15067.5347603306,15067.5347603306
174,"COM","Comoros",NA,NA,37.4493051740657,37.4493051740657,37.4493051740657,37.4493051740657,37.4493051740657,37.4493051740657,37.4493051740657,37.4493051740657,37.4493051740657,37.4493051740657,37.4493051740657,37.4493051740657,37.4493051740657,37.4493051740657,37.4493051740657,37.4493051740657
184,"COK","Cook Islands",11.3741566859812,14.9819351351684,14.9819351351684,14.9819351351684,14.9819351351684,14.9819351351684,14.9819351351684,14.9819351351684,14.9819351351684,14.9819351351684,14.9819351351684,14.9819351351684,14.9819351351684,14.9819351351684,14.9819351351684,14.9819351351684,14.9819351351684,14.9819351351684
188,"CRI","Costa Rica",4106.09134411173,4106.09134411173,4106.09134411173,4106.09134411173,4106.09134411173,4106.09134411173,4106.09134411173,4106.09134411173,4106.09134411173,4106.09134411173,4106.09134411173,4106.09134411173,4106.09134411173,4106.09134411173,4106.09134411173,4106.09134411173,4106.09134411173,4106.09134411173
384,"CIV","Cote d'Ivoire",154.128688877849,154.128688877849,154.128688877849,154.128688877849,154.128688877849,154.128688877849,284.956991871974,284.956991871974,284.956991871974,284.956991871974,284.956991871974,284.956991871974,284.956991871974,284.956991871974,284.956991871974,284.956991871974,284.956991871974,284.956991871974
191,"HRV","Croatia",470.973011201771,471.016624399218,471.016624399218,471.016624399218,471.016624399218,471.016624399218,471.016624399218,611.629894964437,611.629894964437,611.629894964437,611.629894964437,611.629894964437,611.629894964437,611.629894964437,4855.70828388611,4855.70828388611,4866.49548189726,4866.49548189726
192,"CUB","Cuba",632.902482407097,4384.28985026956,6102.51678550707,7973.8625492813,7973.8625492813,7973.8625492813,7973.8625492813,7973.8625492813,7973.8625492813,8553.75236946475,8553.75236946475,11298.4295453053,11298.4295453053,15982.6031570242,15982.6031570242,15982.6031570242,15982.6031570242,15982.6031570242
531,"CUW","Curacao",2.96000055379204,2.96000055379204,2.96000055379204,2.96000055379204,2.96000055379204,2.96000055379204,2.96000055379204,2.96000055379204,2.96000055379204,2.96000055379204,2.96000055379204,2.96000055379204,2.96000055379204,2.96000055379204,3.30982433294446,3.30982433294446,3.30982433294446,3.30982433294446
196,"CYP","Cyprus",9.1218352619744,50.4569707308074,50.4569707308074,50.4569707308074,50.4569707308074,50.4569707308074,50.4608721559289,50.4608721559289,50.4608721559289,128.611841126371,128.611841255095,128.611841255095,128.611841255095,128.611841255095,128.611841255095,128.611841255095,128.611841255095,128.611841255095
203,"CZE","Czech Republic",NA,NA,NA,NA,NA,NA,NA,NA,NA,NA,NA,NA,NA,NA,NA,NA,NA,NA
180,"COD","Dem. Rep. Congo",63.8325982564167,63.8325982564167,63.8325982564167,63.8325982564167,63.8325982564167,63.8325982564167,63.8325982564167,63.8325982564167,63.8325982564167,63.8325982564167,63.8325982564167,63.8325982564167,63.8325982564167,63.8325982564167,63.8325982564167,63.8325982564167,63.8325982564167,63.8325982564167
208,"DNK","Denmark",16451.1398875527,16451.1398875527,16451.1398875527,17047.7452225264,17047.7452225264,17047.7452225264,17047.8280329462,17047.8280331331,17056.4818684518,17056.4818684518,18578.857023435,18578.9966023753,18578.9966023753,18578.9966023753,18578.9966023753,18578.9966023753,18579.2453305064,18579.2453305064
262,"DJI","Djibouti",NA,NA,NA,12.4499192264229,12.4499192264229,12.4499192264229,12.4499192264229,12.4499192264229,12.4499192264229,12.4499192264229,12.4499192264229,12.4499192264229,12.4499192264229,12.4499192264229,12.4499192264229,12.4499192264229,12.4499192264229,12.4499192264229
212,"DMA","Dominica",10.6370006899317,10.6370006899317,10.6370006899317,10.6370006899317,10.6370006899317,10.6370006899317,10.6370006899317,10.6370006899317,10.6370006899317,10.6370006899317,10.6370006899317,10.6370006899317,10.6370006899317,10.6370006899317,10.6370006899317,10.6370006899317,10.6370006899317,10.6370006899317
214,"DOM","Dominican Republic",1870.58124418473,24499.8401202313,24499.8401202313,25128.7634076996,25128.7634076996,25128.7634076996,25128.7634076996,25128.7634076996,25128.7634076996,25128.7634076996,25128.7634076996,25128.7634076996,25128.7634076996,25128.7634076996,25128.7634076996,25128.8328700597,25128.8328700597,25128.8328700597
218,"ECU","Ecuador",139215.066482093,139230.593503465,139230.593503465,139230.593503465,139488.093675568,139488.093675568,139488.093675568,139488.093675568,139488.093675568,140647.656825561,140647.656825561,140647.656825561,140671.929228482,140803.272634801,140803.272634801,140803.272634801,140803.272634801,140803.272634801
818,"EGY","Egypt",3449.63086928668,3449.63086928668,3449.63086928668,3449.63086928668,5499.65864531641,5499.65864531641,5499.65864531641,7165.88344033754,7165.88344033754,7165.88344033754,7165.88344033754,7497.2643790052,7497.2643790052,7497.2643790052,7497.2643790052,7497.2643790052,7497.2643790052,7497.2643790052
222,"SLV","El Salvador",NA,NA,NA,NA,NA,NA,290.190326149615,290.190326149615,517.008123472941,517.008123472941,517.008123472941,517.008123472941,676.403133210538,676.403133210538,676.403133210538,676.403133210538,676.403133210538,676.403133210538
226,"GNQ","Equatorial Guinea",NA,596.822390500531,596.822390500531,596.822390500531,688.129590239053,688.129590239053,688.129590239053,688.129590239053,688.129590239053,688.129590239053,688.129590239053,688.129590239053,688.129590239053,688.129590239053,688.129590239053,688.129590239053,688.129590239053,688.129590239053
232,"ERI","Eritrea",0,0,0,0,0,0,0,0,0,0,0,0,0,0,0,0,0,0
233,"EST","Estonia",9918.76543328918,9918.76543328918,9918.76811611455,9918.76811611455,9918.78051419308,12346.0943940081,12349.1818730577,12349.2453322598,12352.0834777851,12356.977815281,12357.004029667,12503.8402350963,12566.087053925,12566.0874165589,12566.0874169038,12566.0874168594,12566.0874166837,12566.0874166837
231,"ETH","Ethiopia",NA,NA,NA,NA,NA,NA,NA,NA,NA,NA,NA,NA,NA,NA,NA,NA,NA,NA
234,"FRO","Faeroe Islands",NA,NA,NA,NA,NA,NA,NA,NA,NA,NA,NA,NA,NA,31.8364816276383,31.8364816276383,31.8364816276383,31.8364816276383,31.8364816276383
238,"FLK","Falkland Islands",0.956482455302997,0.956482455302997,46.9050138547951,46.9050138547951,46.9050138547951,46.9050138547951,46.9050138547951,46.9050138547951,46.9050138547951,46.9050138547951,46.9050138547951,46.9050138547951,46.9050138547951,46.9050138547951,46.9050138547951,46.9050138547951,46.9050138547951,46.9050138547951
242,"FJI","Fiji",417.365973229292,766.297167329626,2335.2137046828,2503.20595448039,6773.71446668993,10569.5388461428,10834.832322079,11752.2986968917,12122.6274728126,12122.6274728126,12122.6274728126,12122.6274728126,12122.6274728126,12122.6274728126,12122.6274728126,12122.6274728126,12122.6274728126,12122.6274728126
246,"FIN","Finland",27175.1355173459,27184.3349103142,27186.9633350066,27187.7733406899,27189.5389160557,27193.7681633493,27253.6524491517,27258.6144251001,27260.0985191759,27261.9702077849,27451.3197747761,27452.6893993534,28067.0096114387,28072.1497446559,28073.1219080787,28074.6821411246,28084.9910770675,28084.9910770675
250,"FRA","France",16948.3881924249,16950.8713730726,16970.9730023266,16970.9730023266,18456.4525474494,23078.0953497889,23306.2990242776,36677.4202195057,39864.74419161,44150.5665994962,44150.5665994962,44150.5665994962,46686.68915054,49367.6038608685,49367.6038608685,49585.2396687581,49613.2817203174,49613.2817203174
254,"GUF","French Guiana",667.921219147929,667.921219147929,667.921219147929,667.921219147929,667.921219147929,667.921219147929,667.921219147929,667.921219147929,667.921219147929,705.858943958924,705.858943958924,705.858943958924,705.858943958924,705.858943958924,705.858943958924,705.858943958924,705.858943958924,705.858943958924
258,"PYF","French Polynesia",106.90109251175,106.90109251175,106.90109251175,106.90109251175,106.90109251175,106.90109251175,106.90109251175,106.90109251175,106.90109251175,106.90109251175,106.90109251175,106.90109251175,106.90109251175,106.90109251175,106.90109251175,106.90109251175,106.90109251175,106.90109251175
266,"GAB","Gabon",NA,NA,NA,239.868569564813,1273.3486047035,1273.3486047035,1273.3486047035,1273.3486047035,1589.68036875144,1589.68036875144,1589.68036875144,1589.68036875144,1589.68036875144,1589.68036875144,1589.68036875144,1589.68036875144,1589.68036875144,1589.68036875144
270,"GMB","Gambia",NA,NA,NA,NA,9.64614417640741,9.64614417640741,9.64614417640741,9.64614417640741,9.64614417640741,9.64614417640741,9.64614417640741,9.64614417640741,9.64614417640741,9.64614417640741,9.64614417640741,9.64614417640741,9.64614417640741,9.64614417640741
268,"GEO","Georgia",172.02184925245,172.02184925245,172.02184925245,172.02184925245,172.02184925245,172.02184925245,172.02184925245,172.02184925245,172.02184925245,172.02184925245,172.02184925245,172.02184925245,172.02184925245,172.02184925245,172.02184925245,172.02184925245,172.02184925245,172.02184925245
276,"DEU","Germany",10276.7543556895,11923.1633478126,11923.7090707771,11923.7090707771,12217.3067760238,23554.4314053481,23567.4338149651,23709.0977846394,24757.9530246315,25456.6719565791,25457.1606088285,25457.549120686,25457.5491888687,25457.5491888687,25457.5491888687,25457.5491390473,25457.5491390473,25457.5491390473
288,"GHA","Ghana",258.154732379327,258.154732379327,258.154732379327,258.154732379327,258.154732379327,258.154732379327,258.154732379327,258.154732379327,258.154732379327,258.154732379327,258.154732379327,258.154732379327,258.154732379327,258.154732379327,258.154732379327,258.154732379327,258.154732379327,258.154732379327
292,"GIB","Gibraltar",NA,NA,NA,NA,NA,54.6492242845193,54.6492242845193,54.6492242845193,54.6492242845193,54.6492242845193,54.6492242845193,54.6492242845193,54.6492242845193,54.6492242845193,54.6492242845193,54.6492242845193,54.6492242845193,54.6492242845193
300,"GRC","Greece",5981.96611586054,5985.06240362655,6148.5426753625,6416.60694410796,6416.6229191071,6416.6229191071,6416.6229191071,6429.02924121619,6429.02924182273,6784.11363669577,7079.84604404948,7202.65921244842,7202.65921244842,7202.65921244842,7202.65921244842,7202.65921244842,7202.65921244842,7202.65921244842
304,"GRL","Greenland",96136.3811743723,96136.3811743723,96136.3811743723,96136.3811743723,96517.031761627,96517.031761627,96517.031761627,96517.031761627,96517.031761627,96517.031761627,96517.031761627,96517.031761627,96663.6492552179,96663.6492552179,96663.6492552179,96663.6492552179,96663.6492552179,96663.6492552179
308,"GRD","Grenada",4.05305096020199,4.05305096020199,4.05305096020199,4.05305096020199,4.05305096020199,4.05305096020199,4.05305096020199,4.05305096020199,4.05305096020199,4.05305096020199,10.0037830232796,10.0037830232796,10.0037830232796,12.6725151648052,12.6725151648052,12.6725151648052,12.6725151648052,12.6725151648052
312,"GLP","Guadeloupe",1453.91372534282,1453.91372534282,1453.91372534282,1453.91372534282,1453.91372534282,1453.91372534282,1453.91372534282,1453.91372534282,1453.91372534282,1453.91372534282,1453.91372534282,1454.01289092867,1454.01289092867,1454.04054195791,1454.04054195791,1454.04054195791,1454.04054195791,1454.04054195791
316,"GUM","Guam",17.6464497559968,17.6464497559968,17.6464497559968,17.6464497559968,17.6464497559968,17.6464497559968,17.6464497559968,17.6464497559968,17.6464497559968,17.6464497559968,17.6464497559968,17.6464497559968,17.6464497559968,17.6464497559968,17.6464497559968,17.6464497559968,17.6464497559968,17.6464497559968
320,"GTM","Guatemala",17.8126647242375,932.112750586402,933.072878517133,933.072878517133,933.072878517133,933.072878517133,946.997874377224,946.997874377224,946.997874377224,946.997874377224,946.997874377224,946.997874377224,946.997874377224,946.997874377224,946.997874377224,946.997874377224,946.997874377224,946.997874377224
324,"GIN","Guinea",583.553915664051,583.553915664051,583.553915664051,583.553915664051,583.553915664051,583.553915664051,583.553915664051,583.553915664051,583.553915664051,583.553915664051,583.553915664051,583.553915664051,583.553915664051,583.553915664051,583.553915664051,583.553915664051,583.553915664051,583.553915664051
624,"GNB","Guinea-Bissau",9171.65883472318,9347.34432223772,9347.34432223772,9347.34432223772,9347.34432223772,9347.34432223772,9347.34432223772,9347.34432223772,9347.34432223772,9347.34432223772,9347.34432223772,9347.34432223772,9347.34432223772,9347.34432223772,9347.34432223772,9347.34432223772,9351.44557489929,9351.44557489929
328,"GUY","Guyana",NA,NA,NA,NA,NA,NA,NA,NA,NA,NA,NA,NA,1.68976565436833,1.68976565436833,1.68976565436833,1.68976565436833,1.68976565436833,1.68976565436833
332,"HTI","Haiti",0,0,0,0,0,0,0,0,0,0,0,0,0,0,0,0,0,0
336,"VAT","Holy See",NA,NA,NA,NA,NA,NA,NA,NA,NA,NA,NA,NA,NA,NA,NA,NA,NA,NA
340,"HND","Honduras",1512.65673076535,1648.94152548843,1648.94152548843,1648.94152548843,2873.88804246374,2873.88804246374,2960.35006050531,2960.35006050531,2960.35006050531,2960.35006050531,2960.35006050531,2960.35006050531,2960.35006050531,2960.35006050531,9454.32003876773,9454.32003876773,9454.32003876773,9454.32003876773
344,"HKG","Hong Kong",NA,NA,NA,NA,NA,NA,NA,NA,NA,NA,NA,NA,NA,NA,NA,NA,NA,NA
348,"HUN","Hungary",NA,NA,NA,NA,NA,NA,NA,NA,NA,NA,NA,NA,NA,NA,NA,NA,NA,NA
352,"ISL","Iceland",2746.72258682269,2746.74574754922,2746.86603325136,2762.59256145864,2762.59256145864,2762.59256145864,2762.59256145864,2826.50683419092,2827.51545736224,2905.49770843639,2910.05944612677,2910.05944612677,2910.05944612677,2924.53289483266,2924.53289483266,2924.53289483266,2924.53289483266,2924.53289483266
356,"IND","India",3410.5674638379,3410.5674638379,13012.9697614058,13659.3234614215,13659.3234614215,13659.3234614215,13659.3234614215,13659.3234614215,13659.3234614215,13659.3234614215,13659.3234614215,13659.3234614215,13659.3234614215,13659.3234614215,13659.3234614215,13659.3234614215,13659.3234614215,13659.3234614215
360,"IDN","Indonesia",18932.6301008092,19393.7648743536,26302.1420935459,60163.2653252345,62258.0225800522,68470.2879713712,71860.6524215566,77096.6272278508,97225.6044570433,104024.757606738,145274.089578952,147815.097586922,163437.760613721,166831.728566684,173882.547683851,173882.547683851,173882.547683851,173882.547683851
364,"IRN","Iran",1720.20674671511,1720.20674671511,1840.33174458015,1840.33174458015,1844.43745231084,1844.43745231084,1844.43745231084,1844.43745231084,1844.43745231084,1844.43745231084,1844.43745231084,1844.43745231084,1844.43745231084,1844.43745231084,1844.43745231084,1844.43745231084,1844.43745231084,1844.43745231084
368,"IRQ","Iraq",NA,NA,NA,NA,NA,NA,NA,NA,NA,NA,NA,NA,NA,NA,NA,NA,NA,NA
372,"IRL","Ireland",2342.39986902063,2357.53605331813,3930.97252490845,3931.05828134252,3933.39064601441,3948.30971208909,3949.97447230409,6496.35227806016,6508.58670614816,6510.29476516216,6516.10240247,6603.52448373407,9292.84230235835,9938.55536375898,9938.55536372161,9938.55536372161,9968.31318806781,9968.31318806781
833,"IMN","Isle of Man",NA,NA,NA,NA,NA,NA,NA,NA,NA,NA,NA,NA,NA,NA,NA,NA,NA,NA
376,"ISR","Israel",5.20522382659473,5.20522382659473,5.20522382659473,5.20522382659473,5.8779426481758,5.8779426481758,6.41285051289812,6.41285051289812,6.41285051289812,8.02312785539612,8.02312785539612,8.02312785539612,8.02312785539612,8.02312785539612,8.02312785539612,8.02312785539612,8.02312785539612,8.02312785539612
380,"ITA","Italy",5741.44068391906,5741.51479357017,28974.4652947961,29030.5813162488,29371.1598358884,29395.0234420426,29920.1465967951,29923.6840346835,29993.5121649427,29993.512224173,30128.9889204586,30162.3937360622,30168.4665665663,30168.4682319879,30188.1953585308,30188.1953585308,30188.1953585308,30188.1953585308
388,"JAM","Jamaica",1824.29533116535,1824.29533116535,1824.29533116535,1824.29533116535,1824.29533116535,1824.29533116535,1838.56576452707,1838.56576452707,1838.56576452707,1838.56576452707,1857.03397598533,1857.84555878581,1857.84555878581,1857.84555878581,1857.84555878581,1857.84555878581,1857.84555878581,1857.84555878581
392,"JPN","Japan",276320.560580807,276320.560580794,276327.178835238,276490.00396481,285036.221248574,286911.394764273,287018.097975854,287018.107537026,287083.784730228,287103.828259713,287107.293432491,287108.899441239,287108.89944144,287388.484129102,310481.717639357,311303.688983709,311303.688983704,311303.688983704
400,"JOR","Jordan",30.8349519590047,30.8349519590047,30.8349519590047,30.8349519590047,30.8349519590047,30.8349519590047,30.8349519590047,30.8349519590047,30.8349519590047,30.8349519590047,30.8349519590047,30.8349519590047,30.8349519590047,30.8349519590047,30.8349519590047,30.8349519590047,30.8349519590047,30.8349519590047
398,"KAZ","Kazakhstan",1011.57392674318,1011.57392674318,1011.57392674318,1011.57392674318,1011.57392674318,1011.57392674318,1011.57392674318,1011.57392674318,1011.57392674318,1011.57392674318,1011.57392674318,1011.57392674318,1011.57392674318,1011.57392674318,1011.57392674318,1011.57392674318,1011.57392674318,1011.57392674318
404,"KEN","Kenya",1191.02721036741,1191.02721036741,1191.02721036741,1191.02721036741,1191.02721036741,1194.27313901238,1194.49451673188,1194.49451673188,1194.49451673188,1194.49451673188,1197.27463620748,1197.27463620748,1203.33992362384,1306.51150450367,1306.51150450367,1306.51150450367,1306.51150450367,1306.51150450367
296,"KIR","Kiribati",619.915006384856,619.915006384856,619.915006384856,619.915006384856,619.915006384856,619.915006384856,619.915006384856,387900.918376288,387900.918376288,387900.918376288,387900.918376288,387900.918376288,387900.918376288,387900.918376288,387900.918376288,387900.918376288,387900.918376288,387900.918376288
689,"XKX","Kosovo",NA,NA,NA,NA,NA,NA,NA,NA,NA,NA,NA,NA,NA,NA,NA,NA,NA,NA
414,"KWT","Kuwait",13.2894908386812,13.2894908386812,13.2894908386812,13.2894908386812,13.2894908386812,13.2894908386812,13.2894908386812,13.2894908386812,13.2894908386812,13.2894908386812,13.2894908386812,126.111860069768,126.111860069768,126.111860069768,126.111860069768,126.111860069768,126.111860069768,126.111860069768
417,"KGZ","Kyrgyzstan",NA,NA,NA,NA,NA,NA,NA,NA,NA,NA,NA,NA,NA,NA,NA,NA,NA,NA
418,"LAO","Laos",NA,NA,NA,NA,NA,NA,NA,NA,NA,NA,NA,NA,NA,NA,NA,NA,NA,NA
428,"LVA","Latvia",266.627703461869,266.627703461869,266.627703461869,682.573279984144,682.573279984144,685.304549089155,685.304549089155,685.304549089155,685.304549089155,685.304549089155,685.304549089155,4631.47491939719,4631.47490050444,4631.47490050444,4632.53042464176,4632.53042464176,4632.53042464176,4632.53042464176
422,"LBN","Lebanon",0.0673403927016714,0.0673403927016714,0.0673403927016714,0.0673403927016714,0.0673403927016714,0.0673403927016714,0.0673403927016714,0.0673403927016714,0.0673403927016714,0.0673403927016714,0.0673403927016714,0.0673403927016714,0.0673403927016714,0.0673403927016714,0.0673403927016714,0.0673403927016714,0.0673403927016714,0.0673403927016714
426,"LSO","Lesotho",NA,NA,NA,NA,NA,NA,NA,NA,NA,NA,NA,NA,NA,NA,NA,NA,NA,NA
430,"LBR","Liberia",NA,NA,NA,NA,204.531168647541,204.531168647541,204.531168647541,267.758070762777,267.758070762777,267.758070762777,267.758070762777,267.758070762777,267.758070762777,267.758070762777,267.758070762777,267.758070762777,267.758070762777,267.758070762777
434,"LBY","Libya",9.88483279179395,9.88483279179395,9.88483279179395,9.88483279179395,9.88483279179395,9.88483279179395,9.88483279179395,9.88483279179395,9.88483279179395,9.88483279179395,9.88483279179395,9.88483279179395,9.88483279179395,9.88483279179395,9.88483279179395,9.88483279179395,9.88483279179395,9.88483279179395
438,"LIE","Liechtenstein",NA,NA,NA,NA,NA,NA,NA,NA,NA,NA,NA,NA,NA,NA,NA,NA,NA,NA
440,"LTU","Lithuania",240.342069030961,240.342069030961,240.342069030961,240.342069030961,240.342069030961,537.005225348705,679.239342230759,679.239342230759,679.239342230759,679.239342230759,682.083927739714,682.083927739714,682.083927739714,682.083927739714,1000.11776027326,1000.11776027326,1315.60371161636,1315.60371161636
442,"LUX","Luxembourg",NA,NA,NA,NA,NA,NA,NA,NA,NA,NA,NA,NA,NA,NA,NA,NA,NA,NA
446,"MAC","Macao",NA,NA,NA,NA,NA,NA,NA,NA,NA,NA,NA,NA,NA,NA,NA,NA,NA,NA
807,"MKD","Macedonia",NA,NA,NA,NA,NA,NA,NA,NA,NA,NA,NA,NA,NA,NA,NA,NA,NA,NA
450,"MDG","Madagascar",158.812017165797,158.812017165797,1538.85499459889,1538.85499459889,1538.85499459889,1538.85499459889,1538.85499459889,2664.23524412228,2664.23524412228,3288.23302373516,3831.00298743481,4175.63921033342,5732.80943619162,5735.67548709319,5735.67548709319,5735.67548709319,5735.67548709319,5735.67548709319
454,"MWI","Malawi",NA,NA,NA,NA,NA,NA,NA,NA,NA,NA,NA,NA,NA,NA,NA,NA,NA,NA
458,"MYS","Malaysia",2814.6548444531,2833.75256463413,2833.75256463413,2833.75256463413,2849.77800053133,2849.77800053133,2869.44030995923,2869.44030995923,2869.44030995923,3200.41889613464,3200.41889613464,3200.41889613464,3200.41889613464,3200.41889613464,3200.41889613464,3200.41889613464,3200.41889613464,3200.41889613464
462,"MDV","Maldives",264.747923402548,264.747923402548,264.747923402548,264.747923402548,264.747923402548,271.319065635411,271.319065635411,289.746506008888,289.746506008888,289.746506008888,368.595257982215,368.595257982215,478.427933768687,480.051522765984,480.051522765984,480.051522765984,480.051522765984,480.051522765984
466,"MLI","Mali",NA,NA,NA,NA,NA,NA,NA,NA,NA,NA,NA,NA,NA,NA,NA,NA,NA,NA
470,"MLT","Malta",12.9947536743935,12.9947536743935,12.9947536743935,12.9947536743935,12.9947536743935,13.0167863345806,21.0737986723112,21.1237589382053,21.1237589382053,21.1237589382053,21.1237589382053,187.836790669473,187.836790669473,187.836790669473,187.836790669473,187.836790669473,187.836790669473,3488.09614374181
584,"MHL","Marshall Islands",93.9721691109719,93.9721691109719,93.9721691109719,3739.82855679614,3739.82855679614,3778.90062060595,3778.90062060595,4727.69156914746,4727.69156914746,4727.69156914746,4727.69156914746,4744.1820619835,4744.1820619835,4745.70066493981,4746.32628904771,4746.32628904771,4746.32628904771,4746.32628904771
474,"MTQ","Martinique",NA,NA,NA,NA,NA,NA,NA,NA,NA,NA,NA,NA,NA,NA,NA,NA,NA,NA
478,"MRT","Mauritania",6416.70498552587,6427.71743324486,6427.71743324486,6427.71743324486,6427.71743324486,6427.71743324486,6427.71743324486,6427.71743324486,6427.71743324486,6427.71743324486,6427.71743324486,6427.71743324486,6427.71743324486,6427.71743324486,6427.71743324486,6427.71743324486,6427.71743324486,6427.71743324486
480,"MUS","Mauritius",0.83586105648997,8.68925641639823,8.68925641639823,8.68925641639823,8.68925641639823,8.68925641639823,8.68925641639823,8.68925641639823,8.68925641639823,8.68925641639823,8.68925641639823,8.68925641639823,8.68925641639823,8.68925641639823,8.68925641639823,8.68925641639823,8.68925641639823,8.68925641639823
175,"MYT","Mayotte",NA,NA,NA,NA,NA,NA,NA,NA,0.261459605837889,0.261459605837889,0.261459605837889,66020.5603956609,66020.5603956609,66020.5603956609,66020.5603956609,66020.5603956609,66020.5603956609,66020.5603956609
484,"MEX","Mexico",25247.6711867539,37860.9089814377,37860.9089814377,38160.9335343234,39582.907917571,53693.0481148949,59113.9953817372,59650.0943703067,63891.7465511337,65124.0653816007,68947.1941822809,69072.9953042349,69074.8784675035,69248.3530685366,69248.3530685366,69248.3530685366,69248.3530685366,709419.616669683
583,"FSM","Micronesia",418.894788509831,418.894788509831,418.894788509831,418.894788509831,418.894788509831,418.894788509831,420.654422519006,420.654422519006,421.811236620839,421.811236620839,421.811236620839,421.811236620839,421.811236620839,421.811236620839,421.811236620839,421.811236620839,421.811236620839,421.811236620839
498,"MDA","Moldova",NA,NA,NA,NA,NA,NA,NA,NA,NA,NA,NA,NA,NA,NA,NA,NA,NA,NA
492,"MCO","Monaco",0.173688277284741,0.173688277284741,0.173688277284741,0.173688277284741,0.173688277284741,0.173688277284741,0.173688277284741,0.173688277284741,0.173688277284741,0.173688277284741,0.173688277284741,0.173688277284741,0.173688277284741,0.173688277284741,0.173688277284741,0.173688277284741,0.173688277284741,0.173688277284741
496,"MNG","Mongolia",NA,NA,NA,NA,NA,NA,NA,NA,NA,NA,NA,NA,NA,NA,NA,NA,NA,NA
499,"MNE","Montenegro",NA,NA,NA,NA,NA,NA,NA,NA,NA,NA,NA,NA,NA,NA,0.396362007147656,0.396362007147656,0.396362007147656,0.396362007147656
500,"MSR","Montserrat",NA,NA,NA,NA,NA,NA,NA,NA,NA,NA,NA,NA,NA,NA,NA,NA,NA,NA
504,"MAR","Morocco",154.666023758056,154.666023758056,154.666023758056,154.666023758056,163.160384264498,350.897382960571,389.35115538525,496.776290621184,496.776290621184,496.776290621184,496.776290621184,496.776290621184,496.776290621184,499.181015339591,499.181015339591,499.181015339591,499.181015339591,499.181015339591
508,"MOZ","Mozambique",1257.01175830399,1257.01175830399,1257.01175830399,1432.71615389681,1432.71615389681,1799.16637368393,1799.16637368393,1799.16637368393,1799.16637368393,1799.16637368393,1799.16637368393,1799.16637368393,1799.16637368393,12759.2123647651,12759.2123647651,12759.2123647651,12759.2123647651,12759.2123647651
104,"MMR","Myanmar",251.944512453613,251.944512453613,251.944512453613,251.944512453613,251.944512453613,251.944512453613,251.944512453613,251.944512453613,251.944512453613,251.944512453613,251.944512453613,251.944512453613,251.944512453613,251.944512453613,251.944512453613,251.944512453613,251.944512453613,251.944512453613
516,"NAM","Namibia",20.8105388422316,20.8105388422316,20.8105388422316,20.8105388422316,20.8105388422316,20.8105388422316,20.8105388422316,20.8105388422316,20.8105388422316,20.8105388422316,9484.32369254932,9484.32369254932,9484.32369254932,9484.32369254932,9484.32369254932,9484.32369254932,9484.32369254932,9484.32369254932
520,"NRU","Nauru",NA,NA,NA,NA,NA,NA,NA,NA,NA,NA,NA,NA,NA,NA,NA,NA,NA,NA
524,"NPL","Nepal",NA,NA,NA,NA,NA,NA,NA,NA,NA,NA,NA,NA,NA,NA,NA,NA,NA,NA
528,"NLD","Netherlands",4271.14441569568,7548.30391043118,7548.30391043118,7548.30391043118,7548.30391043118,7548.30424052758,7548.30424051856,7548.30424051856,7548.30424079467,13604.7826588697,13627.1374871629,13627.1376572942,13627.1376572942,13627.1376572942,13627.1376572942,13627.1376572942,13627.1376572942,13627.1376572942
530,"ANT","Netherlands Antilles",NA,NA,NA,NA,NA,NA,NA,NA,NA,NA,NA,NA,NA,NA,NA,NA,NA,NA
540,"NCL","New Caledonia",630.293509529726,1598.94317984015,1598.94317984015,1598.94317984015,1598.94317984015,1598.94317984015,1598.94317984015,1598.94317984015,1598.94317984015,19582.1625383711,26892.3712256742,26892.3712256742,26892.3712256742,26892.3712256742,29240.6878144594,1317307.52387265,1317307.52387265,1317307.52387265
554,"NZL","New Zealand",7939.8731837097,7939.8731837097,92051.1799049459,92051.1799049459,97049.7455332737,97060.210911286,97159.5652000137,97192.3441077674,1216863.37625175,1216882.68488679,1216882.68488679,1216882.68488679,1216886.38668918,1216886.38668918,1216886.38668918,1217327.88364314,1217327.88364314,1217327.88364314
558,"NIC","Nicaragua",6590.94656925037,6590.94656925037,6848.44595280602,6848.44595280602,6848.44595280602,6848.44595280602,6848.44595280602,6848.44595280602,6848.44595280602,6848.44595280602,6848.44595280602,6848.44595280602,6848.44595280602,6848.44595280602,6848.44595280602,6848.44595280602,6848.44595280602,6848.44595280602
562,"NER","Niger",NA,NA,NA,NA,NA,NA,NA,NA,NA,NA,NA,NA,NA,NA,NA,NA,NA,NA
566,"NGA","Nigeria",29.9367763681195,29.9367763681195,29.9367763681195,29.9367763681195,29.9367763681195,29.9367763681195,29.9367763681195,29.9367763681195,29.9367763681195,29.9367763681195,29.9367763681195,29.9367763681195,29.9367763681195,29.9367763681195,29.9367763681195,29.9367763681195,29.9367763681195,29.9367763681195
570,"NIU","Niue",32.0443217053081,32.0443217053081,32.0443217053081,32.0443217053081,32.0443217053081,32.0443217053081,32.0443217053081,32.0443217053081,32.0443217053081,32.0443217053081,32.0443217053081,32.0443217053081,32.0443217053081,32.0443217053081,32.0443217053081,32.0443217053081,32.0443217053081,32.0443217053081
574,"NFK","Norfolk Island",0.0524017757153616,0.0524017757153616,0.0524017757153616,0.0524017757153616,0.0524017757153616,0.0524017757153616,0.0524017757153616,0.0524017757153616,0.0524017757153616,0.0524017757153616,0.0524017757153616,0.0524017757153616,0.0524017757153616,188996.800908167,188996.800908167,188996.800908167,188996.800908167,188996.800908167
408,"PRK","North Korea",NA,NA,NA,NA,NA,NA,NA,NA,NA,NA,NA,NA,NA,NA,NA,NA,NA,NA
580,"MNP","Northern Mariana Islands",12.9607617524585,20.1778197215025,21.4861017833133,21.4861017833133,21.4861017833133,21.4861017833133,21.4861017833133,21.4861017833133,21.4861017833133,21.4861017833133,207345.255062798,207345.255062798,207345.255062798,207345.255062798,207345.255062798,207345.255062798,207345.255062798,207345.255062798
578,"NOR","Norway",1948.48267380731,1980.26570622562,1980.26570622562,2799.14430955543,2861.30342755839,3150.49827818733,5204.91056616353,5214.17844022457,5214.18946016175,5215.43946327544,5730.39848446069,5840.73688546298,5840.73688546298,6352.0595031145,6742.90050947211,6742.90050947211,6742.93827825432,6742.93827825432
512,"OMN","Oman",677.752211642237,677.752211642237,677.752211642237,677.752211642237,677.752211642237,677.752211642237,677.752211642237,677.752211642237,677.752211642237,677.752211642237,677.752211642237,677.752211642237,677.752211642237,677.752211642237,677.752211642237,677.752211642237,677.752211642237,677.752211642237
586,"PAK","Pakistan",564.678887146846,564.678887146846,1029.55877246501,1997.73148932112,1997.73148932112,1997.73148932112,1997.73148932112,1997.73148932112,1997.73148932112,1997.73148932112,1997.73148932112,1997.73148932112,1997.73148932112,1997.73148932112,1997.73148932112,1997.73148932112,1997.73148932112,1997.73148932112
585,"PLW","Palau",273.930064092762,273.930064092762,273.930064092762,273.930064092762,273.930064092762,273.930064092762,293.572965378153,293.572965378153,293.572965378153,293.572965378153,293.572965378153,293.572965378153,293.572965378153,293.572965378153,293.572965378153,293.572965378153,502754.870259928,502754.870259928
591,"PAN","Panama",3579.56167453953,3579.56167453953,3579.56167453953,3579.56167453953,3866.80323409244,3866.80323409244,3866.80323409244,3866.80323409244,3866.80323409244,3866.80323409244,3866.80323409244,3888.40542401184,3888.40542401184,3888.40542401184,3888.40542401184,3888.40542401184,3888.40542401184,3888.40542401184
598,"PNG","Papua New Guinea",4330.98557491074,4331.88382031324,4331.88382031324,4332.95365775967,4332.95365775967,4332.95365775967,4333.05417069498,4334.00883548321,4334.00883548321,4334.00883548321,4334.00883548321,4334.00883548321,4334.00883548321,4334.00883548321,4334.00883548321,4334.00883548321,4334.00883548321,4334.00883548321
600,"PRY","Paraguay",NA,NA,NA,NA,NA,NA,NA,NA,NA,NA,NA,NA,NA,NA,NA,NA,NA,NA
604,"PER","Peru",2176.77432365578,2176.77432365578,2176.77432365578,2176.77432365578,2176.77432365578,2176.77432365578,2176.77432365578,2176.77432365578,2176.77432365578,2177.77791319772,3546.96156077539,3546.96156077539,3546.96156077539,3546.96156077539,3546.96156077539,3546.96156077539,3546.96156077539,3546.96156077539
608,"PHL","Philippines",23748.4260580477,24533.1412369486,27097.6494964309,27113.8306564331,27282.7456837712,27283.3486004671,27299.0046722532,27310.4092141372,27310.9537892234,27312.0787418069,27312.0787418069,27319.0230968066,27319.0230968066,27353.0635099749,27353.0635099749,27353.0635099749,27353.0635099749,28239.8213376702
612,"PCN","Pitcairn",NA,NA,NA,NA,NA,NA,NA,NA,NA,NA,NA,NA,NA,NA,NA,NA,NA,846005.722075399
616,"POL","Poland",273.217699128334,273.21770080462,1108.9803698863,4332.1972797826,4333.12826970868,4739.86266560237,5405.40075931363,7233.1453405968,7233.21560281305,7233.21560281305,7233.22354837813,7233.22354837813,7233.22354837813,7233.22952221431,7233.22952221431,7233.22952221431,7233.22952221431,7233.22952221431
620,"PRT","Portugal",5298.7324532433,5312.03929550289,5312.03929550289,5312.03929550289,5321.42619317096,5332.60775798095,5335.49229415281,6470.53463650989,10491.1170738513,10597.964719718,10597.964719718,10597.964719718,16297.1853895776,16297.1853895776,16297.1853895776,16297.7060199817,43395.1536082032,43395.1536082032
630,"PRI","Puerto Rico",2985.69922176703,2991.62437091889,3077.85610012079,3077.85610012079,3077.85610012079,3078.60249144923,3078.60249144923,3078.60249144923,3078.60249144923,3078.60249144923,3078.60249144923,3078.60249144923,3078.60249144923,3078.60249144923,3078.60249144923,3078.60249144923,3078.60249144923,3078.60249144923
634,"QAT","Qatar",47.9088565370796,47.9088565370796,47.9088565370796,47.9088565370796,47.9088565370796,47.9088565370796,47.9088565370796,47.9088565370796,47.9088565370796,47.9088565370796,47.9088565370796,47.9088565370796,47.9088565370796,47.9088565370796,47.9088565370796,47.9088565370796,47.9088565370796,47.9088565370796
178,"COG","Republic of Congo",1208.93516575528,1208.93516575528,1208.93516575528,1208.93516575528,1208.93516575528,1208.93516575528,1208.93516575528,1208.93516575528,1208.93516575528,1208.93516575528,1208.93516575528,1208.93516575528,1208.93516575528,1208.93516575528,1208.93516575528,1208.93516575528,1208.93516575528,1208.93516575528
638,"REU","Reunion",NA,NA,NA,NA,NA,NA,NA,NA,33.9576503036005,33.9576503036005,33.9576503036005,33.9576503036005,33.9576503036005,33.9576503036005,33.9576503036005,33.9576503036005,33.9576503036005,33.9576503036005
642,"ROU","Romania",1794.56090403447,1794.56090403447,1794.56090403447,1794.56090403447,1794.56090403447,1794.56090403447,1794.56090403447,2046.3449182511,2262.52851216371,2262.52851216371,2262.52851216371,2262.52851216371,2411.89518798973,2411.89518798973,2411.89518798973,2411.89518798973,2411.89518798973,2411.89518798973
643,"RUS","Russia",222868.773636236,222868.773636236,222868.773636236,223801.423549514,224665.365231734,224665.365231734,224665.365231734,224665.365231734,224665.365231734,224665.365231734,224816.975540657,224816.975540657,224816.975540657,224816.975540657,224816.975540657,224816.975540657,224816.975540657,224816.975540657
646,"RWA","Rwanda",NA,NA,NA,NA,NA,NA,NA,NA,NA,NA,NA,NA,NA,NA,NA,NA,NA,NA
654,"SHN","Saint Helena",NA,NA,NA,NA,NA,NA,NA,NA,NA,NA,NA,NA,NA,NA,NA,NA,NA,NA
659,"KNA","Saint Kitts and Nevis",18.2264415457198,18.2264415457198,18.2264415457198,18.2264415457198,18.2264415457198,18.2264415457198,18.2264415457198,18.2264415457198,18.2264415457198,18.2264415457198,18.2264415457198,18.2264415457198,18.2264415457198,18.2264415457198,18.2264415457198,18.2264415457198,18.2264415457198,18.2264415457198
662,"LCA","Saint Lucia",26.4092877994012,26.4092877994012,26.4092877994012,27.2637235158152,27.2637235158152,27.2637235158152,27.2637235158152,27.2637235158152,37.7971148445843,37.7971148445843,37.7971148445843,37.7971148445843,37.7971148445843,37.7971148445843,37.7971148445843,37.7971148445843,37.7971148445843,37.7971148445843
666,"SPM","Saint Pierre and Miquelon",NA,NA,NA,NA,NA,NA,NA,NA,NA,NA,NA,NA,NA,NA,NA,NA,NA,NA
670,"VCT","Saint Vincent and the Grenadines",82.7253735935255,82.7253735935255,82.7253735935255,82.7253735935255,82.7253735935255,82.7253735935255,82.7253735935255,82.7253735935255,82.7253735935255,82.7253735935255,82.7253735935255,82.7253735935255,82.7253735935255,82.7253735935255,82.7253735935255,82.7253735935255,82.7253735935255,82.7253735935255
882,"WSM","Samoa",114.608310565214,115.46721844374,115.694054805478,116.13173143432,116.690896279903,116.886868986194,117.379417736181,118.545927788002,119.918235784422,119.918235784422,119.918235784422,119.918235784422,119.918235784422,119.918235784422,119.918235784422,119.918235784422,119.918235784422,119.918235784422
674,"SMR","San Marino",NA,NA,NA,NA,NA,NA,NA,NA,NA,NA,NA,NA,NA,NA,NA,NA,NA,NA
678,"STP","Sao Tome and Principe",NA,NA,NA,NA,NA,NA,NA,6.45687600590568,6.45687600590568,6.45687600590568,6.45687600590568,6.45687600590568,6.45687600590568,6.45687587969769,6.45687587969769,6.45687587969769,6.45687587969769,6.45687587969769
682,"SAU","Saudi Arabia",2612.94505490798,2612.94505490798,2612.94505490798,2612.94505490798,2612.94505490798,2612.94505490798,2612.94505490798,2612.94505490798,2612.94505490798,2612.94505490798,2612.94505490798,2612.94505490798,2612.94505490798,2612.94505490798,2612.94505490798,2612.94505490798,2612.94505490798,2612.94505490798
686,"SEN","Senegal",1182.73827641429,1182.73827641429,1182.73827641429,1182.73827641429,1182.73827641429,2020.72067041295,2020.72067041295,2020.72067041295,2020.72067041295,2020.72067041295,2020.72067041295,2020.72067041295,2020.72067041295,2020.72067041295,2020.72067041295,2020.72067041295,2020.72067041295,2020.72067041295
688,"SRB","Serbia",NA,NA,NA,NA,NA,NA,NA,NA,NA,NA,NA,NA,NA,NA,NA,NA,NA,NA
690,"SYC","Seychelles",260.48062261175,260.48062261175,260.48062261175,260.48062261175,260.48062261175,260.696126245673,260.696126245673,260.696126245673,260.696126245673,260.696126245673,260.696126245673,441.678487634148,441.678487634148,441.678487634148,441.678487634148,441.678487634148,441.678487634148,441.678487634148
694,"SLE","Sierra Leone",629.240765925924,629.240765925924,629.240765925924,629.240765925924,629.240765925924,629.240765925924,629.240765925924,629.240765925924,629.240765925924,629.240765925924,629.240765925924,629.240765925924,629.240765925924,884.341482217182,884.341482217182,884.341482217182,884.341482217182,884.341482217182
702,"SGP","Singapore",0,0,0.000139336517673393,0.000139336517673393,0.000139336517673393,0.000139336517673393,0.000139336517673393,0.000139336517673393,0.000139336517673393,0.000139336517673393,0.000139336517673393,0.000139336517673393,0.000139336517673393,0.000139336517673393,0.000139336517673393,0.000139336517673393,0.000139336517673393,0.000139336517673393
534,"SXM","Sint Maarten",16.7629054889033,16.7629054889033,16.7629054889033,16.7629054889033,16.7629054889033,16.7629054889033,16.7629054889033,16.7629054889033,16.7629054889033,16.7629054889033,16.7629054889033,16.7629054889033,16.7629054889033,16.7629054889033,16.7629054889033,16.7629054889033,16.7629054889033,16.7629054889033
703,"SVK","Slovakia",NA,NA,NA,NA,NA,NA,NA,NA,NA,NA,NA,NA,NA,NA,NA,NA,NA,NA
705,"SVN","Slovenia",3.34462647757918,3.34462647757918,3.34462647757918,3.34462647757918,3.34462647757918,148.78386411905,148.78386411905,148.783864583109,148.783864583109,148.783864583109,148.783864583109,148.783864583109,148.783864583109,148.783864583109,148.789656221142,148.789656221142,148.789656221142,148.789656221142
90,"SLB","Solomon Islands",194.634942020962,194.634942020962,194.634942020962,212.871871511272,228.464733341479,240.522490598602,245.733403859722,251.286457831337,981.637440197366,1115.71943309399,1115.71943309399,1115.71943309399,1115.71943309399,1115.71943309399,1115.71943309399,1115.71943309399,1115.71943309399,1115.71943309399
706,"SOM","Somalia",0,0,0,0,0,0,0,0,0,0,0,0,0,0,0,0,0,0
710,"ZAF","South Africa",NA,1924.96623919222,2036.72465906129,2036.72465906129,2036.72465906129,4421.74672473557,4421.74672473557,4421.74672473557,4421.74672473557,4452.38552401627,4452.38552401627,4452.38552401627,4698.37142026296,4698.37142026296,174643.128788947,174643.128788947,174643.128788947,174643.128788947
410,"KOR","South Korea",2994.54469813929,4300.86270941178,4300.86270941178,4312.30916814628,4525.20289031476,4599.11463465372,4599.21355396147,4604.1556755379,4607.82491193157,4815.1417690682,6921.68879285854,6968.46385981254,6968.54472886467,6969.26358125012,7006.11930851976,7041.2451259637,7041.2451259637,7143.75558375793
728,"SSD","South Sudan",NA,NA,NA,NA,NA,NA,NA,NA,NA,NA,NA,NA,NA,NA,NA,NA,NA,NA
724,"ESP","Spain",8440.31409588534,10597.4431272375,10639.095732458,10652.3694399087,10866.7463343188,11069.5300283126,11069.5672508878,11208.136800372,11359.4841196008,13755.3958533972,14216.7646519124,14216.7646519172,14216.7638836786,14216.7638976978,14216.7459543774,73739.2362464666,86071.6981514164,86071.6981514164
144,"LKA","Sri Lanka",311.239894043462,311.239894043462,311.265519980278,313.51979908859,315.554546530152,315.554546530152,336.354977833907,336.354977833907,336.354977833907,336.354977833907,336.354977833907,413.743577149066,413.743577149066,413.743577149066,413.743577149066,413.743577149066,413.743577149066,413.743577149066
275,"PSE","State of Palestine",NA,NA,NA,NA,NA,NA,NA,NA,NA,NA,NA,NA,NA,NA,NA,NA,NA,NA
729,"SDN","Sudan",12.0494650156383,12.0494650156383,12.0494650156383,12.0494650156383,12.0494650156383,12.0494650156383,12.0494650156383,12.0494650156383,12.0494650156383,12.0494650156383,8890.0237815902,8890.0237815902,8890.0237815902,8890.0237815902,8890.0237815902,8890.0237815902,8890.0237815902,8890.0237815902
740,"SUR","Suriname",2096.01227929656,2096.01227929656,2096.01227929656,2096.01227929656,2096.01227929656,2096.01227929656,2096.01227929656,2096.01227929656,2096.01227929656,2096.01227929656,2096.01227929656,2096.01227929656,2096.01227929656,2096.01227929656,2096.01227929656,2096.01227929656,2096.01227929656,2096.01227929656
744,"SJM","Svalbard and Jan Mayen Islands",70311.0287635939,70311.0287635939,70311.0287635939,73093.760649933,77339.2439483052,77339.2439483052,77713.3367393891,77713.3367393891,77713.3367393891,77713.3367393891,77718.701809825,82920.1999328671,82920.1999328671,82935.4165926193,82935.4165926193,82935.4165926193,82935.4165926193,82935.4165926193
748,"SWZ","Swaziland",NA,NA,NA,NA,NA,NA,NA,NA,NA,NA,NA,NA,NA,NA,NA,NA,NA,NA
752,"SWE","Sweden",6429.87568615567,7394.45183840292,7550.13020426049,8559.04522223975,8562.24116758726,8572.56708746883,8722.42195780992,8774.01010937272,9239.1512204427,11441.7263235265,11443.9323505186,11445.7986180391,11626.902495944,12859.4256732115,12999.3628876974,13013.2913535042,13019.5080611509,13019.5080611509
756,"CHE","Switzerland",NA,NA,NA,NA,NA,NA,NA,NA,NA,NA,NA,NA,NA,NA,NA,NA,NA,NA
760,"SYR","Syria",24.5316929243272,24.5316929243272,24.5316929243272,24.5316929243272,24.5316929243272,24.5316929243272,24.5316929243272,24.5316929243272,24.5316929243272,24.5316929243272,24.5316929243272,24.5316929243272,24.5316929243272,24.5316929243272,24.5316929243272,24.5316929243272,24.5316929243272,24.5316929243272
158,"TWN","Taiwan",173.318276956931,173.318276956931,187.339445333408,189.73061300521,189.73061300521,194.39601087621,194.39601087621,194.39968235063,3795.24092434469,3795.24092434469,3813.34326265668,3813.34326265668,3813.34326265668,3814.2481297634,3814.2481297634,3817.44579782983,3817.44579782983,3817.44579782983
762,"TJK","Tajikistan",NA,NA,NA,NA,NA,NA,NA,NA,NA,NA,NA,NA,NA,NA,NA,NA,NA,NA
834,"TZA","Tanzania",797.925679207462,2049.85198979633,2049.85198979633,2049.85198979633,2049.85198979633,5250.43564252063,5250.43564252063,5250.43564252063,5250.43564252063,5250.43564252063,5250.43564252063,5253.36430690048,5253.36430690048,5253.36430690048,5253.36430690048,5253.36430690048,5253.36430690048,5253.36430690048
764,"THA","Thailand",4734.95360137314,4734.95360137314,5210.54489682178,5564.69110981412,5564.69110981412,5564.69110981412,5564.69110981412,5564.69110981412,5564.69110981412,5564.69110981412,5666.9825708952,5666.9825708952,5666.9825708952,5666.9825708952,5666.9825708952,5666.9825708952,5666.9825708952,5666.9825708952
626,"TLS","Timor-Leste",NA,0.0340976366886464,0.0340976366886464,0.0340976366886464,0.0340976366886464,0.0340976366886464,0.0340976366886464,0.0340976366886464,0.176030085440496,586.269222653765,586.269222653765,586.269222653765,586.269222653765,586.269222653765,586.269222653765,586.269222653765,586.269222653765,586.269222653765
768,"TGO","Togo",0,0,0,0,0,0,0,0,0,0,0,0,0,0,0,0,0,0
772,"TKL","Tokelau",5.21604498417942,5.21604498417942,5.21604498417942,5.21604498417942,5.21604498417942,5.21604498417942,5.21604498417942,5.21604498417942,5.21604498417942,5.21604498417942,5.21604498417942,5.21604498417942,5.21604498417942,5.21604498417942,5.21604498417942,5.21604498417942,5.21604498417942,5.21604498417942
776,"TON","Tonga",10020.817259255,10020.817259255,10030.0900731207,10030.0900731207,10030.0900731207,10030.0900731207,10030.0900731207,10030.0900731207,10030.0900731207,10044.3464585761,10044.3464585761,10044.3464585761,10044.3464585761,10044.3464585761,10044.3464585761,10044.3464585761,10044.3464585761,10044.3464585761
780,"TTO","Trinidad and Tobago",9.14595621833389,9.14595621833389,9.14595621833389,9.14595621833389,9.14595621833389,9.14595621833389,40.9773058864481,40.9773058864481,40.9773058864481,40.9773058864481,40.9773058864481,40.9773058864481,40.9773058864481,40.9773058864481,40.9773058864481,40.9773058864481,40.9773058864481,40.9773058864481
788,"TUN","Tunisia",52.888066945739,52.888066945739,135.165741932935,135.165741932935,135.165741932935,135.165741932935,135.165741932935,135.165741932935,548.852641058359,548.852641058359,548.852641058359,548.852641058359,548.852641058359,923.452922762894,923.467021632678,923.467021632678,923.467021632678,923.467021632678
792,"TUR","Turkey",286.433555205464,286.433555205464,286.433555205464,286.433555205464,286.433555205464,286.433555205464,386.46168905984,386.46168905984,386.46168905984,386.46168905984,386.46168905984,386.46168905984,386.46168905984,386.46168905984,386.46168905984,386.46168905984,386.46168905984,386.46168905984
795,"TKM","Turkmenistan",2238.72180866802,2238.72180866802,2238.72180866802,2238.72180866802,2238.72180866802,2238.72180866802,2238.72180866802,2238.72180866802,2238.72180866802,2238.72180866802,2238.72180866802,2238.72180866802,2238.72180866802,2238.72180866802,2238.72180866802,2238.72180866802,2238.72180866802,2238.72180866802
796,"TCA","Turks and Caicos Islands",157.069467027879,157.069467027879,157.069467027879,157.069467027879,157.069467027879,157.069467027879,157.069467027879,157.069467027879,157.069467027879,157.069467027879,157.069467027879,157.069467027879,157.069467027879,157.069467027879,157.069467027879,157.069467027879,157.069467027879,157.069467027879
798,"TUV","Tuvalu",57.7358507387653,57.7358507387653,57.7358507387653,57.7358507387653,57.7358507387653,57.7358507387653,57.7358507387653,61.4255802053912,61.4255802053912,61.4255802053912,61.4255802053912,61.4255802053912,61.4255802053912,61.4255802053912,61.4255802053912,61.4255802053912,61.4255802053912,61.4255802053912
800,"UGA","Uganda",NA,NA,NA,NA,NA,NA,NA,NA,NA,NA,NA,NA,NA,NA,NA,NA,NA,NA
804,"UKR","Ukraine",4495.0878009255,4495.0878009255,4495.0878009255,4495.0878009255,4495.0878009255,4501.66471089598,4501.66471089598,4501.66471089598,4501.66471089598,4501.66471089598,4501.66471089598,4501.66471089598,4501.66471089598,4501.66471089598,4501.66471089598,4501.66471089598,4501.66471089598,4501.66471089598
784,"ARE","United Arab Emirates",33.8178035007673,33.8178035007673,33.8178035007673,33.8178035007673,33.8178035007673,34.8106703663909,34.8106703663909,34.8106703663909,3871.33900028131,3871.33900028131,5921.40597766426,5921.40597766426,5921.40597766426,5921.40597766426,5931.37413829615,6155.47936248497,6155.47936248497,6155.47936248497
826,"GBR","United Kingdom",14375.8321490384,14472.651461734,14961.7887028352,15101.9945604066,15113.2084554121,15115.9041790192,15131.822492758,15251.9792728566,19372.5300901443,22178.4922051138,23667.2601686263,37897.3252566098,50331.306920422,59311.6826073784,68345.7843951383,127392.784055881,127392.784685998,137550.15461008
840,"USA","United States of America",1240439.14586204,1320657.156193,1324144.76683866,2099626.2087531,2099626.36201964,2099627.67401032,2099629.16555118,3264264.80234245,3264330.94370059,3519846.07894272,3519846.07900318,3520090.45260507,3520148.99794351,3520849.67069763,3520849.67069763,3520849.67069763,3520849.67069763,3520877.60822418
850,"VIR","United States Virgin Islands",108.748823609646,108.748823609646,156.737958434243,156.737958434243,306.016843701144,306.016843701144,306.016843701144,306.016843701144,306.016843701144,306.016843701144,306.016843701144,306.016843701144,313.961163618654,313.961163618654,313.961163618654,313.961163618654,313.961163618654,313.961163618654
858,"URY","Uruguay",1523.32831626066,1523.32831626066,1523.32831626066,1523.32831626066,1523.32831626066,1523.32831626066,1523.32831626066,1531.43188117949,1531.43188117949,1531.43188117949,1609.75153344989,1929.65110518926,1929.65110518926,1929.65110518926,1929.65110518926,1929.65110518926,1929.65110518926,1929.65110518926
860,"UZB","Uzbekistan",NA,NA,NA,NA,NA,NA,NA,NA,NA,NA,NA,NA,NA,NA,NA,NA,NA,NA
548,"VUT","Vanuatu",47.7982962600224,47.7982962600224,52.7077937266216,52.7077937266216,52.7077937266216,52.7077937266216,52.7077937266216,52.7077937266216,52.7077937266216,52.7077937266216,52.7077937266216,52.7077937266216,52.7077937266216,52.7077937266216,52.7077937266216,52.7077937266216,52.7077937266216,52.7077937266216
862,"VEN","Venezuela",10267.0296379818,10267.0296379818,10267.0296379818,10267.0296379818,10267.0296379818,10267.0296379818,10267.0296379818,10267.0296379818,10267.0296379818,10267.0296379818,10267.0296379818,10267.0296379818,10267.0296379818,10267.0296379818,10267.0296379818,10267.0296379818,10267.0296379818,10267.0296379818
704,"VNM","Viet Nam",644.5617539007,4112.97712872061,4134.2208248621,6705.03339348114,6742.72169881797,7596.42525484966,7596.42525484966,15616.1975943257,15616.1975943257,15616.1975943257,15779.6654792013,15779.6654792013,15779.6654792013,15779.6654792013,15781.1933072032,15781.3123704982,15781.3123704982,15781.3123704982
876,"WLF","Wallis and Futuna Islands",NA,NA,NA,NA,NA,NA,NA,NA,NA,NA,NA,NA,NA,NA,NA,NA,NA,NA
732,"ESH","Western Sahara",NA,NA,NA,NA,NA,NA,NA,NA,NA,NA,NA,NA,NA,NA,NA,NA,NA,NA
887,"YEM","Yemen",1495.03537398365,1495.03537398365,1495.03537398365,1495.03537398365,23483.5259960165,23483.5259960165,23483.5259960165,23483.5259960165,23483.5259960165,23483.5259960165,23483.5259960165,23483.5259960165,23483.5259960165,23483.5259960165,23483.5259960165,23483.5259960165,23483.5259960165,23483.5259960165
894,"ZMB","Zambia",NA,NA,NA,NA,NA,NA,NA,NA,NA,NA,NA,NA,NA,NA,NA,NA,NA,NA
716,"ZWE","Zimbabwe",NA,NA,NA,NA,NA,NA,NA,NA,NA,NA,NA,NA,NA,NA,NA,NA,NA,NA
