"iso","code","country","ATL.raw.2001","ATL.raw.2002","ATL.raw.2003","ATL.raw.2004","ATL.raw.2005","ATL.raw.2006","ATL.raw.2007","ATL.raw.2008","ATL.raw.2009","ATL.raw.2010","ATL.raw.2011","ATL.raw.2012","ATL.raw.2013","ATL.raw.2014","ATL.raw.2015","ATL.raw.2016"
4,"AFG","Afghanistan",88.0927124725958,178.640363847477,244.336255176648,201.44495854319,235.956834322841,152.08453592102,252.841662036765,107.406248242191,70.4054969240146,87.7284528063712,112.955062179257,39.3076156560678,1.45184122524639,2.71929047098629,0,0
8,"ALB","Albania",3729.02103148531,889.517115481305,613.533964995607,3236.59553951952,694.575351021383,962.706292414886,5225.02668846695,5471.3184038776,1337.34029202935,655.793343785182,1188.24819566168,5395.6488529097,2570.31092203992,1051.88171570217,283.574737103386,928.449622339002
12,"DZA","Algeria",3468.76025216812,3009.83312064486,3831.43711318265,4374.15938832371,4469.5686285597,5415.39407352622,5201.55658304439,7972.33695954967,10467.2735717658,2605.62381650666,8344.08446203979,10912.6710004682,6926.52926971608,9523.34857212797,5706.84570000302,8011.48377873753
16,"ASM","American Samoa",NA,NA,NA,NA,NA,NA,NA,NA,NA,NA,NA,NA,NA,NA,NA,NA
20,"AND","Andorra",1.6542129477192,1.25502222352039,0.342063642134,22.5893744865669,2.3961576984206,6.6245482711401,2.1690592921815,5.24786348717299,2.853299605183,1.0837221385872,0.913257606091,7.697719637306,3.3641866411504,1.3682604554948,2.167783333317,0.6275108286264
24,"AGO","Angola",101250.672932164,61065.6488703665,52527.5395517563,71313.5859864537,93483.0351510484,77063.1977662308,145370.510516745,103611.70016925,166083.472272734,159979.68944875,183126.224255504,180859.592068294,168867.857744543,213011.313487054,161843.707179396,229887.595144255
660,"AIA","Anguilla",3.87846070808,0.146329650799,1.09774508499,8.85399590506,3.65866292281,1.31715659843,8.63554887017,10.3906512749,1.90246758015,0.439017861481,1.02456278406,1.90261415862,1.31716796057,0.365832980222,0,0
28,"ATG","Antigua and Barbuda",24.074189438333,17.656041652524,17.0780226113853,25.463259746417,61.16559981564,61.1521159968304,37.1578287405199,45.695643782914,61.53009481923,19.136478011977,25.836475973483,33.3453906660309,21.345231976193,24.875652156607,8.907470700885,14.4253997362531
32,"ARG","Argentina",147805.95035567,105001.862245873,249155.006893079,433429.689669152,367249.347774933,316447.228385778,425345.267763882,592753.155735938,309857.999150488,413230.822407145,499187.177669446,478177.980858538,376776.593290926,241102.807660978,180233.034720981,230189.421127321
51,"ARM","Armenia",131.840612264682,172.538591177838,395.816694918715,83.204743948296,104.014577636237,129.749066650818,54.5364156633746,113.031533139077,202.73351745204,162.172624326252,173.988574498501,197.678176409779,41.8412621937232,38.1275819058559,1.990115393601,30.0475796445584
533,"ABW","Aruba",0,0.52610773156,0.977057600016,0,0,0.225486960564,0,0,0.375797838165,0,0,0.150324923185,0,0,0,0
36,"AUS","Australia",218827.582962592,312157.238000062,373853.491806288,124778.066205744,177035.846851743,186316.091219833,372725.237859454,205736.358757172,203723.663742476,290741.241650859,121327.092819867,139823.36432076,260095.013148954,281760.221388032,261585.578322239,430910.626774904
40,"AUT","Austria",6926.26900785137,10902.1498770562,14475.6425338498,14599.404767322,21657.1456085008,12583.5333934738,31669.6899276586,26895.7431901526,15887.1145622169,16712.8637813349,18089.7613580721,11158.4292337276,7645.34181265439,9869.56861126819,7937.70488353993,17210.2931877577
31,"AZE","Azerbaijan",553.299356121788,1154.20594286676,1039.34155116137,584.955793002372,246.265258757449,525.20146269419,507.557225265983,472.316924149202,371.834047451115,549.6000884432,147.455688626036,597.631968693818,149.07599370591,328.2460228023,26.7451929601089,25.4752098674808
44,"BHS","Bahamas",432.999419702984,700.976136521373,274.230876250824,588.099371463815,1450.09057364124,1015.77394436087,604.807671603909,1949.2357614719,823.971962444421,400.643992779075,624.793852520043,370.593972574745,1572.70768040626,902.306492079321,1089.01311180544,3136.08465530621
48,"BHR","Bahrain",NA,NA,NA,NA,NA,NA,NA,NA,NA,NA,NA,NA,NA,NA,NA,NA
50,"BGD","Bangladesh",4613.85060088669,4006.60847178886,2172.24654027112,4303.2622972688,3310.06516382676,6930.2443933869,4037.96878376453,4538.86219168902,5679.08638226202,4792.81493920181,4276.59118814833,5422.9380952214,6106.79993261352,12278.6274823506,12811.7104668483,21583.7115151555
52,"BRB","Barbados",12.3674615641499,11.3919815607459,2.9978493868491,8.319537710874,9.5182677982595,4.1223345984626,31.6282371009103,13.7167265902222,13.2649362790939,17.461984492905,18.136973728049,116.543738048092,5.3215926702146,2.1735493173789,1.948700424568,14.3162589863609
112,"BLR","Belarus",18350.6484087258,25379.242998267,32109.5089790318,38546.96996043,36169.1705666883,42263.2525336739,32632.4353542718,35892.4248282999,35534.1886145769,35727.1102087507,45354.676537667,39585.7344887715,28082.911079714,33624.8856801313,33893.9250348454,90448.8807334494
56,"BEL","Belgium",971.48819527669,2348.39059565826,1889.77751265137,4793.34065076067,3027.93466925659,6916.03563196526,5985.19185743715,7213.54488570878,5176.36295854561,10909.0212656853,5016.2686189712,5635.16760728901,3314.9495059645,4239.26654853308,3420.27392444043,4512.34253406611
84,"BLZ","Belize",8211.629492547,13473.7305105839,6843.89617535799,4312.25967370199,8103.84646322399,4269.735224376,12263.6031959069,8216.094729877,10264.053888895,9765.909809931,26386.279778173,11527.967596721,16372.710431569,16464.713800056,12270.859936997,20510.705805505
204,"BEN","Benin",3749.33110518662,3480.18734608924,3475.92641465114,683.607611642971,1591.08660240562,1794.80449798087,4659.6990621642,481.551739863512,4929.15882850697,529.238836214949,654.667525621041,2865.41175458734,1312.90312316435,1358.27198226968,598.397362861077,2015.97781767094
60,"BMU","Bermuda",0.1958197936309,0.717959401934199,0.1305702427647,0.6527592358834,0.3263391013514,0.0653019817676,0,0.1958967676854,0.457064112561,0.9141074805685,0.130451296845,0.587705303151,1.4365347314837,0.848838595769,0,0
64,"BTN","Bhutan",297.659631494373,223.934881538512,543.600767286661,1013.17780377787,770.002230613834,622.87288308395,508.220729056868,775.333695121772,1175.45935217826,4353.62165380084,1090.99358912725,766.212395360513,485.352415753196,1229.15131329019,746.523608217503,1962.95232269454
68,"BOL","Bolivia",140321.334445036,178807.971170992,163759.098758078,203251.484079883,250748.253226429,216314.897061066,189952.920149238,369850.558125823,225270.291558975,451759.174346959,330239.210716771,273544.010744561,179822.510960809,256901.398178648,166275.253662024,470600.7456968
70,"BIH","Bosnia and Herzegovina",1496.10710454966,692.658855823609,307.81141168271,4121.82001106854,573.615629400957,535.968834796961,2681.52245850486,1551.7883182141,1296.33477499718,910.6377056608,970.615088233017,2433.75692449099,2574.00626137928,1789.54449510016,580.50489232273,2307.97952624785
72,"BWA","Botswana",130.983881477336,22.7889986253719,8.572551343807,50.6577650073539,49.0958439651082,40.107844036471,33.5596385912177,26.0632558557583,41.3246314834825,30.4998423232398,21.433357927863,15.7872367630349,14.1218635184655,15.5243501056283,0,0.7276476864497
76,"BRA","Brazil",2746361.48279205,3507049.44035914,3248526.73442808,3848770.78970857,3486562.70281566,2876804.67143508,2621820.24404397,2444308.18912718,1817901.2327587,2688896.17626595,1923363.6945465,2918633.14102396,1945506.25269369,2693134.29548972,2222772.4175308,5378844.03329318
92,"VGB","British Virgin Islands",4.0925011676588,2.996441556342,1.827421839706,2.6309563865433,3.7274220785676,2.7771190889058,6.13866634204,7.01528945754,5.188663247381,3.946225116391,15.3467350967649,0.877064464045,2.7770006628518,0.511468725522,0,2.850242974589
96,"BRN","Brunei Darussalam",1244.45382286764,1088.84559742009,799.176721316957,1197.13619644045,1278.31859942242,1013.51442523327,1564.83281504741,1299.95055037274,2169.47392620217,966.98652007121,2620.363234879,1836.78286666817,888.325365629216,2224.70589752025,1761.27063066048,2572.58412813653
100,"BGR","Bulgaria",8202.31911166046,4638.73881243043,5198.71555775023,8170.46630671001,6566.71056122695,5171.12384083482,9557.28192494987,6448.13476697675,6099.64091439735,3569.08975964888,3331.69064223799,9977.50572537309,3692.76314006213,6688.62212062237,7293.17985887087,7394.53885811376
854,"BFA","Burkina Faso",59.4771051123927,4.3029108998287,2.0382434837964,8.6050909636657,16.9077620046447,4.757071364583,2.8680846058648,4.7574990218972,4.5317144290425,6.957261038633,15.3187652685324,0.3777338635654,0.226484286647,0,0,0
108,"BDI","Burundi",1417.24695708643,986.936212552877,1325.18331831395,613.87883329135,985.302846846122,343.567625726103,1861.6868708823,1999.44533270984,882.776018451822,1905.43301031051,960.586530516499,871.162920407537,1405.646046667,2047.24018204099,1458.3785204172,1575.87445005656
116,"KHM","Cambodia",28489.9423297197,54861.5473490616,56834.9041381781,79248.1206473029,64649.5015614538,80503.3679810974,77677.629655121,83485.7598578932,121033.358959165,237874.976458564,192136.237237193,195567.814809638,190108.975684402,161809.860764456,132708.974779867,182462.407335593
120,"CMR","Cameroon",39203.7171811948,28766.9515705178,25344.8463571147,23003.297926714,25159.005570637,35986.0411076178,45916.052305711,35141.5992778182,36072.0119066089,57991.8669829803,27651.7451084391,51267.6024746567,84612.4150293335,181851.004504561,78969.8832262925,116619.230026566
124,"CAN","Canada",1358154.95874234,2316887.7702364,1607282.57963982,2706458.81980171,2920793.23860847,2406190.73630103,2117900.22117204,1949007.83721092,1550371.98728146,2104876.32767062,2160700.60129274,2545494.22398935,2807337.59158797,2643608.54117987,2733439.41840804,2084425.67487868
132,"CPV","Cape Verde",7.13645079431299,22.834003097311,8.9252224143169,0.595131590442,5.4793040975039,6.0242471335139,0.5917711814664,0.1481453682785,7.95718726364989,0.892166425689999,16.4094434623488,8.99303695634309,9.7708389331553,4.078788125629,0,0
136,"CYM","Cayman Islands",20.681612199962,5.598244417075,6.324797603699,47.103076237322,9.160497888906,17.9594201277368,17.864127307143,32.34618677929,29.883315680709,39.793367722617,39.7747124245547,9.227671762846,18.105493018028,7.70538520406699,0.0725170953885,70.0605003610263
140,"CAF","Central African Republic",31288.1116602511,34427.8423420648,13747.8764207878,14591.1973490738,29322.0981898823,57889.5850953067,37320.7319045415,31862.3589869761,48264.1008743735,48577.7678833092,49145.440805415,57344.4869398204,44213.2040331885,57877.0493292208,27343.2033807899,51169.9250913991
148,"TCD","Chad",883.626479928622,1958.47582986449,193.541376089547,456.728612717746,472.372702926142,2981.89700906908,1001.07737120758,3402.1114847186,1065.52305455074,254.652473862473,920.000178798401,2491.10958136473,2895.24709254694,3000.66587315319,2591.36846149363,3165.96322905415
152,"CHL","Chile",72711.3028069276,78080.9729822798,82843.7640363459,85728.7824274671,106925.718613695,91923.2393902313,121652.328860711,123068.313397705,88566.5769242129,91495.5434570124,99349.7440206168,174809.511850306,102242.771870195,119335.125255052,106106.683652386,113904.393784381
156,"CHN","China",230280.205177052,249146.90473337,261754.295661144,501510.278060889,383580.449830402,575223.34712677,652945.337735318,737947.778753459,599570.681271518,627788.050826591,598560.37131569,604939.703134246,441290.639343953,531599.664333247,490431.385453671,718643.373222512
170,"COL","Colombia",229816.199174627,182041.599793085,122305.136893771,253530.936719549,188565.423850933,189789.907361799,268856.656410063,231669.186602101,237740.181202862,196921.410467492,189719.470794343,227481.418347707,138750.104455011,201836.882149229,140671.99463721,290627.048718018
174,"COM","Comoros",36.97369320806,41.2039342342899,26.65331394628,40.38383804609,86.55857498987,12.963659929753,77.7283932469,34.95359877598,112.2063287313,92.29998245943,122.61209919999,127.2928518464,1729.726219438,1473.86207744499,429.4617172439,124.364788137441
184,"COK","Cook Islands",NA,NA,NA,NA,NA,NA,NA,NA,NA,NA,NA,NA,NA,NA,NA,NA
188,"CRI","Costa Rica",15461.8794494668,13289.1490860968,8260.6077547613,9767.12526809644,16562.803749632,10059.4749625995,11447.8732911687,21875.1169200823,22464.6308788691,13145.2670910882,10495.8142971251,10367.071752756,7785.58705184252,10934.4472090036,3299.6049326069,13791.3942399634
384,"CIV","Cote d'Ivoire",122711.450238349,144559.983776369,86282.2967878313,48048.3372228335,65320.7348639988,97780.5753775128,90864.7635825953,127554.833134345,108875.815204321,92491.8575697959,124683.492728158,96128.7377214718,175758.668357231,346792.569241169,152432.452051481,221099.811264929
191,"HRV","Croatia",3378.48960363636,2340.17949217601,1738.9804920798,6727.12796009376,2747.17045084913,2204.19890651328,3237.11240445952,3890.74725456172,2902.63975645763,3499.24826148093,2918.68984776971,5004.42853729967,2997.75268271786,4559.43177126887,2669.04806955086,5372.96312116209
192,"CUB","Cuba",18942.9087780216,15035.8473832067,6556.68391545604,21973.7274732532,12833.6032418092,12305.0878221182,7873.76079835297,17083.7357665933,16259.9006005549,8608.08925523579,16312.7517092087,10344.9779877363,6071.55863103564,5861.46836156283,6725.97820244525,74052.6980642955
531,"CUW","Curacao",0.902788525511,1.27928368844,0.8279577079,0.60184054843,0.677289202034,3.46068136354,4.21289018006,5.49251806813,4.66494984663,1.72985127523,1.35466196401,7.37549863179,6.24501854071,2.33307860479,0.902911881673,2.4078543102529
196,"CYP","Cyprus",78.6289020743689,31.7432440211249,25.2291678133049,87.5556410115729,34.6505725567005,58.6032257400039,778.239278381392,94.796704379784,56.438210769232,63.95480701533,118.526392799303,54.308033935755,13.50459562136,33.30200692316,20.434459206386,568.915394140532
203,"CZE","Czech Republic",3453.80582517769,6762.04287564153,3921.32344482168,13449.2245437464,25528.3307264007,8602.38886891471,21312.1258036343,16860.9454225217,13502.1877935145,15433.432295615,21841.3338756239,14003.8898247716,7652.88788612,13932.941507752,8040.63071485285,22792.2109563184
180,"COD","Dem. Rep. Congo",455435.492839964,514282.535245824,274632.459298528,400048.022786197,485217.9016538,453035.30945605,462704.803101058,404791.040398275,635134.28561981,810282.364077718,429369.169638641,630701.786059618,920508.53834441,1337532.58741296,927932.045715934,1381064.89956894
208,"DNK","Denmark",4329.29585318649,1204.48993902496,1579.71326026976,2413.81285344562,9048.8040028049,5213.70671898064,4381.40730364477,6060.80810628113,6645.67894965939,4427.72389702867,3132.3822869393,4451.95235269025,2015.36662649591,5320.77049462416,2583.23042575242,4656.3405200431
262,"DJI","Djibouti",0,0,0,0,0,0,0,0,0,0,0,0,0,0,0,0
212,"DMA","Dominica",22.792755510828,11.8747080399367,27.238702436065,79.35513134405,52.323152614822,25.3827016241339,40.3000014091059,93.373683696706,73.7804003225119,92.1203673105518,44.4631831496201,144.723835723269,22.118610629877,12.2449579209553,1.855631711333,7.1239767560221
214,"DOM","Dominican Republic",11246.8100655447,10435.9798696588,10714.0015805177,19387.8687257687,25088.1048256232,13413.9153997316,16059.0618561925,21612.2082248505,13966.8428582045,14102.675787781,12960.4219810584,17905.5694946398,12703.0671960174,13678.1400839255,15090.56348015,24907.4048392167
218,"ECU","Ecuador",45241.7180099173,30000.832192192,13946.8958555623,37557.4831322185,40557.4367448603,35768.0719278847,60702.6026484832,52066.9297301389,57792.517599656,33912.515787206,43720.8219348114,74420.8436137689,48484.519447041,31069.7821144293,30238.8015753733,44355.6132673012
818,"EGY","Egypt",147.764942681249,48.8132505829734,61.0118780439985,101.449239526546,52.6510940615605,38.1259103867814,78.2701398878984,81.4668298391007,59.5683437504969,98.1823058850158,102.623336577568,438.853428051173,96.999294363416,115.003075062195,31.643148498705,36.728029662014
222,"SLV","El Salvador",9499.39162403756,4666.50981707797,5983.7005959757,4554.93620820926,5880.5464312026,4604.31479461651,2984.15894803366,3324.58699047658,4283.70682138742,2873.01771746086,3242.21900684562,2535.7461814141,2053.48863295368,2319.72696400514,2388.83419695831,5743.541113568
226,"GNQ","Equatorial Guinea",3585.41910142381,2986.11054417871,1961.18753627336,421.430772130942,1608.55150566698,1255.61553886661,3141.52725152393,4821.67587377185,5684.84464312236,6592.9424589594,7706.36452910467,4952.74097306216,7289.62996008824,19211.1765211502,7468.60013499723,9544.93400718054
232,"ERI","Eritrea",2.529524332594,0,0,0,0,0,0,0,0,0,0,0,0,0,0,0
233,"EST","Estonia",16872.434505275,21918.3864540179,5632.56197860911,18106.2207010261,14818.2134534541,21731.766073141,16188.5950671382,18296.5116058037,18822.7001197316,21496.3788421935,27199.285047966,17685.1113591638,17088.5005114542,23576.6510212587,25420.295895457,36334.9083517651
231,"ETH","Ethiopia",11947.2472435626,13074.0874089767,13936.0412235021,13396.2621576341,15868.6334062205,12075.9388634445,25608.5731132803,24008.6280058775,29279.0203063513,20184.1565178067,15462.7344756275,41631.93539087,30851.2311528118,32725.0726334873,10276.4709465889,19581.6431074808
234,"FRO","Faeroe Islands",NA,NA,NA,NA,NA,NA,NA,NA,NA,NA,NA,NA,NA,NA,NA,NA
238,"FLK","Falkland Islands",NA,NA,NA,NA,NA,NA,NA,NA,NA,NA,NA,NA,NA,NA,NA,NA
242,"FJI","Fiji",1097.76405439703,703.2099391405,1572.23590400439,2079.81368388847,1665.63731883512,1874.41880590592,2148.46709784079,2387.25711059939,1790.73982408685,2346.7643181664,552.80239266278,1219.76655060918,2699.4073129585,3689.01462228229,1838.35267913682,8372.99407660363
246,"FIN","Finland",151003.253070433,142432.40404864,89696.551154784,146602.384654702,230333.52063237,182294.793957988,151914.839135665,200192.033960009,176320.225675229,167507.317854045,159354.700891611,160310.448060573,148660.937300759,186628.871111795,172639.395117399,240428.385273571
250,"FRA","France",34420.9633943324,33888.3971718407,26393.3341769587,76134.3445618035,46390.5910509771,55049.4743614613,49246.1731744126,86955.3999253486,67053.5991760153,143265.209643211,64074.316862991,67302.6184320804,30351.8369327214,44359.0636558108,37292.5303275955,60768.4695060117
254,"GUF","French Guiana",3033.28774855333,2496.70374892936,1889.08160143028,4805.02546736791,2840.6533118222,2534.97068972503,3328.10883444348,5223.395382078,2861.95399668118,3205.63508830732,2708.79684456325,9772.7148581323,2967.79719188454,4195.6171076161,2867.50265189004,6127.21134166523
258,"PYF","French Polynesia",NA,NA,NA,NA,NA,NA,NA,NA,NA,NA,NA,NA,NA,NA,NA,NA
266,"GAB","Gabon",15082.6377295982,13851.8466616647,16845.220309571,9981.6556143711,17699.0180825406,19300.7615567344,16501.4757479297,17367.1659872723,18252.2219423122,10674.183857783,18160.6551583913,17476.082580571,44448.9283465519,48752.3407836773,25472.5503390132,32150.6179155351
270,"GMB","Gambia",3.2974218630407,40.157640739639,10.5654366455148,63.0847225029326,5.544739316438,6.29441537335039,49.605467976366,297.212836177915,8.9917780866561,23.827262735915,30.4226269952461,40.6902720651213,12.216742302778,17.463359957041,10.040478170671,5.17054124228
268,"GEO","Georgia",666.556366612199,536.442198024999,292.002685028794,1967.06271476857,548.999496437881,531.353052568076,992.446000076391,745.617969514335,448.36638085799,818.591827355056,539.714363789821,472.998931995142,252.250083657356,113.741013190586,42.8506223956069,523.421991056176
276,"DEU","Germany",15286.3805678836,15303.2623748892,6448.52613523307,44939.8899995396,39738.1813826461,42652.8848688246,93223.4813494099,61696.1710857716,28758.2981514729,75677.996107909,34271.5520455668,26005.4798829894,15499.3685199142,21169.0689145829,12929.4928975613,26877.0090973699
288,"GHA","Ghana",43644.0561729886,78395.0529835726,24955.2490247432,17625.2405063571,41346.4007809178,27136.182643332,40172.3705594414,37848.6647131904,38252.5253896628,19500.0036744062,36242.6301131289,36625.8684150764,81228.458826855,120298.117084596,57407.3875922143,119244.561757077
292,"GIB","Gibraltar",0.187285636964,0.124829410347,0,0,0,0,0,0,0,0,0,0.0624179297309,0,0,0,0
300,"GRC","Greece",12616.8220221466,5126.049313138,2562.5351736098,6813.6906173229,4180.5577148751,7345.9701697697,46061.5569597849,21197.2076812536,6564.26725021699,7785.2990200659,6198.6165019786,13242.084540183,5906.555994044,3803.1537480485,3840.0029775573,6034.19990319447
304,"GRL","Greenland",4.00402388646,0.121338122995,0,0,0,0,0,0.242656421404,0,0.0404464240712,0,0,0,5.2575113607,0,0
308,"GRD","Grenada",32.81085886816,65.837746863052,71.34625369099,631.017574153326,47.487667363975,31.53202039365,67.8128933733066,64.18114656373,93.7696341414,159.55607142808,40.18600682172,39.735957882081,25.35640135325,83.83836114648,6.69800776481,59.4497626575252
312,"GLP","Guadeloupe",320.702385566442,50.8854189578163,76.8774993385677,191.170012509526,223.080186235859,62.268456230031,158.303118904288,134.859361356094,118.3236838944,127.385896946022,73.9069300861942,294.822413656425,169.93876361594,198.117594530771,71.3970707282237,70.0242340449936
316,"GUM","Guam",NA,NA,NA,NA,NA,NA,NA,NA,NA,NA,NA,NA,NA,NA,NA,NA
320,"GTM","Guatemala",53310.2488765947,55600.9346132348,98173.6756544034,56448.6091819711,100829.289724611,52558.4035637817,126556.724619711,77172.9599144515,86944.5050095155,59668.2999435472,40586.9012393017,84044.4408750519,55148.9962731968,61831.2902441035,54147.2659068088,178396.804037858
324,"GIN","Guinea",18571.5258558796,28933.3980226222,9229.45800857825,17158.3261013754,14580.9356318728,15305.7241262758,33821.2713508418,21481.3618744837,23388.0049607332,16045.5898695415,27637.9609924025,24485.5686554763,146183.808304919,132716.12199443,161820.018033913,216012.265506618
624,"GNB","Guinea-Bissau",2362.15302834602,6073.79725891755,1021.87736427075,3539.10215975095,3928.18624821616,2018.27363047625,6044.02762129141,3248.36175395707,7963.97350442799,4900.40665550519,4283.91116133403,3511.44947592645,20704.2271858774,12858.551513583,12661.2169185727,16120.1455297374
328,"GUY","Guyana",10039.8677069019,4827.39497919552,7418.60694321961,4062.36700951886,5832.15395639979,5933.77023800917,5249.63206042298,9460.14317839418,8267.02650620667,10098.8859115345,8362.98817154819,13111.8280858264,7117.30561564812,12154.0034261942,13084.1790398617,26512.1367053734
332,"HTI","Haiti",2469.04829834562,2120.38050484005,1070.16207484871,2382.80063563543,2033.24090065041,1162.83978557017,2077.21167648162,2191.5489272137,2464.67131535135,2084.36117709518,2564.21003283138,4272.7468347606,3181.21137309932,3858.86579151982,3087.5647956958,17267.080063651
336,"VAT","Holy See",NA,NA,NA,NA,NA,NA,NA,NA,NA,NA,NA,NA,NA,NA,NA,NA
340,"HND","Honduras",42380.1744567358,31528.0123278371,33624.7732750099,26455.0710643801,40471.6628640121,41630.8620879879,42412.3849559284,43299.049545299,51514.1291053735,46085.2551317118,52571.5529296654,32305.4951965665,43631.8432750326,57481.6225084878,50242.4868473625,188442.867328477
344,"HKG","Hong Kong",7.9812912139205,15.6115564083523,7.0572393548944,18.8889072434776,8.76826127148159,20.8184723516893,29.587736637883,26.516980519416,50.1099573203989,12.8991444749265,15.4686400241756,14.188197894124,5.27432569459959,27.7235473430012,23.721396680536,43.0422953433075
348,"HUN","Hungary",7522.05933181748,7711.03736961211,5733.07502528204,12008.5091346924,10398.1454615685,7989.93471026956,9361.07127713906,8911.60298531826,10072.4672444334,11255.4878597725,8225.27576927984,11921.8582732555,8951.92866827749,15139.9478800539,10720.012872798,14020.675000515
352,"ISL","Iceland",NA,NA,NA,NA,NA,NA,NA,NA,NA,NA,NA,NA,NA,NA,NA,NA
356,"IND","India",62341.6432279085,52998.617743883,47740.64819739,74109.8406984389,62491.3722928733,67348.2515437465,73869.5387309267,85904.2459866278,79158.5078710932,51199.4118439838,88380.4993630845,95016.1327147264,80811.1484908957,138952.115647451,116102.821365863,175003.699448689
360,"IDN","Indonesia",745239.800223729,856936.109020794,545404.592197042,1290537.62867032,1184009.50483253,1434927.34902595,1388842.28899457,1397191.0554402,1946569.63327355,1280668.51720877,1544771.87348292,2262188.91133268,1140026.51341915,1896868.701693,1748412.93400242,2424127.64555647
364,"IRN","Iran",332.483705374397,557.752371047495,326.675020604027,276.002825829967,173.021953405294,140.788850764796,131.059276322523,374.201338121443,191.287619242915,195.790067607896,238.912150146184,407.391273894267,72.230931497123,77.5886140103333,0,2.4079650067842
368,"IRQ","Iraq",16.0266364170357,10.6200603149678,19.6167249482697,4.42148586326009,4.5564052894176,6.24004359786619,10.3285448565326,17.8029133537786,15.7966319929751,13.4154411188646,3.2901355319532,9.1320248724474,2.5319020433619,1.4943152282023,0,0.4917362710351
372,"IRL","Ireland",9559.4741408654,5298.28093939795,2262.86518220411,6865.77298899599,8093.54785607554,5248.2754624831,11681.901580885,6923.78620744416,7230.72385081884,3854.6787514078,3108.82826913243,5825.9025876794,4772.8267584927,5717.7499434982,4484.16913772738,9388.15692134288
833,"IMN","Isle of Man",15.9754376166909,13.6648597992523,1.8172980330266,8.578916820355,10.6934906724438,26.2444750327103,30.3883846224579,0,47.1186373502536,49.9563964238526,12.0394613852428,31.303038709747,16.8323275070282,43.0250572197079,11.1162656740984,17.5784129797308
376,"ISR","Israel",145.965238054717,111.730678502223,30.17165819315,67.75739584081,137.286097903577,132.227680381157,47.960470124104,65.0559230837,93.09575980327,89.079576049252,1065.39235168429,49.2301896985795,45.7307081948919,122.084869460869,51.332728029504,64.8712980901473
380,"ITA","Italy",9871.49693166153,10931.2275539187,3613.19103839767,17224.8773447314,10896.0610145671,8901.86535219764,11590.0557139563,15153.6151286327,14792.7006997561,15806.3768230646,11450.6265712194,21489.4526584535,15524.7235268146,19832.7640607566,14124.4624501161,24721.5909756688
388,"JAM","Jamaica",1246.24152332779,1647.57063708038,1029.2740343534,3901.152524711,7597.8567563253,2797.68366767829,1269.9152592993,2026.9209482464,3538.2817772071,2364.9480667494,2385.2224200131,2603.68579339262,1327.6690304925,2837.9771898482,2903.31488264968,1991.38966716673
392,"JPN","Japan",23977.4616188668,26154.03983372,19747.3642544415,37312.535035444,36385.8907134321,38974.453828156,45585.7781592995,40839.3151011697,40894.9908594317,35745.3247265486,35955.3268893194,45672.0636101717,23234.0784764089,28175.666668861,31145.4027587025,54993.7316225239
400,"JOR","Jordan",0.522028031092,0.196107558326499,0.0652596030849,2.285148838602,0.0654041001508,0.783579141566,0.3919256967576,0,0,0.0653063920866,0,0.130553282691,0,0.8478206387913,0.391583751557,0
398,"KAZ","Kazakhstan",4534.70274132628,2952.30662372335,3351.85890071919,5513.10185028445,3166.54280120734,3142.03763378895,4605.4376394045,4548.57774634513,6432.64749759838,3108.91585636619,4852.27984755813,3741.5142676428,2863.69178347202,595.715817997605,181.162293676903,1288.55061220388
404,"KEN","Kenya",19027.211048878,20287.5262199981,13552.8107569832,16988.3282957679,12745.4328609603,20656.4387829335,26102.9600814801,19224.2086925324,17696.1260875387,22693.0100618133,17299.7572655112,17899.1367032284,13563.7662029031,15356.8393163453,15615.5008608199,19048.3069610927
296,"KIR","Kiribati",NA,NA,NA,NA,NA,NA,NA,NA,NA,NA,NA,NA,NA,NA,NA,NA
689,"XKX","Kosovo",1122.2054286087,214.907882253864,261.324177210715,572.839652030032,313.831703489358,519.987044479272,811.023821245424,1143.16179400195,777.01121187528,468.277228589248,802.003887875135,1738.52193659225,767.741249670069,760.625678404109,470.779866734077,912.231316599378
414,"KWT","Kuwait",0,0,0,0,0,0,0,0,0,0,0,0,0,0,0,0
417,"KGZ","Kyrgyzstan",589.226355996731,305.457479793419,110.789560377585,192.268986024381,82.0509348795853,110.583159869242,107.429333462999,106.686954320428,201.215992174682,260.973815785909,111.982280547244,84.6566071593554,26.8139791319213,13.509691792631,0,11.5247770865691
418,"LAO","Laos",36474.9855039709,55929.8559018979,87056.1598913729,64239.576994269,68296.1290976173,122650.067026268,132976.168117064,80543.0144358946,145536.078411283,167054.404281227,130920.760440746,147520.035389284,205582.806318997,243816.412487041,284993.368899793,387997.361726875
428,"LVA","Latvia",24907.621124483,29175.988194322,21321.415898293,30638.9065365,40712.260751773,38893.5032535219,36128.711393613,29308.3549632599,34916.2238714309,48507.109982471,44737.56113471,34285.458226145,27766.438976939,32203.119553275,30829.6865162509,44945.4622309998
422,"LBN","Lebanon",299.404267598336,81.2004590358291,83.575423393016,109.279876552986,300.135194235902,148.817904948127,273.030321518237,393.796770182728,340.44679870258,115.180640203201,139.409047017982,170.005375178778,160.017395668571,159.820569829671,173.617298784328,266.274340587374
426,"LSO","Lesotho",1.14005213082099,2.6871395636267,2.4846925837095,4.3775487634689,2.0134370650888,2.4256202655709,3.0186905767325,5.7864128476297,4.2877022174316,3.7727135400774,3.354078544589,3.3001614728992,7.3389184715083,12.4707446480669,0.9344551756571,15.3432298988291
430,"LBR","Liberia",29185.6701803402,56984.4238203398,21604.8135737956,6233.55971935363,11323.8067130716,36221.2429809221,44282.0822764385,36172.384788473,75135.895247369,20357.6658321283,34444.3360196183,72113.8637770386,155535.769840832,164048.58135301,186009.898670511,168585.970085327
434,"LBY","Libya",17.152701517062,40.245663534515,25.265717369892,10.2631637564129,21.825753514239,16.3024655118016,4.2909152981561,5.71957711509,5.52310519516459,9.414285433299,9.4876111970589,4.934646580569,81.2985873120519,4.413913847741,0.194785849876,0.5194896307604
438,"LIE","Liechtenstein",3.4239432119052,0,0,9.4308582152203,5.532249857925,11.5981053679329,8.433932016633,8.8516737846575,4.6879990581001,2.791921383321,1.84293668049329,3.84579591128,1.9491170490811,2.89863166057099,1.317510179358,5.1636330925781
440,"LTU","Lithuania",7952.7842108221,10340.8109766077,8909.15158947555,13090.0415502268,20375.396873684,17446.4281940848,16026.148744592,15195.4488758047,14395.8060846633,21655.3783373147,21731.6602953539,17597.7711678037,13917.7446217456,15961.3144685508,15788.9829201223,25519.2859009669
442,"LUX","Luxembourg",68.60969196733,90.45691516336,103.41997074485,311.49134237699,67.9491734359,365.988804221399,502.23257465728,983.5287602799,216.40010891343,880.435255721089,447.80867152211,444.28945532746,347.987237170919,429.551098563609,327.46531145359,520.680089539093
446,"MAC","Macao",1.42807033934,0.928207381014,0,0,0,3.49832494028899,4.426782339761,3.641185761928,2.28476283148219,0.571166888673,0.713975236082,0.7139873336875,0.0713979968327,1.49946153155,0.642603881154,0
807,"MKD","Macedonia",2059.86414313063,890.183763545724,895.228094260972,2200.27973073029,1306.67831999107,2042.13259678824,3862.34373311036,3960.28725261869,4300.73831742942,2223.15751701957,2156.63267669553,2938.74277290449,1149.01787934371,1815.50884146782,784.328061529619,1496.47660059373
450,"MDG","Madagascar",86956.8326989078,89317.5141866758,84247.9597745017,81845.252032796,93628.1499591349,71034.0376564771,188580.088897024,123502.267318438,136536.771354133,107218.891583489,162323.481997367,128468.162792893,299350.3243926,416682.182956503,301788.658349053,383655.62498675
454,"MWI","Malawi",2488.28077045141,4189.57262799537,7112.99671722891,5712.45087212639,9445.00871853073,5563.04899639674,7494.38639428289,9724.43322443124,4030.38795388717,3981.9555430327,8216.20994385818,12173.0470663838,10562.3214482401,18587.0426724589,10785.1799914072,13509.33156199
458,"MYS","Malaysia",332463.503932418,312207.406737661,183909.37060346,351783.395907998,375408.414526352,333877.649152185,405141.064919159,367969.928340903,622752.24392082,430332.459378373,463018.157687545,627981.105184833,333084.58417862,645135.350625347,454058.154511588,565151.375145579
462,"MDV","Maldives",4.74348726237,4.58815494648,2.14270827407,2.3720104734,3.59741944297,3.90637808133,6.19346760024,6.65292515359,5.12517064116,3.13572614566,10.5621588912,2.45074320134,3.97583069801,3.13358241356,0,0
466,"MLI","Mali",347.870688106862,175.290442834393,34.2435114724695,153.312634344461,83.2180050210606,103.708936586197,125.085223857966,105.644875996944,157.695209585689,53.8905614891063,165.785662848132,78.921250948678,409.781171614537,270.33774791088,204.15351593069,204.828311032058
470,"MLT","Malta",1.25191253759,1.75296139854,0.125108466671,2.504050279,0.375244901576,0.625885312993,0.813837644525,0.939207352242,1.68946023555,0.688494725059,1.43882587268,0.313001361916,0.250462233639,0,0,0
584,"MHL","Marshall Islands",NA,NA,NA,NA,NA,NA,NA,NA,NA,NA,NA,NA,NA,NA,NA,NA
474,"MTQ","Martinique",192.9652482615,48.8622487099017,288.469529786227,166.994368108516,204.773848999175,91.178232781613,155.675143043183,278.122915351396,199.2454057289,75.366713574367,152.992739738077,308.425064007725,146.359401199109,156.717762324514,31.5720520033768,26.0592678752663
478,"MRT","Mauritania",31.8384353675,0,1.25626629857,0.0737074067622,0.0739009046615,0,0,0,0,0,0,0,0,0,0,0
480,"MUS","Mauritius",156.581383524792,154.42996053028,119.630262112963,328.8277761069,174.211222370404,142.487422327276,131.710481063824,188.635734741212,241.857180606564,23.2674688370334,487.31949644137,152.47020560564,219.27038329757,531.75197548464,0,0
175,"MYT","Mayotte",31.302693666763,20.8691903627224,30.9258494319719,5.104813808736,34.307751287517,41.5867527368473,20.0448360225654,42.7912338954874,5.70466428454229,31.9051295120359,2.327297513658,131.051180745212,327.56571695042,1150.41332038263,18.0898784080462,83.4693142106088
484,"MEX","Mexico",158302.914766496,158834.125381607,152559.296210543,169841.450323704,206855.716149782,179043.665935864,218600.754247145,184377.247564275,281232.449218685,166728.987483835,186771.299619739,174753.063753474,219047.752602802,170749.773780946,197650.954151543,274182.582059517
583,"FSM","Micronesia",0,0,0,0,0,0,0,0,0,76.6623375244,0,0,0,0,0,0
498,"MDA","Moldova",146.688060726566,229.796420697438,100.599346259078,264.036180885845,109.77608301028,173.201520998189,236.26282216536,135.105310732484,187.712269190771,176.751139042761,186.812495174861,1771.53231528424,167.345344164902,363.134004027444,495.682071750046,833.480386987064
492,"MCO","Monaco",0,0,0,0,0,0,0,0,0,0,0,0,0,0,0,0
496,"MNG","Mongolia",21056.7226440161,18728.0199549426,38433.8309970588,53302.973591116,7466.82573962832,13249.1645274027,48081.7045746632,56001.4585835963,81792.5504129319,8764.40387289655,3550.50921236109,34640.3411397197,628.79887444529,522.674249762466,7145.27887392616,4142.11333017951
499,"MNE","Montenegro",858.49208052267,179.620771214855,203.685967919468,915.32861374456,172.28625925735,175.54617395416,1051.42438898772,1429.19037131358,565.16993417817,210.939333957439,494.315599968001,1258.60253479602,2401.11368315726,1437.8908965903,180.963399535018,1119.52683255336
500,"MSR","Montserrat",7.078555305497,1.6227298703479,2.286058313363,7.67008281872,24.3423882250099,12.612604582223,10.473866028652,6.56391104959699,4.86755067192,109.30204099179,6.34311255002099,2.212332164609,0.88513326729,0.295030289708,0.147481391925,6.2685934245685
504,"MAR","Morocco",1868.28860588477,3923.51782711574,2042.52645978558,1440.57772089832,1526.38000858697,2221.77691956189,2513.07049537808,3409.46599736008,1197.39758728603,988.077066979326,3392.46173780251,1689.89017090672,835.837994472401,1682.30794966941,951.991985900539,2041.20256722021
508,"MOZ","Mozambique",60936.649676263,106658.337632287,79643.9585297683,107725.699396031,150558.138815217,172223.897489434,138492.606565047,204759.703790334,217493.389649306,194545.385678406,150242.313713093,139946.215041357,162655.521713269,200500.630392179,181386.842363112,250552.812164537
104,"MMR","Myanmar",44796.8457872529,66115.1581047105,77221.7389633305,102184.960142268,91843.532070289,127458.974910997,146592.504962495,119206.015612294,216295.865424081,169905.881214264,135700.997396456,225177.656975667,248156.162730151,331412.360626105,293302.516581604,362523.47972392
516,"NAM","Namibia",417.512460743023,108.00721822762,208.684216672151,61.4632070024468,64.3242926203867,17.0409967190452,80.0748958155611,33.5088519107385,85.3759775281672,26.965566484831,70.9041664332385,25.8324960247633,2.3374019038755,3.8896163104242,0.220395596291,1.3206881883365
520,"NRU","Nauru",NA,NA,NA,NA,NA,NA,NA,NA,NA,NA,NA,NA,NA,NA,NA,NA
524,"NPL","Nepal",1523.19475187976,2128.64330965069,2291.937475758,2479.58915154462,2758.319493925,3255.0100289293,3465.5022691388,2991.8129733106,5524.06959076039,2347.69860064339,2816.4599699562,5045.0452150321,835.46925114824,1161.81134214231,579.366204796779,998.513416919405
528,"NLD","Netherlands",736.421623385418,824.58135856094,309.854263387248,1297.31220682577,1472.03806172662,1482.39589770769,1646.09403466744,1150.75228173384,1559.08597329292,3403.34205600394,1155.29188051196,946.757002247347,514.177020357658,875.261492539356,894.199683206613,1406.6382512158
530,"ANT","Netherlands Antilles",NA,NA,NA,NA,NA,NA,NA,NA,NA,NA,NA,NA,NA,NA,NA,NA
540,"NCL","New Caledonia",697.921099435051,626.868058789838,883.915860756793,1510.20299319128,1471.68691331001,2134.53256070114,975.113473305894,521.780202639983,975.790492324219,550.421642236582,709.156865893641,838.327987023677,2281.63473537556,2050.20134823727,486.101002859767,1323.90859335275
554,"NZL","New Zealand",50532.8927566211,63243.3000272944,44806.1125748063,60690.4560268148,52528.4366318218,61681.8679890678,62657.2968710066,61385.8017446925,59623.2411274395,56135.7062974233,59953.8149121735,69512.2169074357,77550.1449579098,79420.182141213,64008.0383563828,80372.0520293557
558,"NIC","Nicaragua",44109.7920490676,54194.4946896695,46963.6908439556,21064.6769060602,95150.0518780073,38875.4582038396,88499.9115033195,53814.3458821219,83097.2356561548,212519.589205293,43289.7570520132,33723.4377723918,44038.0597040147,75563.1004689773,35523.9751654982,142443.748756458
562,"NER","Niger",0.150195664799,0.6764164435856,0.2245961647461,0.0751773482812,0,0,0.075170935599,0,0,0,0,0.0747634261301,0,0,0,0
566,"NGA","Nigeria",43386.4946204829,32346.7100639535,13380.6288058156,14643.9479517936,13279.8991002057,26167.5579502272,24572.5301841199,27470.6587361227,25289.8178173029,32782.0642432155,53891.4886410361,34970.919837916,43434.8973966181,68637.3512800448,40927.5461101086,72189.3869662215
570,"NIU","Niue",NA,NA,NA,NA,NA,NA,NA,NA,NA,NA,NA,NA,NA,NA,NA,NA
574,"NFK","Norfolk Island",NA,NA,NA,NA,NA,NA,NA,NA,NA,NA,NA,NA,NA,NA,NA,NA
408,"PRK","North Korea",11945.6094878437,5358.22720702457,7348.87729226039,11358.5669352021,16528.514229973,12580.2514271032,13289.3011620161,18782.9378848159,13113.7003126871,19020.6197307202,5431.46760653102,16681.6786088923,5030.98210418121,10943.0749196117,10852.5841685053,11509.2539591023
580,"MNP","Northern Mariana Islands",NA,NA,NA,NA,NA,NA,NA,NA,NA,NA,NA,NA,NA,NA,NA,NA
578,"NOR","Norway",22445.9413993015,26635.7531946242,14817.4314729109,33742.0711186058,24918.837518617,40648.5128586737,31841.1619503329,33815.4005206732,23316.5193844012,40128.9105969594,32768.9195442415,29947.0881587734,33069.3826027909,39149.0005871185,36638.8855908236,60081.7615785656
512,"OMN","Oman",0,0,0,0,0,0,0,0.0692374569813,0,0,0,0,0,0,0,0
586,"PAK","Pakistan",217.770395085953,325.011752415831,641.697765011293,1168.05621683559,948.182776335135,1345.32010966382,1123.46310421178,1054.1725226225,920.764692278456,720.220858208991,463.38444301474,238.836940237167,60.0104995512036,38.614575483148,2.41608826048199,0
585,"PLW","Palau",52.112061118528,75.30077103792,17.625276647786,29.829709050059,43.409845241042,34.8671396891651,90.637368819604,64.544853645247,30.2129827507069,32.729612638329,30.591884777536,28.0016372972809,21.294185743237,93.850257813475,0,0
591,"PAN","Panama",18264.1074091987,19200.1371789994,11283.2109695638,16835.9928746103,12349.2233250036,34322.7115729022,20644.527491522,39945.1384544317,36946.7607769143,15402.5059341638,23104.0935038125,17044.2695505193,14041.0869573145,14035.498450027,10553.6768576195,17316.7032400486
598,"PNG","Papua New Guinea",36009.936055587,54606.2569012901,31805.6895647103,58361.4704977265,39021.1385361387,56395.4238652632,49181.7041760231,71052.6945057436,49238.7406294634,68761.8798641653,53061.9467689148,73341.6520182528,56669.2489473539,105662.721005285,180814.785711698,178040.26119328
600,"PRY","Paraguay",150238.73294174,195124.639773281,267309.087472969,247347.943000453,262650.763982125,148256.361005125,426216.13022169,376342.829508032,353183.679291135,442300.414401219,457195.733434565,510219.720275471,318563.886400957,345746.496633096,279375.507050329,319823.313247506
604,"PER","Peru",86013.4844738925,80456.6978574762,73870.1587428663,101323.767842937,163024.21246219,88925.7188483981,115753.002601896,126618.310819235,177919.782564944,142330.4441817,125284.916441351,275468.959116403,209353.281133053,205478.251625623,166522.677316886,230977.384179124
608,"PHL","Philippines",35165.191704454,32309.1892616129,35154.2053513575,48579.0624270922,49781.584814808,57428.5250483921,66498.0254214314,38702.7045517085,60889.62030792,102649.356462298,33252.8617840791,59586.5412312752,58871.1403993422,102456.187802757,65895.6463383106,129109.707051686
612,"PCN","Pitcairn",NA,NA,NA,NA,NA,NA,NA,NA,NA,NA,NA,NA,NA,NA,NA,NA
616,"POL","Poland",19103.0461208171,31087.7221046681,33323.8578793616,41941.1616564512,82451.0520915769,37706.1636420129,57404.1304304641,47973.9666050779,46976.5106468153,71873.8567768523,56692.7494335051,54937.2593635033,35029.5891906446,56308.2682346688,42767.3841463144,86595.1314297687
620,"PRT","Portugal",24405.379822218,34903.3491456237,26840.3363698558,55314.5576732573,38934.4251510123,42566.2416108962,36321.9387482028,33614.9566234621,39859.771978764,48400.9189736659,26672.7635932513,58236.1351751936,51884.1960734679,60258.8559557572,46097.0254368573,94646.724289686
630,"PRI","Puerto Rico",1252.36223113036,1168.09577750764,1194.08945417794,1323.68433150992,1288.00731450763,1242.99838644757,1037.45105638166,1215.50516191022,952.681191895248,595.27982619764,1227.76250043921,653.755394358184,701.641565115785,871.416951212457,722.224125479851,599.274683043018
634,"QAT","Qatar",NA,NA,NA,NA,NA,NA,NA,NA,NA,NA,NA,NA,NA,NA,NA,NA
178,"COG","Republic of Congo",27028.7785486283,24307.0750195655,18510.8602164198,13830.0123695621,18847.2467384252,22157.7709686176,29768.008418723,17366.5114743164,19068.1002680998,44652.4385359087,28357.320184078,32138.2597060556,54644.9481330552,72894.7674380967,47804.2583188204,114292.752352228
638,"REU","Reunion",28.6172141318282,502.668375234887,142.627597075075,0,225.3239566024,628.896487642402,0,15.1003562754963,187.18701707302,223.366945342268,562.41627106536,852.32513484475,1652.94188746658,675.05576926931,8.5622289971898,7.4046171791905
642,"ROU","Romania",17535.5287921477,16356.4454512548,9427.59894677847,18859.007717973,19418.2137696511,13066.5192306663,38081.926098486,17535.3640436635,16176.9328268874,17781.764870924,16927.4217457013,30649.6524741828,12946.1558422273,19481.7070532538,10906.3498481858,23045.1540785936
643,"RUS","Russia",1826603.35704566,2700385.31516388,3030066.8761359,3521019.00901047,1589994.0205169,2233421.41691669,2338922.59073433,3047995.73551355,2111645.72501454,1859579.29473703,3021491.7952086,5391247.43659428,4965545.20722272,4489898.525929,2332118.14810208,5051688.85546956
646,"RWA","Rwanda",1518.53519395501,941.646354553173,1062.08118473514,1122.76384274865,823.461114644196,745.532899746575,1430.20743622021,1101.32275203669,1382.73446693141,2452.30628586402,928.011078265521,1091.60534461971,2476.23949353734,2903.27903730162,2219.41303705685,2778.05645415501
654,"SHN","Saint Helena",NA,NA,NA,NA,NA,NA,NA,NA,NA,NA,NA,NA,NA,NA,NA,NA
659,"KNA","Saint Kitts and Nevis",45.609658676038,19.7907505767222,32.1473844194552,25.0763394026199,18.9032536789721,20.4544453014571,12.2868948490682,22.8081658066779,33.7680649503221,18.5384119099402,12.3588057568691,10.7411712352874,5.1476497272318,3.972500660964,0.956671546135,8.3888959620325
662,"LCA","Saint Lucia",31.0804632085049,10.910968093216,19.4266862026913,40.2030161933189,53.960060447398,98.116952338623,48.575696001654,56.112567671978,54.92288419986,99.84201267666,61.578428120237,67.10805567306,36.093731171118,41.095924683429,7.175106600906,107.170384898438
666,"SPM","Saint Pierre and Miquelon",0,0.1058565628841,0,0,0,0,0.105908690273,0,0,0,0.053029115536,0,4.50619674444,0.582634527218,0,0
670,"VCT","Saint Vincent and the Grenadines",0,0,0,0,0,0,0,0,0,0,0,0,0,0,0,0
882,"WSM","Samoa",NA,NA,NA,NA,NA,NA,NA,NA,NA,NA,NA,NA,NA,NA,NA,NA
674,"SMR","San Marino",0,0.1114791289432,0.0557790917622,0.613287081050799,0.1672475959857,0,0.947952558701999,0.3903732103375,0.111559569861,0,0,0.4459349939912,0.1672718712332,0.167337275287,0.167272796081,0
678,"STP","Sao Tome and Principe",77.221905019108,0,0,0,0,0,0,0,0,0,0,0,0,0,0,0
682,"SAU","Saudi Arabia",0,0,0,0,0,0,0,0,0,0,0,0,0,0,0,0
686,"SEN","Senegal",70.5942748455259,164.430554420455,37.7889044494836,128.046959283852,71.5820307230589,41.2482558462293,172.321326107041,285.269920199916,160.873267935953,153.825393247414,116.842048745645,84.5033311781757,374.737672259138,326.71520470935,293.496239818178,254.557353876699
688,"SRB","Serbia",2379.58340046936,1134.98908845466,864.941010056002,2637.80435847867,1550.57372783433,1891.22304929506,2254.05646500949,3260.22161477555,2506.96852148541,2461.86868524524,2210.16161125568,3478.06472948469,2798.32775525792,4387.90946266611,2815.44017505538,4676.28041597447
690,"SYC","Seychelles",0.379574768038,0.227775334197,0,0,0.151844089358,0.151818216603,0,0,0.15181999224,0,0,0.60739748259,1.21474887631,2.04983297647,0,0
694,"SLE","Sierra Leone",18596.4252986842,15310.2419718473,9098.94683084149,4019.8394906611,6872.40483847659,28525.928395647,21878.4775279295,20924.7092760274,30546.332832386,8782.21451403483,33929.4610834498,16356.2914569497,170277.732922596,161512.884145093,232761.353600616,177686.756809654
702,"SGP","Singapore",43.453894671134,123.51699899683,18.842758678478,34.9939302367599,82.2947647548,56.06806504188,74.44906843089,35.45650921462,177.04731510016,43.99259686654,73.9111539035,92.13825498825,25.918481198042,191.3519714334,154.97480247528,154.359627968714
534,"SXM","Sint Maarten",1.31828367657,0.439427722646,2.12410459014,1.09857178907,3.58881176203,2.27071644573,5.42039527812,1.6112539789,2.92971043821,0.219730671326,2.56352342344,0.292980248835,2.56347179032,0.219722042523,0,0.2929652295682
703,"SVK","Slovakia",3897.08785827013,4015.07723729111,3748.73993742035,4624.61261183293,27675.2072731636,8020.99832321409,9481.4813119108,13462.9957055681,11230.5178339655,17089.9065394524,11539.2098505409,9164.13345071474,5075.86099044561,17358.887918686,5279.56270899174,16941.9085994031
705,"SVN","Slovenia",615.46031050898,723.872507829829,528.349742586256,1271.78749734714,1950.95426172349,1246.11894832295,2106.65848425796,1856.87272013846,1951.3042367717,1433.95135342007,1436.13458370345,906.481677945042,638.888034670402,5388.78086622982,1024.5275249358,5394.6189191235
90,"SLB","Solomon Islands",2187.11744400453,3866.10666760673,2374.830165171,3543.180225223,6549.42591057438,5068.41963996568,5665.31338035668,8171.09597364336,6034.53830722199,6418.01787203069,5860.70599326087,8806.57498862208,9471.36844097241,16939.3115859549,14970.0461565913,17992.7559901148
706,"SOM","Somalia",339.303945921428,250.891330419902,105.372015334028,215.011191360718,271.911238867076,118.516696853972,270.587762493249,250.205047444249,307.114745737237,139.646429204756,184.50804264623,194.900665184087,315.842190410547,123.05745672557,65.9183728777519,86.3790476620342
710,"ZAF","South Africa",77644.6905991817,47679.9341415017,92572.6149225512,72602.0135840836,104652.346362292,104943.270667342,47105.1570360911,81375.5653691797,67278.3720827993,61758.7512705046,69616.7932377626,84896.5828567672,56368.9984952796,69667.2299616181,70156.9944774916,73546.0679538378
410,"KOR","South Korea",5503.44533486787,4705.32687187552,3611.33297343007,11406.2347424387,8922.22120400065,10148.4952144396,8096.1663345269,14022.0319056153,16415.8599035516,14425.1515236073,11709.6790210405,15941.0756429565,9469.91293795421,13425.7559198063,17340.9264753146,22537.6541723603
728,"SSD","South Sudan",4896.36253854636,8136.70521902379,2063.10148823848,10396.2197328344,10531.1182098924,8942.49648582303,9516.7009679726,8991.7881828677,8045.80500265947,3875.03543649323,8998.83182192765,6696.8538384092,4911.89063931347,6739.50884407846,2455.55487337085,4047.52202670298
724,"ESP","Spain",32811.0535192027,37699.0198096255,23315.3934360203,67273.8756174848,48955.0010464557,72719.0773233721,60256.31684771,44287.9742240001,67544.7799755839,56093.422150217,39325.5685096314,80495.8297144096,63955.8706596129,74226.4345636801,65413.8691973517,107562.364927224
144,"LKA","Sri Lanka",3759.5103633821,3427.68038552546,3149.49482101344,5599.44779294867,4682.15336473283,7730.47343640931,10241.8199589522,6499.71868646592,13974.770094292,7230.75619898263,14736.9220836631,14427.6346857845,7952.99607781391,12350.4442785847,7402.86273610078,17490.1252239564
275,"PSE","State of Palestine",2.219302277639,1.83028711456909,1.43876353318119,1.114804236489,0.4567733455427,0.7234155284039,1.1798821713607,2.5462645572606,1.24483022400179,1.310659811791,0.2613573180902,0.4577790368533,0.394443377694299,1.1799438550103,0.130280411313,0
729,"SDN","Sudan",26.9429531594205,76.1003558172704,18.668241637527,13.2068280499884,100.187873638593,4.1506645137648,184.920784926163,55.4770885087793,81.32070754363,41.8387576474836,205.239658256383,13.2047497875562,9.40374259736,5.61739840215,8.0557373979,26.6771069123928
740,"SUR","Suriname",3688.94705198394,3717.47756239498,4545.82724313879,5423.31178605282,3512.14450277973,3404.3502155137,3625.82787790351,7510.65375125891,7362.47524447043,7000.39741529188,5696.75454984266,19502.0193754762,10203.2708782873,14747.6628292623,11921.1955317189,16877.596383368
744,"SJM","Svalbard and Jan Mayen Islands",NA,NA,NA,NA,NA,NA,NA,NA,NA,NA,NA,NA,NA,NA,NA,NA
748,"SWZ","Swaziland",6734.85371066651,3800.76583825105,5760.35399239892,5363.85196182044,4535.0963008413,9431.39999547978,6469.37108747622,4582.25895186382,10654.2048379706,6660.33948274099,2621.92453533297,3527.10006830578,3126.10874376263,4960.46894110187,3215.78135444444,4801.90260669045
752,"SWE","Sweden",144927.195649791,178264.080811699,92619.3344170748,271564.201547297,248560.168671226,249126.153313546,182858.033596926,293724.026578504,208257.968627974,263646.385639541,205321.300743733,234882.615779482,197658.343973884,242522.740801536,216031.239838238,310348.255310664
756,"CHE","Switzerland",1165.21324732644,881.3039026888,433.28288506442,3829.65912219707,2321.12070444869,2048.85049592455,1852.24835165311,2419.26864017363,2274.49216362674,1737.94546222494,1939.85431802235,1518.06467724785,793.624675702986,1503.55265843812,772.566322774572,1678.9900987181
760,"SYR","Syria",267.235294734134,147.999194070036,114.806341714984,107.022345334588,791.807629943312,280.751557340525,1577.23688231446,834.157742395604,130.90677743735,240.532966553691,155.898351338346,5370.64172754635,1270.43285035189,958.294336118306,2393.1711692021,1812.67370145697
158,"TWN","Taiwan",1159.06811633717,1004.57402174548,1125.20616818018,1858.34382744339,1522.31502026483,2076.72250226297,1729.67014367778,2311.26756428549,8161.88753906715,2459.82198896156,1461.48699616019,1460.09860079792,953.162887224909,1054.21148798237,942.641042555289,3322.02311029764
762,"TJK","Tajikistan",61.5377278467188,36.6391204861852,31.8686930646213,20.0046512334788,28.5392653883624,19.433076637091,14.0399933996891,33.1141362831449,34.0410261361531,10.8578896481915,20.2017065174514,26.0412789528303,1.3190362559636,0.7830429886214,0,0
834,"TZA","Tanzania",82214.2040410019,85080.9008941698,84068.2090273956,66892.5873775419,91583.4141890234,85295.8441936671,121685.21293919,164250.732895881,143354.456764212,138486.410516346,137805.334655565,154433.354869743,181510.428610911,198227.561817811,111961.295508036,152854.229329951
764,"THA","Thailand",36101.9435872503,60882.1897366074,58447.8682187394,91835.2943375666,84287.0600426285,99820.5796334382,92628.6350873981,80143.3179792025,132690.342702503,134984.309304064,94544.6173327075,114508.120734936,84754.4124611482,137614.633742249,120807.579592804,171638.615468686
626,"TLS","Timor-Leste",677.502118805297,1604.21927751238,690.663588982423,2061.83477526675,1311.3841291669,2929.09219864834,1555.52207066123,832.729144026645,2633.96407070196,646.884758647747,1463.40078797188,1887.15469491862,462.708079908715,1883.47381630007,863.061855433138,1298.2893410023
768,"TGO","Togo",2776.23061621711,2020.78548264118,2054.05655887666,2761.03816429953,2047.96558756724,1687.80643043194,3187.39356798622,1177.75081835534,5579.99754172028,514.105134382924,1255.7789802341,1746.86773570844,2952.61623199434,2526.17722030264,940.295810156223,3463.78882260927
772,"TKL","Tokelau",NA,NA,NA,NA,NA,NA,NA,NA,NA,NA,NA,NA,NA,NA,NA,NA
776,"TON","Tonga",NA,NA,NA,NA,NA,NA,NA,NA,NA,NA,NA,NA,NA,NA,NA,NA
780,"TTO","Trinidad and Tobago",1829.09603509184,726.077009342142,726.436809104987,734.050423632644,1228.86395565506,1755.82523587457,1108.58661231643,1269.8981453664,1377.15590209984,3406.83339102281,374.719479723127,713.539398111329,759.227651005982,1569.45645896967,668.193640980759,1351.19613656815
788,"TUN","Tunisia",230.670434671384,243.871738666341,1539.08372844303,318.565345826066,632.972946278787,353.73525164668,878.480331186401,718.281967520975,981.753332269183,398.039719157215,2203.89002790125,1414.71721177894,1300.33344184156,2385.06085486089,1880.0227173156,1454.95610570446
792,"TUR","Turkey",22910.005489399,25722.2214167853,17743.8816808852,28978.0472602077,20410.7274523097,25884.8238122021,25344.1462043698,28891.3738764077,28108.2536095501,17007.9651433215,23887.9272349244,28467.0850543837,22542.9576688178,22005.4414873963,27735.2844777928,25633.047734697
795,"TKM","Turkmenistan",46.21279328971,105.17874006199,84.8627666525324,28.849719600547,30.5327797965746,13.629152826394,37.8076880506,74.7402183339539,12.9858426508979,8.873221635575,16.515233475996,8.986908645795,0.371512177904,0.9040841038481,0,0.0594439122591
796,"TCA","Turks and Caicos Islands",7.72720304958,4.652026517471,10.376101182997,10.4445482224899,22.250304432024,4.57794586604999,73.54047559614,61.238414421615,105.594921213972,38.418688804708,14.59910542796,7.656472901807,10.5163180035458,31.337306497725,21.25021906208,18.8870669099761
798,"TUV","Tuvalu",NA,NA,NA,NA,NA,NA,NA,NA,NA,NA,NA,NA,NA,NA,NA,NA
800,"UGA","Uganda",29667.5627337263,10853.3870018347,11990.7886379615,18080.1446637784,29178.8447435218,28457.0419437991,36631.1081075567,36930.7484804197,23306.6920454542,34165.6505246065,65080.318223843,29147.3825497044,47774.9613187668,54925.1249216736,54037.7260366712,67492.8134474088
804,"UKR","Ukraine",28812.572169998,27071.1958587487,38947.3955229781,49488.7316231016,36548.1748782446,42117.4943255562,64225.5339965411,53001.7488270816,48308.4584635946,52426.866692834,60341.788778408,55496.621223616,37701.6027659954,47176.0416756764,48903.207315045,106740.310397016
784,"ARE","United Arab Emirates",0,0,0,0,0,0,0,0,0,0,0,0,0,0,0,0
826,"GBR","United Kingdom",23244.1272506608,20112.3499596939,1875.16736966612,24846.8126339082,8872.53213175577,21053.7644143083,31222.4195949531,12505.1775518485,37709.6990123253,28469.2258970102,22657.271647861,35668.6662465466,28596.1452096408,30371.6576674008,23996.8960169071,28808.2469888108
840,"USA","United States of America",1943318.58476198,2038435.63628578,1649383.90950286,2746257.34002231,2691544.17728259,2605855.55439406,2435127.92882258,2213723.53874786,1608980.96318252,2167662.18831416,1663692.30440059,1964094.34926568,1736445.53611509,1736526.80715032,2289649.17878181,2264066.74970782
850,"VIR","United States Virgin Islands",122.51337074744,20.9028331331094,39.9544269387355,33.2749240298136,20.3046096342321,73.805937402748,25.063517927887,40.0191943511724,86.328965808173,21.344954114166,49.9176035144515,26.6246083356021,27.339885383843,21.471715972086,0.292475154016999,8.648971679943
858,"URY","Uruguay",7647.45272255679,6870.1186703476,10611.5103688825,15126.325975599,15919.0466150335,21029.2793985672,21529.633300355,23597.1978185906,19279.7833223716,17826.2689407364,28001.4128441099,31387.5303191422,19263.2143940838,25643.0788686649,17547.9212105877,23688.3486055332
860,"UZB","Uzbekistan",294.820902006964,265.231718812248,52.7988959533567,48.656391473446,21.1857501567463,53.0796752853598,43.1138912941875,43.5204278955582,96.4026070869578,31.9242427935613,33.4746554683938,55.3762050758552,24.6864992499617,83.1289088785639,0,0
548,"VUT","Vanuatu",124.333297908007,108.239649613656,529.26296175092,377.560462449545,254.483267123605,219.121386769799,111.898194871703,194.058884804869,1096.26694562703,307.628911653756,607.104417300181,198.186525559116,1111.05961755946,634.424555525209,3476.16022819398,1340.67431192569
862,"VEN","Venezuela",123881.144117024,90372.3770765082,87228.8727064333,90986.8566645647,94967.0067662497,85490.7585376822,114346.979723512,120575.161553228,142405.770633914,101285.582103005,74441.2198858045,105963.343486338,64519.8957080388,100975.107593881,61435.8437779155,207335.900972675
704,"VNM","Viet Nam",47445.2738161993,49642.986670972,43042.7394534662,73931.2281231537,102257.18618612,78821.6620751338,80277.7973278106,108432.905055068,137770.848366598,174356.020946191,130845.110385767,181327.607558401,132472.003282761,217391.335939711,217930.767677988,353486.800309911
876,"WLF","Wallis and Futuna Islands",NA,NA,NA,NA,NA,NA,NA,NA,NA,NA,NA,NA,NA,NA,NA,NA
732,"ESH","Western Sahara",NA,NA,NA,NA,NA,NA,NA,NA,NA,NA,NA,NA,NA,NA,NA,NA
887,"YEM","Yemen",0,0,0,0,0,0,0,0,0,0,0,0,0,0,0,0
894,"ZMB","Zambia",30174.0486610736,46399.1074873704,41967.4801383921,28493.7238919803,57572.5307003348,40523.7647729773,53756.2386416266,66207.6564949163,117766.948630374,174220.575594899,60092.5535465257,129692.51729065,84858.4124640579,115264.6163174,87626.3888616803,141679.45358368
716,"ZWE","Zimbabwe",8205.93418504491,8016.1708507238,7312.19834059953,8421.51529499368,11748.8351530128,14883.2767942123,9299.78555742251,5435.13086861343,19401.9711266148,6635.2984101176,9039.17270343299,13802.6893412656,9631.6321427053,9644.76629411457,12261.7387556529,10955.480626395
