"code","iso","country","CDT.raw.1990","CDT.raw.1991","CDT.raw.1992","CDT.raw.1993","CDT.raw.1994","CDT.raw.1995","CDT.raw.1996","CDT.raw.1997","CDT.raw.1998","CDT.raw.1999","CDT.raw.2000","CDT.raw.2001","CDT.raw.2002","CDT.raw.2003","CDT.raw.2004","CDT.raw.2005","CDT.raw.2006","CDT.raw.2007","CDT.raw.2008","CDT.raw.2009","CDT.raw.2010","CDT.raw.2011","CDT.raw.2012","CDT.raw.2013","CDT.raw.2014"
4,"AFG","Afghanistan",2.915024,2.684445333,1.392268964,1.322704,1.267744,1.220112,1.15416,1.069888,1.014928,0.798752,0.75112,0.795088,1.069888,1.194464,0.948976,1.326368,1.652464,2.268016,4.202608,6.763744,8.452848,12.230432,10.746512,10.006384,9.8012
8,"ALB","Albania",6.043728,4.110448,2.238928,2.078928,2.136002667,1.948928,1.962592,1.481296,1.800304,2.971296,3.167936,3.22,3.75,4.109456,4.295792,4.065488,4.050144,4.223344,4.168,4.323264,4.578528,5.03768,4.575536,4.786832,5.215536
12,"DZA","Algeria",68.04974133,67.10280267,66.33368,73.65376,71.733456,73.27216533,71.63152267,73.08301333,74.81453333,77.83158667,78.920376,75.12382933,80.820736,84.26778933,85.45085067,89.68263733,94.50972267,101.4078933,105.9050373,114.1401387,114.5344987,118.634936,126.5931627,129.8822507,140.6703707
16,"ASM","American Samoa",NA,NA,NA,NA,NA,NA,NA,NA,NA,NA,NA,NA,NA,NA,NA,NA,NA,NA,NA,NA,NA,NA,NA,NA,NA
20,"AND","Andorra",0.406704,0.406704,0.406704,0.410368,0.406704,0.425024,0.454336,0.465328,0.490976,0.51296,0.523952,0.523952,0.53128,0.534944,0.560592,0.575248,0.545936,0.538608,0.538608,0.516624,0.516624,0.490976,0.487312,0.47632,0.461664
24,"AGO","Angola",6.34592,6.545333333,6.392610667,6.915789333,6.708005333,10.79255467,11.43743467,11.75621067,11.40068533,12.66564533,12.38786133,12.96373333,13.674544,18.07588,19.04696533,18.34896267,20.47827467,23.62988,25.27922133,27.35021333,28.678816,29.57410933,29.95305867,31.82326133,33.29241333
660,"AIA","Anguilla",NA,NA,NA,NA,NA,NA,NA,NA,NA,NA,NA,NA,NA,NA,NA,NA,NA,NA,NA,NA,NA,NA,NA,NA,NA
28,"ATG","Antigua and Barbuda",0.282128,0.267472,0.263808,0.271136,0.267472,0.2748,0.29312,0.307776,0.318768,0.32976,0.344416,0.34808,0.370064,0.40304,0.42136,0.428688,0.443344,0.468992,0.479984,0.509296,0.523952,0.51296,0.523952,0.523952,0.53128
32,"ARG","Argentina",105.8837973,110.9934213,113.0807547,114.2916587,122.132056,123.9986107,133.6614107,137.7197387,141.189776,144.520928,143.517288,132.731496,125.0910347,135.4355867,151.2345573,154.4731653,164.4163493,171.8869707,183.0729733,175.186464,180.5020453,188.4899147,192.6243547,188.684128,199.7887707
51,"ARM","Armenia",20.08126483,20.90365426,10.847856,5.018928,2.731296,3.483584,2.539232,3.30656,3.430224,3.072896,3.52992,3.610224,3.085872,3.460528,3.709152,4.430448,4.46144,5.159072,5.65472,4.504496,4.291824,4.878848,5.65984,5.456176,5.432512
533,"ABW","Aruba",NA,NA,NA,NA,NA,NA,NA,NA,NA,NA,NA,NA,NA,NA,NA,NA,NA,NA,NA,NA,NA,NA,NA,NA,NA
36,"AUS","Australia",263.6924213,264.607144,268.1696507,272.1236187,278.4525093,288.917216,299.5014667,306.845688,327.6525013,333.2828187,338.9843467,345.2049333,353.2105813,357.2840853,371.0193787,376.472832,382.162976,392.361904,394.960832,400.9866107,394.1143093,392.17924,391.817944,387.8513547,378.8118027
40,"AUT","Austria",58.720224,62.948848,58.096176,58.262208,58.627248,61.506272,65.240928,64.429936,65.049936,63.391616,63.753296,68.134288,69.502912,74.794592,76.129088,76.82168,74.29824,72.074112,72.275408,65.995648,70.791456,68.985728,66.120384,66.413744,62.971072
31,"AZE","Azerbaijan",57.96205019,67.43434057,44.624696,53.51538133,47.56410933,45.752648,40.35422667,39.43773867,39.36911467,38.75870933,39.98146133,38.67267733,38.07624,34.28865867,34.07384267,36.668816,34.19333067,27.53272,29.595088,25.1612,24.167536,28.792016,31.07183467,31.79671467,33.14897333
44,"BHS","Bahamas",1.949248,1.780704,1.788032,1.696432,1.68544,1.678112,1.66712,1.363008,1.678112,1.670784,1.66712,1.568192,1.57552,1.516896,1.72208,1.7404,1.663456,1.689104,1.494912,1.637808,1.652464,1.861312,1.967568,2.799296,2.410912
48,"BHR","Bahrain",10.75328,10.35328,12.28992,13.083584,13.393584,13.548928,14.185264,14.424272,15.533584,15.466944,15.883968,16.393968,17.222976,17.965952,17.977856,20.757856,22.547856,23.057856,24.82984,24.81808,26.137232,26.218528,26.764176,28.954176,30.437456
50,"BGD","Bangladesh",11.588544,10.885568,11.875568,12.625568,13.609232,16.619232,16.992432,19.245632,19.589216,20.710576,22.724368,27.335184,29.03152,30.28152,32.22152,34.492816,37.732816,39.842816,45.85304,50.009648,56.712672,60.600672,64.899136,67.961248,70.741168
52,"BRB","Barbados",1.073552,1.205456,0.978288,1.113856,0.75112,0.828064,0.850048,0.89768,1.139504,1.20912,1.187136,1.220112,1.22744,1.271408,1.293392,1.352016,1.370336,1.363008,1.619488,1.615824,1.50933783,1.527888,1.505349064,1.48002583,1.285948915
112,"BLR","Belarus",101.4985559,97.76603357,87.976832,76.295312,64.750128,57.555552,58.5428,59.12432,57.304928,55.127904,53.029664,51.79768,51.86088,52.601104,55.819344,56.570864,58.9704,57.62528,60.543136,58.079088,62.117024,59.223664,60.223888,60.760832,60.229296
56,"BEL","Belgium",109.701488,114.499728,113.163072,110.92224,116.141616,115.726352,120.726816,117.69208,119.718128,116.18736,117.511408,118.225072,110.977136,115.594624,114.405232,111.064912,108.211696,104.510528,107.105232,99.51616,108.387456,97.086144,95.109056,96.448448,90.40112
84,"BLZ","Belize",0.31144,0.359072,0.355408,0.377392,0.373728,0.377392,0.307776,0.388384,0.370064,0.34808,0.395712,0.447008,0.432352,0.432352,0.392048,0.42136,0.443344,0.47632,0.436016,0.58624,0.534944,0.600896,0.47632,0.51296,0.49464
204,"BEN","Benin",0.410224,0.361216,0.3932,0.462816,0.450832,0.509456,1.089536,1.258928,1.308928,1.438928,1.544576,1.854576,2.144576,2.404576,2.554576,2.804576,3.983792,4.563104,4.500512,4.845856,5.198528,5.409136,5.592496,5.937152,6.43616
60,"BMU","Bermuda",NA,NA,NA,NA,NA,NA,NA,NA,NA,NA,NA,NA,NA,NA,NA,NA,NA,NA,NA,NA,NA,NA,NA,NA,NA
64,"BTN","Bhutan",0.12824,0.186864,0.216176,0.1832,0.208848,0.249152,0.296784,0.388384,0.381056,0.38472,0.395712,0.388384,0.417696,0.377392,0.307776,0.395712,0.392048,0.392048,0.417696,0.388384,0.487312,0.7328,0.817072,0.919664,1.003936
68,"BOL","Bolivia",5.647290667,5.685610667,6.749874667,7.706709333,8.888149333,8.208650667,7.810634667,7.881930667,8.397882667,7.793712,8.127304,7.629216,8.089621333,8.934986667,9.485776,10.116384,10.95694133,11.93190133,13.00281333,13.81670133,15.17532533,16.57565067,18.51966933,18.89386133,20.42701067
70,"BIH","Bosnia and Herzegovina",24.14137513,21.60339744,16.00328,13.44328,3.190912,3.393584,4.20328,8.518928,10.800224,10.560224,14.03144,13.851744,14.674336,14.993344,15.710288,16.37296,18.081888,19.057536,20.939824,20.744944,20.962656,23.843344,22.07136,21.94968,22.037696
72,"BWA","Botswana",2.81,2.73,3.3,3.25,3.08,3.19,2.92,3.07,3.68,3.86,4.03,3.87,4.03,3.91,3.97,4.28,4.09,4.32,4.39,4.71,3.39824,3.990224,5.0732,5.4232,7.0632
76,"BRA","Brazil",199.8423093,206.8938427,210.575824,217.1406827,224.940624,243.770192,265.9244533,284.8526373,294.093488,303.810728,315.621208,323.026696,320.9943813,312.30016,329.5981467,334.3279493,338.2992853,356.3927173,377.7367707,356.4584987,404.4198,424.7567813,459.4648187,488.6073813,514.481984
92,"VGB","British Virgin Islands",NA,NA,NA,NA,NA,NA,NA,NA,NA,NA,NA,NA,NA,NA,NA,NA,NA,NA,NA,NA,NA,NA,NA,NA,NA
96,"BRN","Brunei Darussalam",3.91648,3.38,3.58,3.86,4.14,4.5,4.834576,5.214576,4.416256,4.292592,4.537248,4.423584,4.480912,5.367248,5.040912,4.951904,7.330912,6.938928,7.340912,7.53992,6.995568,7.152896,7.299,7.182664,7.149405333
100,"BGR","Bulgaria",76.918624,57.793472,55.17256,55.510272,53.04264,53.773248,54.246224,52.1244,49.888368,44.06592,43.2892,46.070576,43.556224,47.777904,47.2656,48.302688,49.690848,53.1884,50.849312,43.71904,45.378288,50.140656,45.193792,40.241344,43.053328
854,"BFA","Burkina Faso",0.582576,0.626544,0.630208,0.626544,0.644864,0.626544,0.707152,0.80608,0.86104,0.930656,1.040576,0.996608,1.003936,1.077216,1.102864,1.124848,1.359344,1.645136,1.916272,1.930928,1.96024,2.209392,2.627088,3.055776,2.846928
108,"BDI","Burundi",0.208848,0.23816,0.216176,0.230832,0.234496,0.23816,0.245488,0.252816,0.252816,0.25648,0.2748,0.208848,0.212512,0.161216,0.197856,0.153888,0.186864,0.190528,0.194192,0.190528,0.212512,0.241824,0.282128,0.289456,0.43968
116,"KHM","Cambodia",1.260416,1.304384,1.348352,1.384992,1.476592,1.521296,1.628928,1.71328,1.95328,1.91,1.96,2.15,2.21,2.38,2.38,2.65,2.96,3.633968,4.15472,4.815328,5.012048,5.290672,5.547312,5.707616,6.79616
120,"CMR","Cameroon",2.95144,2.690144,2.577776,6.721362667,7.328813333,7.16604,6.364984,6.652536,6.824824,6.599784,6.789277333,6.425005333,6.319488,6.187989333,6.64124,6.710704,7.054824,8.247517333,8.324237333,8.915533333,9.104237333,8.322210667,7.615072,8.02324,7.946781333
124,"CAN","Canada",429.452424,422.1685387,433.2943733,430.790368,447.939616,458.5988267,472.861584,488.9129227,496.4408427,505.3412853,526.8302933,518.6948267,524.7524293,544.7309733,536.5525733,545.590712,535.03956,567.201384,552.9984827,522.0434693,534.835864,544.8185147,546.7475867,558.8472693,564.3863707
132,"CPV","Cape Verde",0.095264,0.098928,0.106256,0.10992,0.113584,0.120912,0.142896,0.14656,0.157552,0.1832,0.216176,0.234496,0.2748,0.307776,0.32976,0.43968,0.472656,0.505632,0.468992,0.523952,0.556928,0.615552,0.505632,0.498304,0.490976
136,"CYM","Cayman Islands",NA,NA,NA,NA,NA,NA,NA,NA,NA,NA,NA,NA,NA,NA,NA,NA,NA,NA,NA,NA,NA,NA,NA,NA,NA
140,"CAF","Central African Republic",0.197856,0.205184,0.216176,0.223504,0.234496,0.234496,0.234496,0.245488,0.249152,0.263808,0.267472,0.245488,0.245488,0.234496,0.234496,0.234496,0.249152,0.252816,0.252816,0.252816,0.263808,0.278464,0.29312,0.296784,0.300448
148,"TCD","Chad",0.142896,0.065952,0.084272,0.0916,0.102592,0.10992,0.124576,0.142896,0.150224,0.161216,0.175872,0.172208,0.168544,0.381056,0.377392,0.399376,0.406704,0.461664,0.509296,0.490976,0.516624,0.538608,0.611888,0.699824,0.729136
152,"CHL","Chile",30.813472,29.709424,31.72258667,32.630024,35.70007467,38.8546,44.874136,51.445432,52.182376,54.297352,50.455896,48.575512,49.299864,50.570472,55.388408,56.52262933,57.81758933,65.601296,69.19760267,66.17563467,70.56655811,77.54944267,79.68170133,84.55230933,78.34711923
156,"CHN","China",2180.58384,2313.02672,2435.157552,2669.317248,2795.55392,3124.228736,3116.852528,3161.59608,3266.780944,3185.488192,3383.687488,3572.097264,3858.5704,4482.198352,5207.57488,5890.703696,6529.168464,7146.846016,7306.1056,7845.421776,8614.959888,9510.940096,9722.22184,10181.24094,10328.73357
170,"COL","Colombia",49.22264,50.988288,53.71817067,56.408032,57.144192,59.84744267,59.56299733,63.950536,64.85001333,57.578384,59.849064,58.854456,56.620872,56.317272,56.689096,59.351656,59.19842667,60.82138667,61.54139467,64.616704,66.04168533,71.910264,71.91295733,77.89829333,79.983136
174,"COM","Comoros",0.062288,0.065952,0.065952,0.069616,0.069616,0.07328,0.076944,0.080608,0.087936,0.0916,0.102592,0.102592,0.102592,0.131904,0.142896,0.139232,0.161216,0.102592,0.106256,0.131904,0.161216,0.135568,0.142896,0.175872,0.153888
184,"COK","Cook Islands",0.03664,0.03664,0.03664,0.040304,0.040304,0.040304,0.047632,0.047632,0.047632,0.047632,0.047632,0.032976,0.029312,0.032976,0.05496,0.062288,0.065952,0.065952,0.069616,0.069616,0.069616,0.069616,0.069616,0.069616,0.069616
188,"CRI","Costa Rica",2.907776,3.10808,4.20808,4.238688,4.918992,4.872352,4.584032,4.558992,5.092272,5.1096,5.023952,5.507232,5.617232,5.884256,6.057456,6.436608,6.66616,7.816832,7.727904,7.407904,7.247536,7.45616,7.53616,7.859136,7.917456
384,"CIV","Cote d'Ivoire",2.949152,3.039152,3.022816,3.209152,3.6396,3.758304,4.368304,5.3296,5.152432,7.012432,6.652432,6.582432,6.702432,5.472432,5.742432,6.132432,5.809536,5.784496,6.539536,6.059232,7.10768,6.75768,8.825312,9.786832,10.647056
191,"HRV","Croatia",21.72349024,15.94429237,15.01936,15.659056,15.012256,15.630048,15.569664,17.32256,18.763168,18.732016,18.201632,19.365824,20.531776,22.001008,21.497952,21.643072,21.761696,23.008032,21.856432,20.514608,19.478432,19.181104,17.483552,17.061488,16.308816
192,"CUB","Cuba",35.594912,27.546608,22.226608,20.153952,21.678608,23.1728,25.125472,27.51358133,27.067832,27.944472,28.317528,27.28364,26.06364,25.334632,25.083944,25.994552,26.454168,27.3718,26.484168,30.303864,33.60282133,30.68941067,31.48337867,30.30277067,30.28950578
531,"CUW","Curacao",NA,NA,NA,NA,NA,NA,NA,NA,NA,NA,NA,NA,NA,NA,NA,NA,NA,NA,NA,NA,NA,NA,NA,NA,NA
196,"CYP","Cyprus",4.454256,5.004256,5.314256,5.482272,5.663952,5.559296,5.848304,5.924336,6.410896,6.645248,6.99616,6.871504,7.058144,7.837072,7.75272,7.94768,8.000352,8.35432,8.53264,8.236464,7.923184,7.600896,7.02296,6.045024,6.1264
203,"CZE","Czech Republic",153.5933407,139.6844568,134.769824,131.585712,125.241744,125.683584,127.228848,125.239232,119.233664,112.184128,123.370848,122.959712,118.824832,123.124064,123.808944,120.442224,121.054128,123.670224,118.278624,110.918336,113.12544,112.38024,107.381088,102.771168,98.389328
180,"COD","Dem. Rep. Congo",3.220832,1.754576,1.497936,1.44328,1.294272,1.257248,1.270912,1.212288,1.335952,1.330608,0.934272,0.808928,0.901904,1.10488,1.21152,1.540144,1.650144,1.803808,1.925184,1.970832,2.115488,2.567168,2.475184,3.703504,4.82488
208,"DNK","Denmark",52.01689067,62.63158933,56.835608,59.20512267,63.20206667,59.994304,73.32465867,63.70972,59.60336267,56.550568,52.242632,53.41329867,53.49891733,58.916984,53.40695467,49.87817867,58.21488267,53.3672,50.14562933,47.848216,48.21193067,43.095464,37.8918,39.75116267,35.60844
262,"DJI","Djibouti",0.322432,0.31144,0.31144,0.31144,0.304112,0.304112,0.31144,0.326096,0.315104,0.315104,0.340752,0.3664,0.399376,0.42136,0.406704,0.414032,0.410368,0.461664,0.498304,0.461664,0.516624,0.472656,0.516624,0.608224,0.721808
212,"DMA","Dominica",0.058624,0.058624,0.058624,0.062288,0.065952,0.080608,0.07328,0.080608,0.076944,0.080608,0.102592,0.10992,0.102592,0.117248,0.113584,0.117248,0.113584,0.153888,0.131904,0.131904,0.139232,0.12824,0.135568,0.131904,0.135568
214,"DOM","Dominican Republic",7.927616,8.305552,9.711504,9.603872,11.227536,11.945472,12.837072,14.626,16.657984,17.82584,19.529424,19.196672,20.71056,18.27728,16.862704,18.704992,20.373296,20.584512,20.815808,20.299936,21.214512,21.393216,21.999168,21.804128,21.652592
218,"ECU","Ecuador",15.69943733,16.26037867,17.30885067,16.23308,17.126056,19.90911733,22.62430133,23.678936,23.502376,19.472152,21.331304,22.539928,23.100232,22.99623467,25.79943467,27.50994133,29.21878933,30.04267733,30.47350133,32.564248,35.669136,36.88681067,38.175536,40.342088,43.22381867
818,"EGY","Egypt",87.04581867,89.682496,92.644168,92.17525067,87.07242667,92.52978133,97.50169867,104.7605893,110.1502907,115.6344507,113.3254053,125.7074667,128.6712427,132.2264587,143.930648,162.2152693,171.5426133,185.2218027,192.2370027,199.3307787,199.7162933,205.2970267,217.5068347,200.7852133,200.2581093
222,"SLV","El Salvador",2.428768,3.107088,3.378848,3.978688,4.515024,5.013344,4.452656,5.379296,5.74128,5.67296,5.70128,6.09624,6.18952,6.602496,6.560208,6.814256,7.172192,7.568528,6.788528,6.69456,6.4612,6.66952,6.708832,6.327232,6.378304
226,"GNQ","Equatorial Guinea",0.065952,0.142896,0.157552,1.028941333,0.962989333,1.058253333,1.535957333,1.766536,1.64196,2.029584,2.113349333,2.435528,2.954685333,4.932602667,5.703544,4.925274667,5.460218667,5.283976,4.943224,5.494461333,5.279552,5.200210667,5.449109333,5.100776,5.032173333
232,"ERI","Eritrea",NA,NA,0.44,0.63,0.731984,0.805648,0.871984,0.829312,0.611984,0.651984,0.631984,0.691984,0.681984,0.691984,0.681984,0.601984,0.521984,0.511984,0.451984,0.471984,0.501984,0.605264,0.67824,0.67824,0.710224
233,"EST","Estonia",36.433405,32.75957982,24.010448,18.419152,17.83152,16.168848,17.114192,16.712512,16.081216,15.079536,14.67488,15.17152,14.800832,16.812816,16.927776,17.182736,15.95136,19.805328,18.16304,14.921216,18.836864,17.933504,16.681824,19.087168,17.743504
231,"ETH","Ethiopia",2.338544,2.352896,1.540224,1.975872,2.300832,2.624112,2.934416,3.123728,3.293728,3.238768,3.63968,4.487008,4.657008,5.134256,5.455856,5.270432,5.66104,6.199744,6.782336,6.83272,6.777072,7.906912,9.014064,10.99152,11.819376
234,"FRO","Faeroe Islands",NA,NA,NA,NA,NA,NA,NA,NA,NA,NA,NA,NA,NA,NA,NA,NA,NA,NA,NA,NA,NA,NA,NA,NA,NA
238,"FLK","Falkland Islands",NA,NA,NA,NA,NA,NA,NA,NA,NA,NA,NA,NA,NA,NA,NA,NA,NA,NA,NA,NA,NA,NA,NA,NA,NA
242,"FJI","Fiji",0.809744,0.670512,0.743792,0.747456,0.747456,0.762112,0.820736,0.795088,0.765776,0.784096,0.839056,1.058896,0.890352,1.047904,1.352016,1.095536,1.216448,1.157824,0.894016,0.791424,1.220112,1.088208,1.058896,1.150496,1.168816
246,"FIN","Finland",54.651728,55.20952,52.354256,53.497696,59.982352,56.150672,62.657312,60.600672,57.345936,56.662192,55.257152,61.16952,63.467232,71.883792,67.684864,55.47784,67.139056,65.178368,56.713408,54.023952,62.45456,55.132496,49.404864,50.008528,45.87288
250,"FRA","France",358.65376,383.39872,369.744992,351.016912,346.200944,353.352192,369.134256,360.77616,382.096928,376.566,374.585696,377.965472,372.083952,377.943872,379.396064,381.023616,372.16016,363.972912,359.553088,342.364816,348.917568,320.053344,320.574208,326.1068,294.151168
254,"GUF","French Guiana",NA,NA,NA,NA,NA,NA,NA,NA,NA,NA,NA,NA,NA,NA,NA,NA,NA,NA,NA,NA,NA,NA,NA,NA,NA
258,"PYF","French Polynesia",NA,NA,NA,NA,NA,NA,NA,NA,NA,NA,NA,NA,NA,NA,NA,NA,NA,NA,NA,NA,NA,NA,NA,NA,NA
266,"GAB","Gabon",4.141610667,4.356317333,4.615144,4.712472,4.449981333,4.614637333,4.729293333,4.846621333,4.946621333,4.835629333,4.684536,4.609778667,4.352986667,4.417693333,4.457693333,4.64828,4.0618,4.077730667,4.137730667,4.208722667,4.794066667,5.674797333,5.894848,5.826658667,5.762538667
270,"GMB","Gambia",0.175872,0.179536,0.179536,0.186864,0.186864,0.197856,0.197856,0.197856,0.212512,0.230832,0.245488,0.252816,0.289456,0.289456,0.296784,0.296784,0.307776,0.351744,0.3664,0.377392,0.428688,0.447008,0.450672,0.428688,0.509296
268,"GEO","Georgia",33.69919792,25.70319807,20.109152,16.120224,10.451296,8.181296,6.373968,5.523968,5.008928,4.548544,4.802208,3.548544,2.992208,3.192208,3.412512,4.283504,4.743504,5.673504,4.893504,5.722352,5.418688,6.697456,7.37944,7.49608,8.529744
276,"DEU","Germany",959.069984,935.964912,897.1822427,890.877856,878.5925627,874.2142693,903.7365387,873.6244827,865.909536,835.550896,832.5623307,850.0908587,835.922888,839.5118427,822.786008,804.3993547,818.142696,785.58812,793.5254133,737.1591973,775.064608,749.7721173,762.5283973,780.938392,740.74044
288,"GHA","Ghana",2.877088,2.653728,3.189296,3.320896,3.610512,3.858528,4.257456,4.446384,6.273408,6.790656,5.95096,6.425312,7.635312,7.355312,6.865312,7.29768,8.64768,9.28768,8.65768,10.14768,11.497904,12.44870667,14.53844533,15.309032,14.71432533
292,"GIB","Gibraltar",NA,NA,NA,NA,NA,NA,NA,NA,NA,NA,NA,NA,NA,NA,NA,NA,NA,NA,NA,NA,NA,NA,NA,NA,NA
300,"GRC","Greece",76.6784,76.03727711,77.68144077,78.54954066,80.16783023,83.74743909,83.75698067,84.867232,88.26456,88.008624,95.685392,97.48296,97.455488,101.195024,101.03288,102.768832,101.961648,106.266288,100.779024,95.226016,88.03664,84.93632,79.535184,71.87616,68.433808
304,"GRL","Greenland",NA,NA,NA,NA,NA,NA,NA,NA,NA,NA,NA,NA,NA,NA,NA,NA,NA,NA,NA,NA,NA,NA,NA,NA,NA
308,"GRD","Grenada",0.106256,0.10992,0.117248,0.120912,0.142896,0.150224,0.153888,0.168544,0.175872,0.194192,0.190528,0.194192,0.205184,0.216176,0.205184,0.216176,0.230832,0.23816,0.252816,0.252816,0.260144,0.252816,0.271136,0.304112,0.241824
312,"GLP","Guadeloupe",NA,NA,NA,NA,NA,NA,NA,NA,NA,NA,NA,NA,NA,NA,NA,NA,NA,NA,NA,NA,NA,NA,NA,NA,NA
316,"GUM","Guam",NA,NA,NA,NA,NA,NA,NA,NA,NA,NA,NA,NA,NA,NA,NA,NA,NA,NA,NA,NA,NA,NA,NA,NA,NA
320,"GTM","Guatemala",4.045392,4.128144,4.91616,5.186928,5.517232,6.435248,6.262272,6.637536,8.387456,8.308752,9.558288,9.986608,10.646608,10.636608,11.335536,11.814464,11.824464,12.71576,11.49576,11.977456,11.71232,11.901632,12.026288,13.700256,17.884064
324,"GIN","Guinea",1.003936,1.02592,1.058896,1.088208,1.249424,1.289728,1.363008,1.417968,1.50224,1.579184,1.641472,1.718416,1.802688,1.879632,1.94192,1.824672,1.890624,1.967568,2.187408,2.260688,2.60144,2.777312,2.579456,2.297328,2.443888
624,"GNB","Guinea-Bissau",0.172208,0.175872,0.179536,0.1832,0.1832,0.1832,0.1832,0.20152,0.172208,0.194192,0.14656,0.150224,0.153888,0.194192,0.20152,0.212512,0.216176,0.230832,0.227168,0.234496,0.23816,0.245488,0.252816,0.25648,0.271136
328,"GUY","Guyana",1.132176,1.113856,1.04424,1.04424,1.384992,1.461936,1.516896,1.590176,1.656128,1.678112,1.608496,1.59384,1.579184,1.564528,1.626816,1.436288,1.289728,1.560864,1.5572,1.564528,1.718416,1.780704,1.993216,1.934592,2.007872
332,"HTI","Haiti",1.028928,1.014576,0.908928,0.701296,0.19,0.9,1.06,1.27,1.3,1.35,1.38,1.612592,1.872896,1.782896,2.040224,2.130224,2.162896,2.462896,2.470224,2.390224,2.240224,2.290224,2.230224,2.320224,2.910224
336,"VAT","Holy See",NA,NA,NA,NA,NA,NA,NA,NA,NA,NA,NA,NA,NA,NA,NA,NA,NA,NA,NA,NA,NA,NA,NA,NA,NA
340,"HND","Honduras",2.506096,2.504416,2.782432,2.959072,3.307776,3.929072,3.992656,4.140288,4.767008,4.847312,5.1312,5.94952,6.228224,6.870208,7.722496,7.848832,7.231728,9.006688,8.770352,8.29768,8.138752,9.18608,9.21104,9.296384,9.596384
344,"HKG","Hong Kong",NA,NA,NA,NA,NA,NA,NA,NA,NA,NA,NA,NA,NA,NA,NA,NA,NA,NA,NA,NA,NA,NA,NA,NA,NA
348,"HUN","Hungary",67.636576,64.720416,58.273856,58.630416,58.013312,57.692624,58.720336,57.229648,57.634912,58.18392,54.946128,56.67337603,55.95572045,58.60282569,56.89307996,56.43487306,56.02066783,54.30302402,53.52758647,48.27466609,48.63256,46.59272,43.110656,41.5876,41.32958365
352,"ISL","Iceland",1.958624,1.921296,1.951296,1.983968,2.090304,2.000304,2.273968,2.161296,2.158624,2.115952,2.23328,2.162288,2.240304,2.233968,2.321296,2.295952,2.339616,2.389616,2.189616,2.149616,2.019616,1.939616,1.86,2.03,2.04
356,"IND","India",564.838216,608.9424907,630.3429867,653.2914587,688.6269147,743.8813947,782.3093333,825.26556,840.6923733,905.4438933,942.1554133,958.9095867,994.2326267,1017.558485,1095.01896,1153.748813,1232.08984,1351.13288,1439.29744,1617.082347,1705.6922,1795.128867,1927.216813,1993.516907,2158.18068
360,"IDN","Indonesia",149.7392213,163.745848,172.9423333,187.6232133,199.0593093,225.1411973,236.2859813,259.3071573,263.5754853,283.4586693,277.864616,299.0389547,305.2382773,335.2869787,340.8030293,343.7374453,363.55308,377.030784,375.4118,392.6087067,402.2756293,416.7645947,429.9713867,440.5813867,477.740632
364,"IRN","Iran",180.2291653,218.86132,234.6573147,232.6477973,262.5901573,273.8839813,281.979184,293.289112,294.986048,328.7097387,343.3174187,354.0919253,372.2472933,394.6708587,424.1696827,455.9649467,495.760104,529.1808773,540.167792,558.1938533,559.2634507,571.1090907,579.4080827,599.8202453,617.4255307
368,"IRQ","Iraq",65.63374667,47.17448,67.550728,88.94602133,99.90602133,96.30098133,98.36816533,115.9663973,81.653688,65.13213333,75.22043733,85.00043733,80.26446933,72.324296,75.63754667,88.64981867,84.38073067,77.861968,86.53832533,108.1100747,121.282512,132.89152,153.081,163.798208,170.9224053
372,"IRL","Ireland",30.923408,31.518752,31.628752,31.711808,32.849744,33.49104,34.943632,36.037904,38.596608,40.32744,42.134384,44.678416,43.736128,43.878944,44.87152,46.771824,47.690528,46.791296,46.278704,40.87232,40.517136,36.267904,36.287232,35.406608,34.856608
833,"IMN","Isle of Man",NA,NA,NA,NA,NA,NA,NA,NA,NA,NA,NA,NA,NA,NA,NA,NA,NA,NA,NA,NA,NA,NA,NA,NA,NA
376,"ISR","Israel",34.23896,35.089712,37.524896,41.300688,44.242592,47.962416,49.841968,51.929376,52.537984,53.865696,57.673264,58.461296,61.532672,63.29832,63.44344461,61.36441424,64.58864218,66.80441336,66.92281336,66.26350136,71.04486397,70.28283418,76.72957067,70.90140797,68.03399997
380,"ITA","Italy",409.22216,408.5952,406.322672,399.568752,394.681136,417.77944,414.645248,417.963104,429.40712,436.187472,439.707216,439.893232,447.849536,466.846528,477.475888,476.385056,472.886992,465.031424,450.181728,401.706496,409.033856,400.512656,379.656816,348.952288,330.37224
388,"JAM","Jamaica",7.45984,7.400528,8.13816,8.313504,8.373504,8.670144,9.048464,9.25312,9.738464,9.992816,10.050144,10.106784,10.277776,10.584112,10.65304,10.70136,12.117392,12.046784,10.062736,7.8664,7.289072,7.691056,7.247392,7.730368,7.584032
392,"JPN","Japan",1082.655392,1088.281184,1098.175328,1089.892736,1140.867104,1152.811856,1167.766064,1160.374656,1126.327504,1165.982944,1181.650256,1169.005904,1204.523616,1210.115728,1205.923232,1212.36808,1197.191968,1240.16712,1151.897888,1087.247792,1137.497312,1191.280064,1236.084816,1258.483312,1217.487664
400,"JOR","Jordan",10.208672,10.00784,12.330864,12.651392,13.533216,14.007728,14.401392,14.859488,15.05904,15.09736,15.745376,15.882848,16.953376,16.741392,18.785584,20.1252,20.47856,21.451456,20.83008,21.350928,20.836576,21.333312,24.802528,24.552144,26.352368
398,"KAZ","Kazakhstan",240.7822615,250.5097405,256.2888667,218.7802827,196.257208,173.0826373,150.0204747,126.8797733,130.365768,118.3418427,114.7745067,112.2754107,121.8908133,136.7835867,151.1341253,163.5222907,181.1618027,190.0296,233.149216,205.535936,224.420576,243.2669627,242.267376,256.9224747,231.8231467
404,"KEN","Kenya",6.27112,6.020816,6.09112,5.987152,5.991808,6.510432,7.135008,6.78112,7.290816,7.618144,8.331584,7.735856,7.559136,6.6844,7.610352,8.538896,9.524544,9.647744,10.23064,12.086128,13.06032,13.551376,12.661984,14.220832,15.130976
296,"KIR","Kiribati",0.021984,0.021984,0.025648,0.029312,0.029312,0.029312,0.032976,0.025648,0.029312,0.029312,0.029312,0.025648,0.040304,0.040304,0.043968,0.062288,0.069616,0.051296,0.05496,0.040304,0.062288,0.062288,0.062288,0.062288,0.062288
689,"XKX","Kosovo",NA,NA,NA,NA,NA,NA,NA,NA,NA,NA,NA,NA,NA,NA,NA,NA,NA,NA,NA,NA,NA,NA,NA,NA,NA
414,"KWT","Kuwait",29.559968,35.98156533,23.29382133,29.47916533,34.06831733,34.24097333,33.36662133,34.51662133,40.44052533,44.39449333,47.80991733,51.4986,54.26601333,56.33113867,59.337032,67.56050133,69.97202933,69.02318933,73.25000267,79.79955467,78.34955467,82.98413067,87.65211733,85.97785867,88.35723467
417,"KGZ","Kyrgyzstan",23.3805177,20.99595437,13.8496,10.14808,6.567856,4.613888,5.801136,5.726096,6.071744,4.810528,4.699152,3.994496,5.003808,5.637392,5.622352,5.373648,5.407616,6.571888,7.618224,6.809456,6.417392,7.719296,10.189216,9.715392,9.22104
418,"LAO","Laos",0.216176,0.234496,0.25648,0.25648,0.2748,0.34808,0.47632,0.608224,0.685168,0.923328,0.937984,0.872032,1.146832,1.0992,1.39232,1.403312,1.549872,0.908672,0.945312,1.256752,1.641472,1.623152,1.692768,1.57552,1.949248
428,"LVA","Latvia",19.0642254,17.47274909,14.027856,11.890224,10.260912,9.002592,9.061216,8.540912,8.2132,7.41,6.84,7.25,7.35824,7.60656,7.622896,7.719232,8.169232,8.510224,8.093888,7.359536,8.405104,7.713728,7.440672,7.408304,7.317232
422,"LBN","Lebanon",5.957008,7.397008,7.647456,11.594912,12.798416,14.552384,15.054064,16.578352,16.522464,17.002016,15.389648,16.589952,16.521632,16.99192,17.381072,16.753664,15.32712,13.977568,17.887792,21.710224,20.805104,21.240672,23.645408,23.545552,25.118
426,"LSO","Lesotho",1.469264,1.527888,1.586512,1.634144,1.674448,1.707424,1.7404,1.773376,1.802688,1.824672,1.85032,1.875968,1.901616,1.930928,1.982224,2.011536,2.037184,2.073824,2.12512,2.21672,2.275344,2.330304,2.39992,2.432896,2.469536
430,"LBR","Liberia",0.472656,0.278464,0.282128,0.315104,0.31144,0.326096,0.337088,0.34808,0.373728,0.392048,0.42136,0.490976,0.487312,0.520288,0.615552,0.725472,0.747456,0.666848,0.564256,0.516624,0.791424,0.890352,1.02592,0.956304,0.93432
434,"LBY","Libya",36.31070133,33.51402133,30.495712,31.02981867,36.24198133,37.76886133,39.722112,39.17856533,40.18201867,38.35729867,40.16964533,41.736712,43.916936,44.62173067,45.84656,49.378048,49.72829067,46.68065867,51.92090933,54.38200267,57.88410133,38.411744,52.39318133,55.094928,57.04790133
438,"LIE","Liechtenstein",NA,NA,NA,NA,NA,NA,NA,NA,NA,NA,NA,NA,NA,NA,NA,NA,NA,0.062288,0.062288,0.051296,0.05496,0.047632,0.047632,0.051296,0.043968
440,"LTU","Lithuania",33.12651212,35.12961342,19.967456,15.868304,14.7964,13.752432,14.25808,13.905408,14.682048,12.233424,10.505792,11.133808,11.230448,11.226784,11.933728,12.684032,12.93128,13.0796,12.994944,11.569456,12.604032,11.84464,11.865632,11.264944,10.760672
442,"LUX","Luxembourg",11.055104,11.574416,11.210448,11.569072,10.675408,8.575408,8.633424,8.140752,7.46808,7.820064,8.433728,9.052736,9.722736,10.195408,11.625712,11.857392,11.740672,11.228608,11.162272,10.568304,11.188608,11.165856,10.90624,10.257312,9.7996
446,"MAC","Macao",NA,NA,NA,NA,NA,NA,NA,NA,NA,NA,NA,NA,NA,NA,NA,NA,NA,NA,NA,NA,NA,NA,NA,NA,NA
807,"MKD","Macedonia",8.989921741,8.757918756,8.59648,8.899152,8.601824,8.580144,10.115488,9.049152,9.890832,9.150144,8.82312,8.995104,8.440448,9.221056,8.923728,9.343344,9.361664,9.812656,9.588,8.974336,8.750368,9.647312,9.150752,8.251056,7.770752
450,"MDG","Madagascar",0.948976,1.033248,1.003936,1.029584,1.267744,1.260416,1.359344,1.6488,1.736736,1.919936,1.86864,1.736736,1.234768,1.700096,1.806352,1.7404,1.681776,1.810016,1.88696,1.769712,1.956576,2.337632,2.704032,3.1144,3.070432
454,"MWI","Malawi",0.743792,0.798752,0.795088,0.890352,0.912336,0.919664,0.912336,0.963632,0.937984,0.941648,0.868368,0.86104,0.846384,0.916,0.930656,0.875696,0.912336,0.883024,1.055232,0.945312,1.143168,1.179808,1.095536,1.220112,1.275072
458,"MYS","Malaysia",55.85830667,63.641632,69.75025867,72.122144,77.9164,84.908448,97.041856,103.583072,102.870896,111.354336,120.734848,127.29832,136.2954267,144.63448,157.477256,167.664016,173.6726613,190.1330293,202.4599733,182.747344,201.8670987,204.4304053,206.1842133,222.029232,233.5068347
462,"MDV","Maldives",0.172208,0.153888,0.230832,0.197856,0.197856,0.249152,0.289456,0.32976,0.300448,0.42136,0.450672,0.461664,0.593568,0.505632,0.666848,0.600896,0.758448,0.780432,0.84272,0.883024,0.93432,0.985616,1.110192,1.091872,1.333696
466,"MLI","Mali",0.42136,0.436016,0.443344,0.454336,0.461664,0.468992,0.487312,0.523952,0.762112,0.795088,0.820736,0.828064,0.846384,0.84272,0.875696,0.89768,0.941648,1.0076,1.069888,0.80608,0.963632,1.04424,0.992944,1.02592,1.41064
470,"MLT","Malta",2.31,2.21,2.17,2.81,2.51,2.38,2.32,2.47,2.37,2.41,2.13,2.49,2.32,2.61,2.6,2.72,2.59,2.75,2.58,2.47,2.57,2.57,2.7,2.37,2.34
584,"MHL","Marshall Islands",NA,NA,0.05496,0.062288,0.065952,0.065952,0.065952,0.065952,0.069616,0.065952,0.076944,0.080608,0.084272,0.084272,0.087936,0.084272,0.0916,0.098928,0.098928,0.102592,0.102592,0.102592,0.102592,0.102592,0.102592
474,"MTQ","Martinique",NA,NA,NA,NA,NA,NA,NA,NA,NA,NA,NA,NA,NA,NA,NA,NA,NA,NA,NA,NA,NA,NA,NA,NA,NA
478,"MRT","Mauritania",0.905008,0.919664,0.967296,0.981952,1.143168,1.073552,1.113856,1.11752,1.121184,1.146832,1.17248,1.271408,1.348352,1.388656,1.535216,1.586512,1.608496,1.842992,1.934592,2.121456,2.23504,2.392592,2.652736,2.667392,2.707696
480,"MUS","Mauritius",1.16,1.25,1.32,1.47,1.51,1.55,1.61,1.62,1.79,2.2,2.43,2.56,2.61,2.75,2.77,2.96,3.3,3.39,3.47,3.42,3.66,3.64,3.73,3.83,3.96
175,"MYT","Mayotte",NA,NA,NA,NA,NA,NA,NA,NA,NA,NA,NA,NA,NA,NA,NA,NA,NA,NA,NA,NA,NA,NA,NA,NA,NA
484,"MEX","Mexico",268.730368,287.558896,291.315584,301.8575787,326.828936,307.3789867,326.3474,349.932728,373.4174187,361.1138,386.353056,384.5772747,390.703336,407.545016,414.237016,432.6678587,449.9547093,461.1389707,474.9819173,459.700928,466.5751813,479.587416,478.5152907,468.146488,454.2142533
583,"FSM","Micronesia",NA,NA,0.098928,0.098928,0.102592,0.106256,0.106256,0.10992,0.117248,0.10992,0.124576,0.168544,0.142896,0.142896,0.142896,0.120912,0.120912,0.139232,0.117248,0.161216,0.113584,0.120912,0.135568,0.142896,0.150224
498,"MDA","Moldova",30.705362,24.76183193,20.18808,17.051296,13.82832,11.915648,10.22832,9.372288,8.46664,7.165648,6.64992,6.938928,7.110224,7.64824,7.70984,8.018768,7.927696,7.769376,7.703728,7.61808,8.297008,8.298304,8.227232,7.271584,7.898528
492,"MCO","Monaco",NA,NA,NA,NA,NA,NA,NA,NA,NA,NA,NA,NA,NA,NA,NA,NA,NA,NA,NA,NA,NA,NA,NA,NA,NA
496,"MNG","Mongolia",13.07984,14.803584,12.885952,11.880304,10.343968,10.30496,8.721296,8.54496,8.57496,8.631296,9.027632,8.992976,9.63328,9.350608,9.549312,11.05496,12.409616,13.007936,12.995568,13.667248,14.311216,15.802512,17.362208,18.78824,18.365184
499,"MNE","Montenegro",NA,NA,NA,NA,NA,NA,NA,NA,NA,NA,NA,NA,NA,NA,NA,1.98,2.25,2.11,2.71,1.72,2.52,2.54,2.34,2.27,2.22
500,"MSR","Montserrat",NA,NA,NA,NA,NA,NA,NA,NA,NA,NA,NA,NA,NA,NA,NA,NA,NA,NA,NA,NA,NA,NA,NA,NA,NA
504,"MAR","Morocco",21.742144,23.47624,25.288368,26.005696,28.155696,29.261344,28.982944,30.465376,31.233312,32.831936,33.577728,37.17304,38.411968,38.240896,41.771344,44.371344,45.837216,47.33536,49.74824,49.9564,52.926256,57.236256,59.858432,58.875216,60.939968
508,"MOZ","Mozambique",1.120304,0.940304,1.094656,1.290992,1.099312,1.179312,1.177936,1.30992,1.266256,1.256256,1.455568,1.431904,1.615488,1.960448,1.9648,1.755488,1.920448,2.29976,2.320064,2.598384,2.81968,3.307312,3.209904,3.598528,4.617456
104,"MMR","Myanmar",4.224597333,4.159253333,4.328320796,4.847856,5.684496,6.97648,7.352816,7.29648,7.9432,9.106784,9.638312,8.550984,8.538616,10.92873867,10.64309067,11.22408267,10.37932533,10.668232,8.081208,7.527544,8.331592,8.641005333,11.898,13.986928,20.215856
516,"NAM","Namibia",0,1.13,1.23,1.43,1.660992,1.800992,1.945648,1.995648,2.09328,1.98,1.9,2.43,2.12,2.24,2.34,2.49,2.5,2.59,2.92,2.98,3.073664,3.324192,3.489152,3.76976,3.952736
520,"NRU","Nauru",0.124576,0.124576,0.120912,0.113584,0.10992,0.106256,0.102592,0.102592,0.098928,0.0916,0.084272,0.080608,0.076944,0.065952,0.065952,0.062288,0.043968,0.043968,0.043968,0.040304,0.043968,0.040304,0.040304,0.043968,0.047632
524,"NPL","Nepal",0.94496,1.195952,1.257248,1.435568,1.777552,1.921216,1.983888,2.213584,2.339232,3.152896,3.250224,3.492896,2.812896,3.04656,2.842896,3.212896,2.64656,2.730224,3.02656,4.027232,4.79784,5.447904,6.32568,6.351248,7.476208
528,"NLD","Netherlands",146.871768,154.070168,152.8339627,157.9587493,158.1163813,165.441088,175.0574747,167.5973227,167.9526667,162.7318987,163.4272427,168.46368,168.4082933,171.0995253,172.7418427,168.3068027,164.1468982,164.9541013,165.996664,160.7435227,171.0809307,159.3035733,157.1206267,156.7713147,149.4460213
530,"ANT","Netherlands Antilles",NA,NA,NA,NA,NA,NA,NA,NA,NA,NA,NA,NA,NA,NA,NA,NA,NA,NA,NA,NA,NA,NA,NA,NA,NA
540,"NCL","New Caledonia",NA,NA,NA,NA,NA,NA,NA,NA,NA,NA,NA,NA,NA,NA,NA,NA,NA,NA,NA,NA,NA,NA,NA,NA,NA
554,"NZL","New Zealand",22.22314133,22.45520533,24.19886933,23.819376,24.22171467,24.45736267,25.53306133,27.831432,27.346776,28.73237333,29.55965067,31.81802133,31.63301067,33.56084759,33.02566215,34.28693486,34.35678755,33.32372,34.375472,31.385472,31.22784,30.575472,31.99674667,31.64832533,31.89901333
558,"NIC","Nicaragua",2.437232,1.940912,2.259232,2.21824,2.543888,2.671216,2.839536,3.046864,3.546864,3.565872,3.803808,3.96648,4.1048,4.393344,4.360144,4.293808,4.503808,4.623808,4.453808,4.433808,4.580448,4.81808,4.737776,4.582432,4.88808
562,"NER","Niger",0.7328,0.718144,0.699824,0.780432,0.773104,0.813408,0.901344,0.905008,0.959968,0.948976,0.66832,0.661984,0.695648,0.755648,0.795648,0.759312,0.759312,0.821984,0.869312,1.091984,1.374656,1.41664,1.90664,1.794656,1.970992
566,"NGA","Nigeria",68.15343733,75.86289067,86.70589067,84.69216,80.76051467,81.77126933,87.406104,83.76616533,77.05582133,74.97684,76.29797333,85.562024,86.51839733,88.89613867,89.17613867,98.55586133,91.998056,90.51364267,92.48177333,75.10224,90.73229333,97.78303467,95.26909067,93.82286667,89.65636
570,"NIU","Niue",0.007328,0.007328,0.007328,0.007328,0.007328,0.007328,0.007328,0.007328,0.007328,0.007328,0.007328,0.007328,0.007328,0.003664,0.003664,0.003664,0.003664,0.003664,0.007328,0.003664,0.003664,0.007328,0.007328,0.007328,0.010992
574,"NFK","Norfolk Island",NA,NA,NA,NA,NA,NA,NA,NA,NA,NA,NA,NA,NA,NA,NA,NA,NA,NA,NA,NA,NA,NA,NA,NA,NA
408,"PRK","North Korea",124.802864,118.792864,106.241168,98.261168,90.321168,84.991168,75.591168,68.168128,61.23384,66.953216,72.253664,74.882128,71.722736,73.288992,74.896624,78.1696,79.600432,66.325776,73.575008,73.07768,68.59112,49.230048,50.238976,36.799424,41.387056
580,"MNP","Northern Mariana Islands",NA,NA,NA,NA,NA,NA,NA,NA,NA,NA,NA,NA,NA,NA,NA,NA,NA,NA,NA,NA,NA,NA,NA,NA,NA
578,"NOR","Norway",29.18067733,27.23277067,30.41022133,31.846992,33.53933067,33.023016,34.008664,35.73326933,37.46069867,39.37692533,34.106288,34.73649867,34.40754133,37.029576,37.435992,36.38654933,37.39051733,37.97051733,37.10204533,37.14594933,39.32266133,38.08604267,37.50631733,36.49345067,36.70345067
512,"OMN","Oman",11.971264,16.18113333,14.982488,14.17243733,13.917832,15.71389333,15.93949067,17.36082133,17.410264,20.550024,22.666752,25.44211733,27.157584,28.18284,27.981464,27.74797333,36.74553067,40.786392,40.061352,43.06442933,46.900048,52.88272,59.170496,61.38833867,65.18156
586,"PAK","Pakistan",61.71776267,60.999184,67.61384,74.487648,76.967728,83.499552,87.75344,91.294736,92.617104,101.315184,100.891744,102.481344,104.871344,108.747952,122.07456,125.221168,136.602176,150.667664,147.408496,150.287824,146.30912,147.070816,149.34324,150.751544,153.539848
585,"PLW","Palau",NA,NA,0.234496,0.234496,0.234496,0.234496,0.234496,0.23816,0.23816,0.241824,0.249152,0.252816,0.249152,0.252816,0.252816,0.260144,0.263808,0.260144,0.252816,0.245488,0.252816,0.252816,0.252816,0.25648,0.260144
591,"PAN","Panama",2.710224,3.140224,3.654576,3.835792,4.077776,4.397776,4.452432,4.68808,5.773728,5.067392,5.352656,6.280368,5.473728,5.643344,5.810288,7.293952,7.673952,7.423952,7.449664,8.845392,9.583792,10.37936,10.910496,11.049808,11.681872
598,"PNG","Papua New Guinea",2.14344,2.066496,2.055504,1.99688,2.18008,2.059168,2.187408,2.575792,2.861584,2.443888,2.663728,3.206,3.484464,3.942464,4.484736,4.37848,4.3052,6.115216,4.788848,5.089296,4.759536,5.327456,5.07464,6.177504,6.309408
600,"PRY","Paraguay",2.091216,2.041216,2.411216,2.855488,3.39976,3.805104,3.754112,4.167088,4.382736,4.392736,3.602432,3.732432,3.813504,3.970144,3.994496,3.7448,3.900448,4.030448,4.339376,4.400448,4.982432,5.192432,5.439376,5.409984,5.688304
604,"PER","Peru",20.724232,19.84436267,20.77352267,21.64870667,22.50579467,25.57357067,27.914512,28.14521333,26.84529333,29.01782133,28.60911733,26.57110133,27.77575733,27.191456,31.60073067,31.71354667,31.50167733,34.61518133,39.19489067,42.43891467,45.98547467,48.783824,49.362576,50.30567467,53.602488
608,"PHL","Philippines",41.20936,40.77416,44.133248,47.958112,52.110528,62.49784,68.33216,76.337008,75.832992,73.338112,74.067664,72.336648,74.05287467,75.90387467,77.54310667,79.58299467,71.90725067,75.88654667,78.20409867,79.24155467,85.41451467,86.34761333,90.24779733,100.1070133,106.9462213
612,"PCN","Pitcairn",NA,NA,NA,NA,NA,NA,NA,NA,NA,NA,NA,NA,NA,NA,NA,NA,NA,NA,NA,NA,NA,NA,NA,NA,NA
616,"POL","Poland",351.0588,352.276976,343.842016,345.043232,340.081984,340.342288,356.134272,345.43456,319.609904,310.61936,297.156544,294.649344,288.125696,299.00744,303.111776,302.775673,315.6699929,315.0991859,310.3271861,299.116496,315.3384278,312.4896772,304.5491671,299.370527,286.7153785
620,"PRT","Portugal",41.50736,43.212624,47.436896,46.385904,47.97544,51.26872,49.5536,52.042592,56.783888,63.42632,62.995248,62.803648,66.542128,61.16856,62.517792,65.576272,60.584976,60.914752,56.124928,55.709072,49.836336,49.564496,47.697184,46.22152,45.550672
630,"PRI","Puerto Rico",NA,NA,NA,NA,NA,NA,NA,NA,NA,NA,NA,NA,NA,NA,NA,NA,NA,NA,NA,NA,NA,NA,NA,NA,NA
634,"QAT","Qatar",12.561904,14.650288,14.721136,15.541136,16.284496,17.06816,17.974416,19.514416,20.910976,23.059296,21.85456,23.63628267,27.76391467,29.09322667,32.10322667,41.496976,45.19345867,50.58631733,55.42203467,60.01978133,64.399256,66.29565333,74.94833867,76.87243733,81.96749067
178,"COG","Republic of Congo",0.848088,3.083682667,3.021010667,3.001010667,2.786354667,2.940018667,2.798034667,3.339858667,3.229453333,2.941213333,2.863378667,2.982386667,2.79768,2.938266667,2.858853333,4.830176,4.955469333,5.144882667,5.414882667,5.454426667,4.988584,4.861973333,4.76508,4.032242667,4.129085333
638,"REU","Reunion",NA,NA,NA,NA,NA,NA,NA,NA,NA,NA,NA,NA,NA,NA,NA,NA,NA,NA,NA,NA,NA,NA,NA,NA,NA
642,"ROU","Romania",173.029232,142.98424,127.025392,117.960736,115.686912,121.031184,124.356144,114.068352,100.118352,85.9844,89.259136,94.184944,93.748608,99.98616,96.870736,96.162784,99.431008,97.492352,96.5628,81.35384,78.20416,84.542016,82.706352,72.711632,72.095136
643,"RUS","Russia",2207.206557,2180.662945,2009.220784,1824.443904,1614.746176,1566.178096,1535.233584,1427.873984,1419.305904,1456.940368,1490.363584,1492.070864,1493.168395,1523.748837,1535.742707,1532.524597,1592.556845,1593.452301,1615.913659,1497.186013,1585.270563,1664.352645,1614.224504,1596.060563,1530.590928
646,"RWA","Rwanda",0.538608,0.487312,0.487312,0.490976,0.468992,0.461664,0.479984,0.49464,0.487312,0.51296,0.527616,0.527616,0.53128,0.520288,0.527616,0.527616,0.527616,0.553264,0.542272,0.571584,0.58624,0.65952,0.736464,0.798752,0.839056
654,"SHN","Saint Helena",NA,NA,NA,NA,NA,NA,NA,NA,NA,NA,NA,NA,NA,NA,NA,NA,NA,NA,NA,NA,NA,NA,NA,NA,NA
659,"KNA","Saint Kitts and Nevis",0.106256,0.106256,0.10992,0.113584,0.120912,0.12824,0.131904,0.142896,0.150224,0.161216,0.172208,0.175872,0.197856,0.197856,0.212512,0.197856,0.20152,0.216176,0.216176,0.223504,0.21984,0.230832,0.21984,0.223504,0.230832
662,"LCA","Saint Lucia",0.161216,0.168544,0.20152,0.223504,0.260144,0.31144,0.326096,0.307776,0.307776,0.318768,0.32976,0.362736,0.326096,0.359072,0.355408,0.3664,0.3664,0.38472,0.395712,0.38472,0.40304,0.406704,0.406704,0.406704,0.406704
666,"SPM","Saint Pierre and Miquelon",NA,NA,NA,NA,NA,NA,NA,NA,NA,NA,NA,NA,NA,NA,NA,NA,NA,NA,NA,NA,NA,NA,NA,NA,NA
670,"VCT","Saint Vincent and the Grenadines",0.080608,0.076944,0.084272,0.102592,0.120912,0.12824,0.131904,0.131904,0.161216,0.16488,0.14656,0.179536,0.186864,0.197856,0.21984,0.21984,0.21984,0.227168,0.227168,0.31144,0.21984,0.197856,0.252816,0.208848,0.208848
882,"WSM","Samoa",0.102592,0.106256,0.10992,0.10992,0.113584,0.117248,0.124576,0.12824,0.131904,0.135568,0.142896,0.14656,0.14656,0.153888,0.150224,0.161216,0.16488,0.172208,0.179536,0.186864,0.186864,0.20152,0.197856,0.197856,0.197856
674,"SMR","San Marino",NA,NA,NA,NA,NA,NA,NA,NA,NA,NA,NA,NA,NA,NA,NA,NA,NA,NA,NA,NA,NA,NA,NA,NA,NA
678,"STP","Sao Tome and Principe",0.047632,0.047632,0.047632,0.047632,0.047632,0.047632,0.047632,0.047632,0.047632,0.047632,0.047632,0.051296,0.058624,0.065952,0.07328,0.076944,0.084272,0.084272,0.084272,0.0916,0.098928,0.102592,0.113584,0.113584,0.113584
682,"SAU","Saudi Arabia",166.5239013,186.731944,199.5366693,206.4132773,218.99012,222.6202,234.3276,215.157736,230.662528,234.7874827,244.6338587,248.9478453,267.3015413,278.5214027,295.0710747,311.27712,330.1629333,348.6152667,380.017792,402.321984,440.4428,458.702096,489.914992,499.062272,535.1214529
686,"SEN","Senegal",2.364496,2.379152,2.620448,2.55312,2.670752,2.824416,3.00304,3.295024,3.688304,4.048304,4.186848,4.595776,4.7444,4.65272,5.6308,5.928048,5.876288,6.551856,6.755216,7.026128,7.486192,8.120304,8.007632,8.586784,8.720224
688,"SRB","Serbia",63.31964341,53.53404836,49.074928,43.322272,39.762416,45.466384,52.8192,57.390272,57.411184,40.854096,44.055232,46.265456,49.844464,53.243248,57.761024,50.909344,53.24224,51.718192,50.041088,47.000032,47.151408,51.303088,45.809808,46.513552,39.223856
690,"SYC","Seychelles",0.150224,0.172208,0.172208,0.1832,0.20152,0.197856,0.234496,0.340752,0.432352,0.509296,0.571584,0.633872,0.538608,0.5496,0.736464,0.688832,0.7328,0.6412,0.692496,0.523952,0.443344,0.340752,0.43968,0.40304,0.49464
694,"SLE","Sierra Leone",0.487312,0.545936,0.447008,0.447008,0.51296,0.399376,0.472656,0.443344,0.414032,0.3664,0.425024,0.56792,0.60456,0.652192,0.6412,0.545936,0.7328,0.6412,0.663184,0.652192,0.725472,0.89768,1.029584,1.1908,1.308048
702,"SGP","Singapore",29.883328,31.456608,32.345312,37.63392,39.506208,39.16384,40.155136,39.805136,38.205152,38.628064,42.691584,42.340448,41.398928,38.24328,39.62,37.86,38.28,39.42,39.35,40.33,44.28,46.74,45.96,46.24,45.32
534,"SXM","Sint Maarten",NA,NA,NA,NA,NA,NA,NA,NA,NA,NA,NA,NA,NA,NA,NA,NA,NA,NA,NA,NA,NA,NA,NA,NA,NA
703,"SVK","Slovakia",56.63862731,49.42219916,46.04576,44.54576,41.934688,42.66728,42.475984,42.620864,41.92496,41.182288,38.396896,38.92387687,38.4705525,38.98103281,37.79306063,38.9959297,38.27154613,37.57347353,37.51062532,34.12073488,36.01838296,34.47141986,32.71701446,33.35729281,30.99338695
705,"SVN","Slovenia",14.22635347,13.39762307,12.849376,13.631744,13.677008,14.56464,15.37296,15.843264,15.621584,15.058224,14.708528,15.495552,15.67624,15.651504,15.829904,16.006928,16.443872,16.408528,17.558448,15.658608,15.849376,15.737776,15.34632,14.78792,13.41952
90,"SLB","Solomon Islands",0.14656,0.14656,0.142896,0.142896,0.139232,0.142896,0.142896,0.142896,0.142896,0.150224,0.150224,0.157552,0.157552,0.161216,0.161216,0.161216,0.16488,0.179536,0.186864,0.194192,0.197856,0.197856,0.197856,0.20152,0.20152
706,"SOM","Somalia",0.7328,0.707152,0.681504,0.6412,0.630208,0.589904,0.56792,0.538608,0.51296,0.490976,0.479984,0.501968,0.58624,0.593568,0.593568,0.593568,0.593568,0.608224,0.600896,0.597232,0.611888,0.60456,0.608224,0.608224,0.608224
710,"ZAF","South Africa",247.711168,242.38064,238.882784,246.484,252.0788,264.271376,274.064736,289.0098613,296.5963653,278.5529413,284.810016,320.802992,331.394816,353.04832,380.8331333,378.2757093,380.265744,398.244048,429.922448,405.293392,412.155392,400.148592,413.449808,429.38392,443.4957013
410,"KOR","South Korea",248.45448,273.16064,297.935216,326.33784,352.557936,384.612672,410.617808,432.185792,366.495952,401.985536,457.251744,471.613792,463.3932,467.880976,488.011344,483.117696,491.44376,503.253408,514.4196,526.907488,574.429136,597.603168,598.620672,595.746848,591.255936
728,"SSD","South Sudan",NA,NA,NA,NA,NA,NA,NA,NA,NA,NA,NA,NA,NA,NA,NA,NA,NA,NA,NA,NA,NA,NA,NA,NA,NA
724,"ESP","Spain",216.7132213,222.9956373,234.2764853,219.5548568,229.44289,241.3485281,230.4844637,249.585269,258.8502826,281.660938,297.542496,299.90864,318.297616,324.849104,341.920464,358.717408,351.883072,365.047488,330.662736,290.713632,275.045824,275.850624,268.383552,241.934352,239.259376
144,"LKA","Sri Lanka",3.867856,4.017856,5.316704,5.147088,5.851664,5.897008,8.441664,8.429984,8.686016,9.587312,11.021968,10.953264,11.475632,12.528912,13.00616,14.137456,12.578752,13.776384,13.01768,12.505312,13.264704,15.65928,17.060272,14.699968,17.677984
275,"PSE","State of Palestine",NA,NA,NA,NA,NA,NA,NA,NA,NA,NA,NA,NA,NA,NA,NA,NA,NA,NA,NA,NA,NA,NA,NA,NA,NA
729,"SDN","Sudan",5.374272,4.814272,4.554576,3.214576,4.670608,4.504192,4.290528,5.209232,4.718928,5.203584,5.55328,6.115264,7.562592,7.775568,8.543888,10.02488,12.408928,13.411216,14.464576,14.96144,15.929968,15.514912,13.65,13.53,13.34
740,"SUR","Suriname",1.769712,2.05184,2.066496,2.040848,2.044512,2.062832,2.084816,2.1068,2.1068,2.12512,1.489312,1.522976,1.112976,1.232976,1.392976,1.682976,1.532976,1.412976,1.452976,1.445648,1.721984,1.82664,2.068624,2.035952,2.055952
744,"SJM","Svalbard and Jan Mayen Islands",NA,NA,NA,NA,NA,NA,NA,NA,NA,NA,NA,NA,NA,NA,NA,NA,NA,NA,NA,NA,NA,NA,NA,NA,NA
748,"SWZ","Swaziland",0.425024,0.326096,0.263808,0.131904,0.483648,0.454336,0.340752,1.201792,1.212784,1.234768,1.187136,1.139504,1.124848,1.04424,1.029584,1.014928,1.014928,1.06256,1.095536,1.04424,1.040576,1.047904,1.20912,1.088208,1.201792
752,"SWE","Sweden",53.294768,54.274464,56.779504,56.477216,58.433552,58.18408,63.620112,57.381184,58.331184,57.256832,53.292704,52.46904,54.045376,55.214768,53.579728,50.438352,48.079264,46.439264,44.401936,41.501424,46.934016,43.449584,40.406224,38.935072,38.66576
756,"CHE","Switzerland",43.357776,45.771296,45.731456,43.553216,42.676416,43.474208,44.04368,42.93704,44.43536,44.699712,43.819632,45.337568,43.709632,44.969024,45.379936,45.904208,45.491536,43.523216,45.044512,43.773824,45.357024,41.379008,42.780688,43.814352,39.876112
760,"SYR","Syria",29.83937067,32.39937067,31.70948533,31.158848,32.288848,34.10994133,37.23826133,37.63209867,40.52851467,39.82865867,40.02950667,41.877544,42.56795733,42.915944,45.342968,56.283656,59.50024533,62.40634933,64.27359733,59.51298933,59.21335733,54.87917333,41.513944,32.46028267,29.90194133
158,"TWN","Taiwan",122.419,131.754,140.117,151.012,161.399,168.77,176.702,191.215,200.607,208.265,227.109,229.72,241.262,250.527,258.935,265.308,272.959,276.169,263.532,248.562,266.839,272.485,267.277,269.627,NA
762,"TJK","Tajikistan",11.23037116,10.3650156,7.687856,5.170224,3.038928,2.511296,2.245648,2.51832,2.767328,2.544656,2.205648,2.15664,2.131296,2.174272,2.595264,2.474576,2.689232,3.267552,3.045264,2.408928,2.442896,2.570224,2.964576,3.720528,5.231584
834,"TZA","Tanzania",1.937472,1.907472,1.907472,1.957472,1.937552,2.786784,3.132736,2.937776,2.768384,2.594032,3.024032,3.207008,3.66296,3.879904,5.228156037,5.746570216,6.081548144,6.013408,6.211161028,6.067296,7.280496,9.041792,11.216064,11.448816,11.769648
764,"THA","Thailand",89.910768,99.01512,109.058416,124.048256,138.427824,157.339344,176.43928,179.475872,157.36176,164.363472,164.996752,173.908544,185.194512,193.319536,211.56208,219.073264,221.305376,227.214064,230.94352,223.922496,237.780208,236.872016,254.784816,265.4250773,261.0590613
626,"TLS","Timor-Leste",NA,NA,NA,NA,NA,NA,NA,NA,NA,NA,NA,NA,NA,NA,NA,0.176016,0.179683,0.18335,0.201685,0.227354,0.234688,0.245689,0.29336,0.44004,0.469376
768,"TGO","Togo",0.777856,0.714192,0.545872,0.425872,0.732896,0.755872,1.145184,0.868848,1.079152,1.390448,1.29808,1.179376,1.249376,1.489376,1.429376,1.359376,1.289376,1.38464,1.730208,2.86624,2.669904,2.468912,2.418752,2.564016,2.555392
772,"TKL","Tokelau",NA,NA,NA,NA,NA,NA,NA,NA,NA,NA,NA,NA,NA,NA,NA,NA,NA,NA,NA,NA,NA,NA,NA,NA,NA
776,"TON","Tonga",0.076944,0.095264,0.069616,0.084272,0.0916,0.095264,0.076944,0.098928,0.087936,0.10992,0.095264,0.087936,0.102592,0.117248,0.10992,0.113584,0.12824,0.113584,0.120912,0.131904,0.117248,0.102592,0.106256,0.113584,0.120912
780,"TTO","Trinidad and Tobago",14.13757333,13.03013067,11.96775733,12.51034133,13.05422933,13.197944,13.33842933,13.81262933,14.14624267,14.255656,14.79189067,16.11166667,16.876584,15.691056,16.131056,20.23313867,22.34148,24.01540533,23.4834,21.97001867,24.048672,23.963328,23.56964267,24.44350933,24.01064267
788,"TUN","Tunisia",13.835136,14.52688,15.29234901,16.649384,16.79485067,17.20339467,17.75653067,18.33691467,19.08752267,20.02675467,21.15880267,21.89765867,22.013176,22.158744,23.180184,23.51542667,24.435752,24.92142933,25.25424533,25.531088,27.969552,26.19142933,27.35257333,27.555064,29.721144
792,"TUR","Turkey",139.3652598,142.3984713,148.5570107,155.4330427,153.1557173,168.4503893,185.8063093,194.371384,196.0986,194.0294027,219.3098347,197.5885578,208.8686698,220.3308549,226.4130515,237.5161784,263.1948024,290.1670584,290.5368368,283.5691276,296.6466104,316.386456,334.502832,319.5517064,342.6562532
795,"TKM","Turkmenistan",45.3876304,38.48232891,28.1896,26.7296,32.91808,33.466176,29.723504,29.973504,30.623504,35.803504,36.883504,38.113504,39.943504,44.443504,46.8648,48.412432,49.82212,56.288992,56.949296,50.4896,57.471584,63.62626667,66.572768,68.06729333,69.81128267
796,"TCA","Turks and Caicos Islands",NA,NA,NA,NA,NA,NA,NA,NA,NA,NA,NA,NA,NA,NA,NA,NA,NA,NA,NA,NA,NA,NA,NA,NA,NA
798,"TUV","Tuvalu",0.007328,0.007328,0.007328,0.007328,0.007328,0.007328,0.007328,0.007328,0.007328,0.007328,0.007328,0.007328,0.010992,0.010992,0.010992,0.010992,0.007328,0.010992,0.010992,0.010992,0.007328,0.007328,0.010992,0.010992,0.010992
800,"UGA","Uganda",0.758448,0.780432,0.78776,0.780432,0.707152,0.937984,1.058896,1.106528,1.26408,1.311712,1.42896,1.509568,1.5572,1.597504,1.736736,2.169088,2.535488,2.887232,3.18768,3.378208,3.916816,4.261232,4.06704,4.869456,5.228528
804,"UKR","Ukraine",700.207861,662.6645135,575.777376,500.22456,416.2192,399.498576,346.328848,328.249152,309.17464,305.985552,297.645408,300.850896,304.557744,336.388096,311.968144,300.001248,308.364352,315.38456,302.224256,254.170224,270.981904,284.69952,278.736096,269.933424,241.33984
784,"ARE","United Arab Emirates",55.68141867,61.80942133,59.97607467,62.51322933,68.77270667,73.246,76.41101067,82.056136,84.66643733,86.757024,85.22350667,96.81937333,98.90343467,104.5070453,111.1706427,117.6795333,123.2485653,133.764064,159.189384,158.273096,162.4700853,169.914792,179.4324427,183.1526667,185.2628907
826,"GBR","United Kingdom",555.034336,570.3586213,552.895008,540.3761973,535.0424427,523.7731333,544.197144,521.7884693,525.0101787,522.7319013,530.7054213,544.7834747,528.4688853,540.5829333,541.297024,539.7464667,541.0905867,528.587648,514.35264,464.432528,482.1054747,443.87908,467.9955173,455.8531707,414.272192
840,"USA","United States of America",4846.452267,4808.839171,4881.885213,5002.248077,5075.763248,5128.128568,5285.314184,5452.913629,5463.394891,5488.282685,5692.329592,5655.681531,5586.852941,5661.880829,5742.500677,5759.225285,5658.623491,5742.164088,5564.686107,5161.428243,5389.835429,5256.990667,5080.515877,5156.351272,5234.240616
850,"VIR","United States Virgin Islands",NA,NA,NA,NA,NA,NA,NA,NA,NA,NA,NA,NA,NA,NA,NA,NA,NA,NA,NA,NA,NA,NA,NA,NA,NA
858,"URY","Uruguay",3.849152,4.379152,4.759152,4.489152,4.281744,4.690448,5.470752,5.578384,5.786016,6.792048,5.43808,5.045632,4.648304,4.593952,5.507776,5.457776,6.387776,5.877776,7.777776,7.973952,6.374032,7.703648,8.616016,7.535024,6.680368
860,"UZB","Uzbekistan",119.421369,122.9498822,114.098528,114.801744,108.782592,96.232768,97.265136,98.575136,114.412768,116.077712,115.715056,117.443216,121.673216,117.302592,114.564496,109.664496,112.3096,113.138976,112.370272,102.634848,100.48584,109.087904,110.9892,99.774464,101.564
548,"VUT","Vanuatu",0.065952,0.065952,0.062288,0.062288,0.062288,0.065952,0.084272,0.084272,0.080608,0.084272,0.084272,0.087936,0.084272,0.084272,0.058624,0.058624,0.047632,0.098928,0.095264,0.120912,0.120912,0.131904,0.113584,0.106256,0.153888
862,"VEN","Venezuela",103.3316773,102.6549413,105.034224,110.4295173,110.632168,117.276952,130.956192,136.297552,132.8913733,121.2145173,129.7670133,134.537552,135.1500213,132.596888,137.7404533,154.6822827,145.3408507,148.6166453,181.277496,181.463616,188.0369387,172.4528267,192.3763787,186.4911707,188.4086187
704,"VNM","Viet Nam",18.62576,18.574912,19.673216,24.62451733,27.17366933,30.847912,34.77471733,40.879784,45.77232267,46.155008,51.55936267,57.455984,68.349488,72.86865067,87.01991467,95.09864,99.12251733,109.3726773,121.9799573,137.0157653,155.373176,155.61192,153.559368,159.828648,174.5551893
876,"WLF","Wallis and Futuna Islands",NA,NA,NA,NA,NA,NA,NA,NA,NA,NA,NA,NA,NA,NA,NA,NA,NA,NA,NA,NA,NA,NA,NA,NA,NA
732,"ESH","Western Sahara",NA,NA,NA,NA,NA,NA,NA,NA,NA,NA,NA,NA,NA,NA,NA,NA,NA,NA,NA,NA,NA,NA,NA,NA,NA
887,"YEM","Yemen",6.714032,8.565024,9.199376,8.189376,8.549376,9.972272,10.18296,10.975552,11.857232,13.325472,14.03616,15.253792,15.336768,17.60944,18.60944,19.603104,19.6228,20.86104,22.301568,25.93760533,24.23066933,20.23972267,19.39577333,26.07220267,24.26777067
894,"ZMB","Zambia",2.776176,2.9132,2.882208,2.545872,2.169232,2.153888,1.792208,2.320528,2.205872,1.790224,1.840528,1.856256,1.943584,2.115872,2.144192,2.336176,2.2348,1.597472,1.788464,2.00968,2.200592,2.591888,3.50776,3.751344,4.285536
716,"ZWE","Zimbabwe",16.59808,18.372352,18.547008,17.168304,16.054944,15.573648,14.948304,13.9296,14.1696,15.908304,13.788304,13.969376,12.540448,10.207856,9.819152,10.570448,9.90808,9.817856,7.647856,7.52808,9.629376,11.568304,12.176464,12.353568,12.138528
