"code","iso","country","CH4.raw.1990","CH4.raw.1991","CH4.raw.1992","CH4.raw.1993","CH4.raw.1994","CH4.raw.1995","CH4.raw.1996","CH4.raw.1997","CH4.raw.1998","CH4.raw.1999","CH4.raw.2000","CH4.raw.2001","CH4.raw.2002","CH4.raw.2003","CH4.raw.2004","CH4.raw.2005","CH4.raw.2006","CH4.raw.2007","CH4.raw.2008","CH4.raw.2009","CH4.raw.2010","CH4.raw.2011","CH4.raw.2012","CH4.raw.2013","CH4.raw.2014"
4,"AFG","Afghanistan",9.311588607,9.516186524,9.571483041,9.609868957,9.789039374,10.05781409,10.86479836,11.57810283,12.15518779,12.95022606,12.02792573,11.09931125,12.76730887,13.15625329,13.19191001,13.46239633,13.77646274,14.09139606,15.11110067,15.46784649,16.9687923,17.14663374,17.22177877,17.34005971,17.75041984
8,"ALB","Albania",4.121368808,3.841129296,3.525486383,3.344065071,3.590997458,3.344045846,3.179231187,3.003117328,2.863148969,2.90451391,2.960768651,2.881285678,2.833785805,2.873570231,2.801276458,2.797508585,2.766974485,2.754906386,2.536564986,2.451368286,2.465970287,2.465875474,2.549544261,2.490908248,2.518084635
12,"DZA","Algeria",18.44365478,18.85725864,19.58955119,20.20641375,20.63365651,21.21129477,23.52543298,25.81181548,28.31356419,30.79882549,33.271035,34.23075045,35.292003,36.45458836,37.73255401,38.89587136,39.50011997,40.23064247,40.56081808,41.30137688,42.02326898,43.61366089,45.33257869,46.73890949,48.44713869
16,"ASM","American Samoa",NA,NA,NA,NA,NA,NA,NA,NA,NA,NA,NA,NA,NA,NA,NA,NA,NA,NA,NA,NA,NA,NA,NA,NA,NA
20,"AND","Andorra",0.021831863,0.023166455,0.024501046,0.025835638,0.02717023,0.028504821,0.029611694,0.030718567,0.031825439,0.032932312,0.034039185,0.035386259,0.036733334,0.038080408,0.039427483,0.040774557,0.042576427,0.044378297,0.046180166,0.047982036,0.049783905,0.051111063,0.052438221,0.053765378,0.055092536
24,"AGO","Angola",50.72935556,52.08303102,53.44483448,54.69302845,56.02638701,57.27042867,60.39473089,59.24307981,65.62051952,63.53771044,62.28001856,59.94333257,67.99563749,73.8070396,81.00923811,85.43006323,86.32836041,98.48595269,102.766148,111.1476288,120.4700275,128.5092783,121.435275,127.0301144,123.8488712
660,"AIA","Anguilla",NA,NA,NA,NA,NA,NA,NA,NA,NA,NA,NA,NA,NA,NA,NA,NA,NA,NA,NA,NA,NA,NA,NA,NA,NA
28,"ATG","Antigua and Barbuda",0.109118107,0.113306666,0.117645525,0.122137985,0.126789244,0.131249804,0.135378651,0.139522998,0.143566745,0.147659092,0.151776339,0.154418256,0.156730673,0.159075691,0.161325208,0.163029726,0.164951411,0.167604797,0.169398283,0.171111269,0.160152754,0.162082072,0.164006589,0.165927207,0.167852025
32,"ARG","Argentina",92.28676284,92.1367115,93.72895375,93.36526761,94.64667576,94.82599512,93.20298765,93.54192249,92.29831042,95.58162195,94.85299489,95.77389631,98.34602814,104.2676829,106.1761851,104.9111046,108.3645614,107.658257,109.767929,103.5415473,96.13651657,95.93925519,98.75214061,100.3026915,100.2780173
51,"ARM","Armenia",3.083253006,2.93767992,2.620083967,2.426336661,2.288461255,2.151247749,2.02231698,1.88564251,1.72408464,1.59673147,1.4726264,1.5005153,1.5330863,1.5652087,1.6037386,1.6170514,1.684776989,1.759036678,1.812361967,1.813248156,1.851735545,1.864325057,1.909781069,1.986265381,2.021522393
533,"ABW","Aruba",NA,NA,NA,NA,NA,NA,NA,NA,NA,NA,NA,NA,NA,NA,NA,NA,NA,NA,NA,NA,NA,NA,NA,NA,NA
36,"AUS","Australia",132.9963669,131.9870483,129.834795,128.0447067,129.2306567,126.9012717,124.0149429,125.4532593,126.6383495,140.4275979,144.3015464,143.8077411,140.6583518,115.4681351,124.4289878,111.1439242,129.1396092,121.3980907,109.7007664,114.6173469,104.8021559,143.532432,144.6130121,118.6326829,125.3812983
40,"AUT","Austria",9.631735572,9.442229469,9.271452667,9.156272965,8.804795962,8.58786476,8.359603592,8.102713425,7.917363157,7.73304889,7.466774322,7.285544227,7.151938032,6.992091237,6.842002042,6.714241847,6.58496713,6.467068512,6.399123194,6.267190776,6.225808358,6.214680706,6.144599453,6.1147958,6.109684847
31,"AZE","Azerbaijan",13.997306,13.35418298,12.15107566,11.45677779,10.74311682,10.18082555,10.65292878,11.18090761,11.69560215,12.18930748,12.68899691,13.50246778,14.25800944,15.06394651,15.83251307,16.59013164,19.23727606,21.81174578,24.40175421,26.97683083,29.58691896,31.01815091,32.50721166,33.99406941,35.43990317
44,"BHS","Bahamas",0.217427102,0.219590271,0.222117541,0.22444041,0.22672968,0.229877749,0.231756714,0.232918178,0.244285343,0.247358507,0.263893472,0.212489455,0.212786938,0.189273821,0.304584104,0.262088487,0.236051767,0.234905147,0.336048327,0.251641407,0.225376087,0.345967953,0.24451622,0.325241187,0.244091853
48,"BHR","Bahrain",2.639708961,2.710439246,2.782136531,2.853170316,2.924061601,2.994327685,3.068784186,3.142149287,3.215731788,3.289557689,3.36226919,3.429711895,3.5028371,3.568343805,3.63526291,3.703609215,3.775133232,3.84571035,3.914791468,3.986413586,4.059444204,4.125914695,4.192499886,4.259253377,4.325719668
50,"BGD","Bangladesh",55.97249454,56.06089056,56.58504297,56.67093069,57.3774782,58.14914891,58.01353217,58.63879802,58.42462118,60.18071943,60.76086999,60.90300862,61.74583425,62.27810578,61.87690511,63.01994233,63.89117944,64.45694224,66.42979804,67.17848634,68.10453645,68.64994644,68.94316654,70.19525613,70.79848303
52,"BRB","Barbados",1.736722658,1.763318146,1.790300934,1.813530222,1.84024631,1.866985798,1.878066743,1.885394087,1.894998232,1.903352777,1.911532822,1.913382766,1.915366409,1.917747353,1.920249197,1.922307541,1.927904648,1.934769756,1.944397263,1.954410071,1.963338878,1.969342569,1.976061159,1.98286965,1.98896634
112,"BLR","Belarus",21.31857889,20.8693692,16.44451526,15.76561762,15.09162849,14.33397345,13.92743602,13.81345439,13.90478776,13.93291053,13.55056239,13.61454264,14.84825208,13.93836422,14.08796386,14.4731599,14.87472435,15.12698339,15.45531103,15.98271988,16.38948352,16.37382827,16.66142711,16.49629386,16.60173911
56,"BEL","Belgium",10.6751373,10.61438719,10.39643163,10.24323579,10.10924741,10.09807982,9.893426573,9.587499922,9.333918328,9.447588852,9.025232609,8.757813866,8.315431024,7.866252081,7.566889238,7.290094696,7.149837658,7.022849421,6.923110684,6.864547247,6.76170411,6.723837943,6.638962876,6.557199109,6.553755542
84,"BLZ","Belize",5.168128462,5.298634566,5.449382371,5.572522475,5.710546279,5.824371083,5.987640417,6.093016651,6.353277085,6.47298302,6.640397254,6.702991591,6.830969129,7.371359766,7.200308503,7.653368141,7.635537139,8.099518338,8.211472936,8.241858734,8.382572533,8.706044595,8.717520358,9.280105521,9.094549084
204,"BEN","Benin",2.910938563,2.920764344,2.938335724,2.935484805,3.055354586,2.913915767,3.090380201,3.078703436,3.675588471,3.428062106,3.43473854,3.064931953,3.569671365,3.389776378,3.36825079,3.888104802,3.586099337,3.629784871,3.603970305,3.52616034,3.572247174,3.643482434,3.559254294,3.732788255,3.783052815
60,"BMU","Bermuda",NA,NA,NA,NA,NA,NA,NA,NA,NA,NA,NA,NA,NA,NA,NA,NA,NA,NA,NA,NA,NA,NA,NA,NA,NA
64,"BTN","Bhutan",0.498725853,0.489437531,0.464785009,0.465252387,0.469647265,0.507765543,0.493769735,0.494974126,0.508566917,0.543226509,0.4890169,0.460063718,0.439296235,0.448257253,0.454006671,0.498759388,0.484519741,0.554231594,0.455931547,0.4633837,0.487171553,0.466168617,0.48809498,0.461132143,0.429170906
68,"BOL","Bolivia",14.52682845,14.91941689,15.38584853,15.82845567,16.3191716,16.79538994,16.84452811,17.30059877,17.57871703,21.261774,15.59561966,13.70477925,15.83874875,16.56017104,27.40053503,22.82090282,19.59444847,22.20690032,19.49205797,18.17320591,34.73070036,24.32563572,21.57795907,21.05524312,20.91367118
70,"BIH","Bosnia and Herzegovina",3.094092221,3.029527958,3.164985448,3.107417282,2.972572416,2.712180849,2.715897149,3.098214348,3.366648647,3.609030446,3.897437645,3.826734796,3.816713346,4.065027697,4.093268947,4.186148097,4.335417324,4.31562445,4.261334976,4.283628403,4.298532629,4.291880249,4.300968869,4.266832189,4.271936209
72,"BWA","Botswana",12.81058388,12.55273207,12.40445075,12.27344503,12.51039152,12.9552421,16.09857205,18.01306339,19.51474514,16.46679038,13.96046303,10.73156483,25.16101804,11.10375604,7.121068249,11.80335236,9.640610291,12.78403493,11.21580246,6.106466497,9.606149633,13.80643228,8.559102523,13.65057087,6.735739213
76,"BRA","Brazil",250.5038966,257.8577173,261.903769,262.5304193,267.1451422,271.5598676,262.0187381,268.5976773,281.5112742,280.0555222,274.3996021,283.4903339,300.0055829,312.5094677,328.3209199,341.8617462,329.2075807,344.4340858,326.2731525,327.0831294,360.8025055,340.5598792,352.0111847,341.2075389,349.2940346
92,"VGB","British Virgin Islands",NA,NA,NA,NA,NA,NA,NA,NA,NA,NA,NA,NA,NA,NA,NA,NA,NA,NA,NA,NA,NA,NA,NA,NA,NA
96,"BRN","Brunei Darussalam",8.60746306,8.743626539,8.878516819,9.012565199,9.148999978,9.283684858,9.565294076,9.937404793,11.19024791,10.52546943,10.85483925,10.92514436,11.03642717,11.12814579,11.2010747,11.32228882,11.22233385,11.17782209,11.13316163,11.16416397,11.082116,11.23453604,11.42863788,11.61980312,11.85243595
100,"BGR","Bulgaria",14.0960315,13.78749961,13.11248533,12.14313045,11.46615086,11.21331878,11.04015488,10.64312658,10.45859808,10.37840298,10.17154968,9.881749204,9.464604928,9.466278851,9.369350274,9.143445797,8.982074838,8.992959378,8.787501018,8.626514959,8.523845999,8.45567187,8.469399041,8.347961811,8.422493882
854,"BFA","Burkina Faso",6.01816568,6.178800409,6.407668439,6.605526768,6.847331098,7.127765627,7.506963444,7.810115261,8.365080778,8.348290595,8.027781211,7.792868084,8.388809856,9.714438428,9.6713021,10.20100127,9.742268553,9.935735135,10.13778442,10.2948723,10.88302708,11.05728796,10.85126484,11.26251103,11.43110631
108,"BDI","Burundi",1.164400394,1.21003468,1.251739967,1.273393754,1.26061844,1.312036627,1.272975281,1.278008436,1.232249391,1.155382545,1.1614408,1.1799896,1.0721953,1.0362703,0.9743448,0.8147576,0.769961168,0.768492337,0.969888205,0.952635274,1.019179742,1.082524199,1.147593256,1.236464113,1.22873397
116,"KHM","Cambodia",11.72584513,11.50066688,11.86049643,12.55138047,11.62708422,13.28119997,12.72430706,13.56198226,15.65151485,15.33147275,14.27937274,12.78125372,13.13884931,14.08597549,14.59384838,15.20941306,15.64735147,16.50343448,16.08345838,16.28031809,16.89012569,17.76272656,17.24387323,18.087296,17.66969707
120,"CMR","Cameroon",9.221720492,9.235640551,9.299401709,9.346930768,9.402595627,9.420028785,9.548663453,9.755914421,11.70970119,11.32780746,11.74781862,10.5269589,10.45642387,11.47844415,10.55222932,11.77789,11.31918677,11.19469294,10.41993521,10.54582998,9.783673655,9.931566343,10.23709153,12.29859372,11.4377866
124,"CAN","Canada",87.54910964,89.60475095,92.34706605,94.34241376,96.55980276,99.75549647,97.0714229,94.15398123,118.2479628,103.8224572,98.24795582,97.14446725,117.3411569,115.1413667,110.2416952,110.9457696,115.7222681,111.1256806,114.2415984,102.6599524,124.9577036,116.1941929,121.6057149,138.4733722,133.3769449
132,"CPV","Cape Verde",0.063970765,0.065601883,0.071990601,0.073957118,0.071182836,0.074083154,0.070479123,0.071880292,0.074615262,0.073806431,0.0718838,0.072974777,0.074163954,0.075078931,0.079044608,0.084570685,0.091884079,0.098401674,0.106110768,0.109517663,0.113079657,0.081087734,0.082193211,0.083429389,0.084015366
136,"CYM","Cayman Islands",NA,NA,NA,NA,NA,NA,NA,NA,NA,NA,NA,NA,NA,NA,NA,NA,NA,NA,NA,NA,NA,NA,NA,NA,NA
140,"CAF","Central African Republic",13.55033354,14.1306196,14.56357167,14.99255353,15.4610127,15.94294246,16.32668269,18.20133942,20.83412254,18.88575987,18.8744684,14.76150341,13.82891233,16.49305324,14.45550756,15.61253897,15.26898477,15.73371926,16.31493276,14.21712165,15.29565005,15.99804038,14.45012101,15.67591404,15.24000107
148,"TCD","Chad",9.154328153,9.29828761,9.416444467,9.539580923,9.63986848,9.847984837,10.3620653,11.42984166,13.79497753,14.18867579,13.41261785,12.16070545,14.33122705,15.90412315,17.12207174,18.95163734,18.67183142,18.8872796,18.65524738,17.72141496,17.96045294,18.74020705,18.78352066,18.73886327,18.25166878
152,"CHL","Chile",11.04171864,11.08205817,11.2018318,11.36379953,11.54864936,11.63149739,11.59060257,11.74260375,11.68014232,11.5155167,11.30960598,11.38098819,11.5300923,11.65522412,11.90621603,12.11401724,11.89723593,11.79891441,11.8827386,12.01360829,11.98458887,12.01815432,12.14301216,11.15845211,11.32188235
156,"CHN","China",667.3232944,675.9265901,683.5314513,686.5130678,700.125087,717.7126245,717.1584749,709.1241385,703.9248075,699.4354535,691.0721838,718.3745083,742.6074569,770.3104495,810.3671799,845.3172678,861.2634108,872.3141442,884.5096919,896.313157,909.8320836,907.8463576,914.5786352,921.1019695,934.474972
170,"COL","Colombia",48.67183878,48.6863763,49.53844541,50.45149563,51.38748495,51.74963607,52.67395517,52.58306047,53.08386737,51.68301697,52.47984826,53.27789883,53.80340509,55.30540696,55.88439192,56.92894099,57.47816951,58.88031184,59.59168697,60.27130939,61.55205132,59.30019377,57.64748072,58.92180377,59.90968082
174,"COM","Comoros",0.129363647,0.130147259,0.133253872,0.139771584,0.136132597,0.140481209,0.14830781,0.148583611,0.164768012,0.156755013,0.152068913,0.152624829,0.163502544,0.16209366,0.163522575,0.149787091,0.156458572,0.139571453,0.162864534,0.160763015,0.170039696,0.182334781,0.188311967,0.193768353,0.194166139
184,"COK","Cook Islands",0.008952044,0.008951633,0.009276522,0.011667612,0.012701001,0.01373159,0.015740865,0.01568374,0.015621014,0.015688089,0.015598064,0.015444091,0.015295519,0.011995746,0.012502274,0.012428601,0.012371167,0.012386533,0.012334399,0.012278465,0.012229131,0.012184275,0.012139319,0.012094563,0.012049707
188,"CRI","Costa Rica",3.546871666,3.572810079,3.580432692,3.624947105,3.410491419,3.167538532,3.174685436,3.19529834,3.294658544,3.241185948,3.232503552,3.22814326,3.141881568,3.100448875,3.081952383,3.174328591,3.161166124,3.336354857,3.46208809,3.545016223,3.625132456,3.660121956,3.629516755,3.684413355,3.687282254
384,"CIV","Cote d'Ivoire",16.68689174,17.1858993,17.66515907,18.02431693,18.56094329,19.03572595,17.94071856,17.15664526,16.46234366,15.48254877,14.50180597,14.77163977,15.48011167,15.86353788,15.85509518,16.96121068,17.29525325,17.66389743,18.0582317,18.31619577,18.60945255,18.94785272,19.25550339,19.78210366,19.74435712
191,"HRV","Croatia",4.303570537,4.219137254,3.726841813,3.643011693,3.556121072,3.455039352,3.341121603,3.301162255,3.272480906,3.240906658,3.176138009,3.243179275,3.287077942,3.362464508,3.496449974,3.52283484,3.552807458,3.518449976,3.424498794,3.420864613,3.365994631,3.366396884,3.350843138,3.270027791,3.256327945
192,"CUB","Cuba",10.70788987,10.54533739,10.57636692,9.911096445,10.31671307,9.942650699,10.58079657,10.69514445,10.87776102,10.7584855,10.89817677,10.67113231,10.73461484,10.87240607,10.53474201,10.10820044,10.25628401,10.24314047,10.38586593,10.9095954,10.69707636,10.98641102,10.90103148,10.90291854,10.8312796
531,"CUW","Curacao",NA,NA,NA,NA,NA,NA,NA,NA,NA,NA,NA,NA,NA,NA,NA,NA,NA,NA,NA,NA,NA,NA,NA,NA,NA
196,"CYP","Cyprus",0.338167127,0.344795247,0.352222767,0.360331587,0.370634107,0.376332327,0.386667058,0.396875889,0.40446872,0.407199351,0.414366383,0.422544932,0.442397182,0.459418032,0.455735482,0.459351732,0.453680217,0.464174303,0.468195788,0.472081373,0.485699658,0.492839391,0.494669125,0.491708958,0.498294091
203,"CZE","Czech Republic",19.16097691,18.33118955,17.11966082,15.73285176,14.56933199,13.80647262,13.53162217,13.08199732,12.62392698,12.33707993,11.95348628,11.90420233,11.78052157,11.65174902,11.52443277,11.42222182,11.35592392,11.34515153,11.23342043,11.12919604,11.03803904,11.03070426,11.01147458,11.0098714,11.03139163
180,"COD","Dem. Rep. Congo",34.276109,34.37087581,34.63017543,34.75583375,34.90934517,35.02798208,35.49686296,39.50069223,40.46842721,36.09951069,33.95658796,31.68671675,32.36010975,34.36083594,37.09455313,36.62769643,39.45492834,34.26563856,36.89434587,37.96911569,39.70303711,40.59449295,36.4751481,39.18594435,38.0637142
208,"DNK","Denmark",7.197735779,7.296931425,7.348007772,7.500967918,7.432891764,7.50221191,7.493417851,7.475576992,7.539291133,7.318391974,7.357010014,7.491840707,7.3536617,7.263637693,7.155800086,7.062488979,6.966523587,7.057931895,6.915065503,6.82829171,7.022987518,6.975517382,6.969338346,6.93005351,6.876360674
262,"DJI","Djibouti",0.369190097,0.372760547,0.376146797,0.384220047,0.396335098,0.420894848,0.439167497,0.444902146,0.455429096,0.474046445,0.477460895,0.476195491,0.475689587,0.478246284,0.48277258,0.483283377,0.479031499,0.480964622,0.483694744,0.487251567,0.48934409,0.490649315,0.496569041,0.498960367,0.502861393
212,"DMA","Dominica",0.0862487,0.086062963,0.086407025,0.086509188,0.08670805,0.087083013,0.087032549,0.087011085,0.08694512,0.086903956,0.086856592,0.087115986,0.087295681,0.087553075,0.08751457,0.087391964,0.088136175,0.088434985,0.088604696,0.088930907,0.089060617,0.089499544,0.090034871,0.090187597,0.090350524
214,"DOM","Dominican Republic",5.268717639,5.668566214,5.986168089,6.110223264,6.329390939,6.554901115,6.581728706,6.482081498,6.451734989,5.938821581,5.617729573,5.900109301,6.06330823,5.990109959,6.406834887,6.347345016,6.312572591,6.891487466,7.058973241,7.297540415,7.46936979,7.503023952,7.520162114,7.586195976,7.649330738
218,"ECU","Ecuador",9.64243786,9.978491211,10.36722846,10.80188961,11.14940167,11.34254732,11.54392195,11.35342358,11.36901552,11.57572325,10.78254438,11.17984659,11.4623267,11.43023781,11.93273422,11.66072883,11.70512964,11.48356046,11.51971067,12.10909408,12.33538829,12.19297217,12.26281926,12.16315934,11.50139092
818,"EGY","Egypt",20.19738908,21.89927727,23.54452367,24.94993506,25.96918585,27.27223005,29.39907811,32.19567227,33.75917174,37.1626066,39.56629786,40.38221204,42.29245122,43.3107989,44.51649738,45.44529955,46.59075196,47.81314607,48.76169558,47.74499419,47.7705029,49.52624404,50.75812688,50.92082053,51.87197777
222,"SLV","El Salvador",2.947140252,3.039640959,3.114616966,3.097848073,3.22858218,3.099383787,3.340050739,3.229203691,3.116909343,3.253873895,3.174777347,3.390783618,3.509979889,3.44377786,3.462943932,3.475240203,3.569167913,3.656506723,3.708335033,3.641178343,3.528377253,3.287524041,3.429152029,3.179041917,3.383716905
226,"GNQ","Equatorial Guinea",0.086037912,0.12585762,0.165676028,0.205495736,0.245274245,0.285097953,1.50673838,2.728420007,3.950065235,5.171753962,6.393409389,8.03599225,9.67849521,11.32105677,12.96359413,14.60612149,14.68030942,14.75447644,14.83064307,14.9027872,14.97715203,15.11073231,15.24239689,15.37499617,15.50752865
232,"ERI","Eritrea",2.181193616,2.227254253,2.307807234,2.142831566,2.203789922,2.264329777,2.481913815,2.760702854,2.884388092,2.95975613,3.069557969,2.958972331,2.938523693,3.020604855,3.048543516,3.088575678,3.110792085,3.218692491,3.234028497,3.234893503,3.266967209,3.310403061,3.342063812,3.381957264,3.407520015
233,"EST","Estonia",4.324943601,4.156261597,3.170720945,2.866648035,2.475659525,2.274002214,2.181242719,2.146168024,2.149133529,2.140479834,2.096026639,2.075597091,2.115638643,2.079462295,2.096634747,2.0968868,2.108127299,2.076761399,2.081573999,2.048326099,2.041058599,2.027793835,2.00913977,2.002454506,2.012859941
231,"ETH","Ethiopia",40.12961247,40.52248598,41.50070514,38.21043905,38.77567934,38.95919383,40.55477152,42.73136771,46.4772323,47.15674739,44.51834599,44.82245601,50.14093784,50.24229047,51.07605529,52.05177642,54.66538257,58.91669811,61.55055626,63.60663941,65.89791666,64.82452043,67.5713062,68.80428777,71.34708024
234,"FRO","Faeroe Islands",NA,NA,NA,NA,NA,NA,NA,NA,NA,NA,NA,NA,NA,NA,NA,NA,NA,NA,NA,NA,NA,NA,NA,NA,NA
238,"FLK","Falkland Islands",NA,NA,NA,NA,NA,NA,NA,NA,NA,NA,NA,NA,NA,NA,NA,NA,NA,NA,NA,NA,NA,NA,NA,NA,NA
242,"FJI","Fiji",0.578037322,0.593562357,0.602622393,0.642164628,0.667561964,0.694558499,0.68971959,0.692736082,0.686598473,0.661521465,0.660869456,0.67370301,0.646426963,0.640837717,0.64404777,0.640255823,0.640966197,0.65042757,0.649218644,0.665086917,0.646444491,0.641362519,0.642368147,0.646289575,0.655304403
246,"FIN","Finland",6.983547463,6.832444558,6.754785652,6.700267547,6.689967641,6.570686036,6.439506701,6.305095867,6.109633032,5.905802498,5.710461863,5.49016799,5.310397218,5.111794245,4.872046373,4.6838391,4.642934858,4.540507717,4.485360775,4.435912433,4.408940791,4.407984861,4.38612373,4.4002223,4.40002237
250,"FRA","France",62.93186931,63.17040525,62.66462689,61.93512913,62.41725458,63.21390302,63.33926967,63.29964303,62.26854718,62.61761363,62.39906659,62.34482479,61.5075419,60.40210731,59.46150901,59.04818742,59.20143421,59.41738189,59.96326638,59.52456397,59.12654565,58.44277559,59.52029353,58.60384596,58.9097368
254,"GUF","French Guiana",NA,NA,NA,NA,NA,NA,NA,NA,NA,NA,NA,NA,NA,NA,NA,NA,NA,NA,NA,NA,NA,NA,NA,NA,NA
258,"PYF","French Polynesia",NA,NA,NA,NA,NA,NA,NA,NA,NA,NA,NA,NA,NA,NA,NA,NA,NA,NA,NA,NA,NA,NA,NA,NA,NA
266,"GAB","Gabon",1.479105263,1.507231292,1.53475192,1.560602648,1.584986277,1.608699905,1.467507474,1.327115643,1.195363712,1.063567481,0.91513945,0.902544859,0.914915368,0.939217976,0.970644185,0.964893094,0.984259182,1.009364969,1.066170557,1.000207345,1.008858232,1.077577858,1.106397983,1.217236408,1.103698633
270,"GMB","Gambia",3.351631083,3.481822593,3.589242204,3.694911915,3.840693025,3.972436736,4.094762321,4.202531005,4.323442889,4.597367674,4.687278958,4.763514385,4.824300312,4.950505739,5.184922366,5.317996093,5.554989009,5.652873824,5.85798924,6.149791356,6.379258272,6.306136407,6.457912042,6.664909977,6.830902912
268,"GEO","Georgia",12.07202573,10.72000199,9.020406908,7.50282328,6.101094652,4.785352323,5.091990685,5.398700246,5.691506407,6.000912869,6.35552563,6.15909533,5.94040623,5.74549273,5.532313931,5.232759731,5.179067676,5.008056822,4.911186168,4.855358914,4.798129759,4.842961957,4.906688755,4.996280452,5.12967385
276,"DEU","Germany",115.2823644,110.0098873,103.3051851,99.71962741,96.90408879,94.43881287,90.83635739,87.417004,83.12511891,79.39225102,75.36066304,72.46403389,69.27994185,65.75819031,62.27131257,59.44811602,56.95267827,55.11302802,53.82010568,51.87938133,49.71705708,49.01643454,48.5942133,48.38505686,48.18567272
288,"GHA","Ghana",5.187668221,5.446268079,5.517035738,5.659399196,5.812717554,5.973110913,6.094517504,6.597543995,7.798274387,7.127185278,7.889940569,7.814079461,7.746705052,8.329270143,7.893049735,9.271155926,9.076457667,8.857746508,9.020332648,8.904210589,9.04174903,9.629128521,9.419998313,9.961179204,9.919297596
292,"GIB","Gibraltar",NA,NA,NA,NA,NA,NA,NA,NA,NA,NA,NA,NA,NA,NA,NA,NA,NA,NA,NA,NA,NA,NA,NA,NA,NA
300,"GRC","Greece",10.09197096,10.06113831,10.05377586,10.1289116,10.19115265,10.2785266,10.31503685,10.34048049,10.39018574,10.22641419,10.27314993,10.03188899,9.726550247,9.592689304,9.588255861,9.366442117,9.170731586,9.166846654,8.887328523,8.725479491,8.605760859,8.611209712,8.278077764,8.302396117,8.230030669
304,"GRL","Greenland",NA,NA,NA,NA,NA,NA,NA,NA,NA,NA,NA,NA,NA,NA,NA,NA,NA,NA,NA,NA,NA,NA,NA,NA,NA
308,"GRD","Grenada",1.45113305,1.461994637,1.472875025,1.483768913,1.494676001,1.505586388,1.517444454,1.52931492,1.541186486,1.553120252,1.564836318,1.574035274,1.58320363,1.592437786,1.601581042,1.610718298,1.62064339,1.630595983,1.640675975,1.650638468,1.66022116,1.669119108,1.677998855,1.686761202,1.69561445
312,"GLP","Guadeloupe",NA,NA,NA,NA,NA,NA,NA,NA,NA,NA,NA,NA,NA,NA,NA,NA,NA,NA,NA,NA,NA,NA,NA,NA,NA
316,"GUM","Guam",NA,NA,NA,NA,NA,NA,NA,NA,NA,NA,NA,NA,NA,NA,NA,NA,NA,NA,NA,NA,NA,NA,NA,NA,NA
320,"GTM","Guatemala",5.420332284,5.504010047,5.71908661,5.921456273,5.829191136,5.850214199,5.966741836,5.942887972,7.249045608,6.356284944,7.070751481,6.197927655,6.36769393,8.172836404,6.383501979,8.620487553,6.688190615,7.583671977,7.431224839,8.2014529,7.739024862,7.777489963,7.903971763,8.228387764,7.997846765
324,"GIN","Guinea",4.472948462,4.678324325,4.894971587,5.12197855,5.371820012,5.624473975,5.709414238,5.886084501,6.594552764,6.426984427,6.55711659,6.375274678,6.977118766,6.955055154,7.103961442,7.40754683,7.804435202,7.848723373,8.364067845,8.320231816,8.400246387,8.566745049,9.54404931,9.661308272,9.362744934
624,"GNB","Guinea-Bissau",0.629809864,0.635380322,0.653989579,0.662763337,0.674402395,0.691721652,0.661951741,0.677768729,0.829550518,1.022338206,0.862376395,0.745574237,0.751346479,0.770574821,0.711944263,0.705219105,0.814353862,0.787355319,0.810833876,0.836962333,0.91266679,0.922396743,0.994445396,0.992448849,0.995014803
328,"GUY","Guyana",1.220597732,1.390918981,1.438987829,1.540424377,1.526010425,1.691546174,1.607536522,1.60993567,2.324612118,1.367765366,1.136777915,1.027876093,0.945778472,2.743189351,1.213575829,2.113370008,1.43630146,1.473872812,1.561098064,2.015219016,1.066212368,1.181728438,1.998092407,1.602869777,2.842758946
332,"HTI","Haiti",2.521449668,2.656980295,2.967656921,2.867970948,2.859764875,2.887222601,2.933467341,3.080748581,3.12993572,3.18870146,3.410518,3.450184063,3.496466226,3.537347789,3.551584852,3.591784216,3.601572686,3.643416257,3.657349427,3.700927598,3.730253969,3.758507674,3.76167738,3.802897186,3.800096992
336,"VAT","Holy See",NA,NA,NA,NA,NA,NA,NA,NA,NA,NA,NA,NA,NA,NA,NA,NA,NA,NA,NA,NA,NA,NA,NA,NA,NA
340,"HND","Honduras",6.314687292,6.38223833,6.431217868,6.176024606,6.519202244,6.401751582,6.48356043,6.729598779,6.872819427,6.390583976,6.670021025,6.453166106,6.872853588,8.190994169,7.589718551,8.337481932,7.95185605,8.006651467,8.172782985,8.451905502,8.488820019,8.768738471,8.644695424,8.902467276,9.025203228
344,"HKG","Hong Kong",NA,NA,NA,NA,NA,NA,NA,NA,NA,NA,NA,NA,NA,NA,NA,NA,NA,NA,NA,NA,NA,NA,NA,NA,NA
348,"HUN","Hungary",10.20263834,10.11105768,9.636626115,9.168261651,8.813079388,8.543461924,8.672998203,8.671120682,8.618934761,8.718713939,8.729314118,8.595481439,8.524387059,8.517781279,8.448997899,8.32555982,8.14387496,7.9712082,7.81381224,7.63250498,7.45799542,7.345130536,7.351922552,7.421683368,7.436752184
352,"ISL","Iceland",0.438501005,0.439906597,0.436480788,0.438073379,0.44294037,0.441612561,0.448229379,0.450904997,0.455351915,0.454692732,0.44637865,0.443396106,0.435599761,0.432955317,0.427954372,0.431034827,0.448571066,0.448879805,0.456261444,0.463848482,0.467932621,0.466806636,0.463054551,0.453577666,0.47118908
356,"IND","India",470.1760218,475.8713842,480.7141456,486.3282722,491.2313747,495.3531207,503.246405,508.8373514,517.2059908,524.3199836,527.4258645,533.2718338,530.5905187,540.7418268,549.7535676,563.6124382,573.7721891,586.3949398,593.4485647,590.7939467,598.548624,603.2078765,604.2219679,609.9110212,611.1435523
360,"IDN","Indonesia",209.7769625,211.6445008,218.6114832,219.9523664,222.0807153,227.9127737,199.1171577,404.2177201,247.0519675,211.3493974,195.6985806,196.2326847,269.9819182,210.1464552,249.5422769,220.5888967,292.2668073,200.4134436,201.60165,269.2166409,208.3998296,236.9851348,242.1850728,241.1345215,303.1094347
364,"IRN","Iran",51.7964756,53.11758048,55.20799765,58.10310402,60.04729569,62.10256077,65.50246636,68.37530636,71.73232586,74.17910696,76.34788676,78.02487065,79.72474414,81.54811433,83.74303932,85.9822763,86.69976651,87.43908382,86.03145623,87.92195633,88.81006714,88.92575214,89.48850995,89.76533325,90.20043856
368,"IRQ","Iraq",86.33500164,74.3605638,63.70292857,53.16179573,42.20418339,30.98194076,45.53955469,60.98146933,76.27985146,91.3521974,106.4583203,101.3606517,96.38051814,90.7402062,85.90475465,81.22258431,86.05082016,90.92369892,95.70219667,100.9773344,105.774221,109.1862047,112.5254173,115.9368203,119.1620238
372,"IRL","Ireland",12.98052153,13.19747984,13.28836545,13.44138086,13.53678058,13.65405449,13.54623982,13.74636156,14.00881279,14.05458953,14.02535536,13.9818516,13.82389583,13.79569767,14.12407201,13.94210965,13.76625574,13.38887524,13.53986234,13.47940084,13.07643294,13.22365422,13.7669733,14.12086318,14.32367596
833,"IMN","Isle of Man",NA,NA,NA,NA,NA,NA,NA,NA,NA,NA,NA,NA,NA,NA,NA,NA,NA,NA,NA,NA,NA,NA,NA,NA,NA
376,"ISR","Israel",6.927789445,7.19457084,7.478783736,7.759018331,8.052066127,8.329401923,8.42832409,8.522183258,8.627920426,8.731017494,8.834887261,8.363134243,7.870246924,7.404285105,6.928832987,6.466816168,6.633605969,6.758131069,6.903373569,7.02315037,7.17709347,7.297472705,7.420017239,7.554580074,7.671941208
380,"ITA","Italy",49.54844214,48.18433806,47.93250448,47.2645727,47.23104583,46.77379325,47.27960372,47.48478728,47.73362935,48.17619811,48.66245638,45.80969706,46.21705845,45.01326283,44.46663361,43.2877264,42.43877054,41.66245237,41.00761401,40.19855525,39.45840989,38.79771577,38.73103914,39.12441201,38.81901469
388,"JAM","Jamaica",0.889863035,0.938611031,0.992305626,0.995626021,0.966760516,0.982800811,0.953243087,0.933039062,0.938229738,0.945319914,0.955271989,0.946258205,0.946536822,0.986985138,0.931689054,0.916117071,0.729960929,0.700509287,0.700431845,0.715288903,0.71527136,0.715319652,0.713701443,0.718845535,0.714672726
392,"JPN","Japan",30.0418155,29.59372255,29.50599189,29.25400224,29.07391659,28.09934384,26.92038034,26.28113194,25.12480724,24.56062034,23.94933144,23.09982654,22.56196785,21.95937576,21.56389637,20.99270758,20.61751755,20.27344373,19.789403,19.48056208,19.13558266,18.69634557,18.61415798,18.6124288,18.35846851
400,"JOR","Jordan",6.689085768,6.909222479,7.15489819,7.327098402,7.405596213,7.558138724,6.694983224,5.785680723,4.864582423,3.942988523,3.085043722,3.095261993,3.174745763,3.231089134,3.298604805,3.399928275,3.544241114,3.742173753,3.964503192,4.035521731,4.17187407,4.213463871,4.242660172,4.317035073,4.384921974
398,"KAZ","Kazakhstan",73.27733214,68.6146762,61.83037642,58.0672129,53.26366338,46.32793076,43.21575186,40.29520466,37.41546456,35.33876146,34.32368716,34.91380097,38.34799807,36.77352038,38.51817479,39.4661012,41.50475424,41.55114289,43.77133574,44.49194079,47.36127014,46.51959121,47.20465048,46.94858465,48.77230402
404,"KEN","Kenya",18.80712172,18.23006647,18.17813572,18.13354998,18.21095263,18.17012348,17.34143859,17.50799139,17.7564112,18.77427081,17.63596001,17.52150836,18.14397092,19.26236827,20.27007192,20.14634477,19.58197777,28.48106106,29.09679216,28.02887555,28.11098125,29.0048575,29.00334785,28.2475841,28.25029735
296,"KIR","Kiribati",0.011445267,0.011509568,0.011637669,0.01176577,0.01189047,0.012014371,0.012379839,0.012582506,0.012785174,0.012987841,0.013534909,0.013821042,0.014398875,0.014575208,0.014819141,0.015063075,0.015257722,0.015473269,0.015648716,0.015819964,0.016113811,0.016269328,0.016577046,0.016726264,0.017031981
689,"XKX","Kosovo",NA,NA,NA,NA,NA,NA,NA,NA,NA,NA,NA,NA,NA,NA,NA,NA,NA,NA,NA,NA,NA,NA,NA,NA,NA
414,"KWT","Kuwait",48.61997369,55.50936388,62.45681707,69.41831347,76.37049546,83.32735065,83.90783329,84.47815472,85.04588965,85.62212578,86.20052331,89.92515633,93.66849416,97.40237738,101.1177149,104.8353398,105.2579687,105.6740769,106.0909985,106.5118253,106.937503,107.1496512,107.3585873,107.5795662,107.8082949
417,"KGZ","Kyrgyzstan",6.278587012,5.824012834,5.38988942,4.83034898,4.21643174,3.4103584,3.20551514,3.07461258,3.05867962,3.03253706,3.0055863,3.0199979,3.0446309,3.0592648,3.0424961,3.0877267,3.155837262,3.223838124,3.315304185,3.505785847,3.568582009,3.667997095,3.754848781,3.870582867,3.994115053
418,"LAO","Laos",5.938964035,5.848265863,6.016180791,6.036835019,6.279359048,6.279671976,6.37384234,6.183361204,7.289364268,6.531150232,6.199211296,5.343639075,6.222756454,5.867149133,8.597011312,7.312163391,6.222214838,9.059977085,6.184764931,6.806860378,10.84188222,6.586962399,8.309435573,8.425333648,8.355523522
428,"LVA","Latvia",4.42725974,4.332059956,4.202627603,3.70536807,2.771830437,2.506127004,2.471600136,2.393439767,2.322465199,2.194263431,2.104961663,2.093838667,2.15686237,2.152429774,2.117366478,2.114254081,2.135282394,2.115401306,2.143914619,2.099477931,2.090949744,2.094142794,2.096166244,2.112470893,2.142731943
422,"LBN","Lebanon",1.078408096,1.129503231,1.167476666,1.204156801,1.241106736,1.267713971,1.403698253,1.520135935,1.642590917,1.764414498,1.87908948,1.884878258,1.900310336,1.911951615,1.917755493,1.934370471,1.95889652,1.97082127,1.997617919,2.015716868,2.019036118,2.068452434,2.08053505,2.088475466,2.100898083
426,"LSO","Lesotho",1.018729336,1.036089652,1.131986567,1.119927182,1.107237497,1.084621313,1.034294081,1.012987448,0.995594816,1.233082484,1.179702352,1.229566676,1.078664001,1.163755225,1.06954975,1.186473774,1.095882683,1.175804692,1.1078582,1.115150409,1.145817918,1.100647505,1.115163193,1.15885538,1.156063567
430,"LBR","Liberia",0.575407006,0.547655141,0.542413576,0.51795631,0.506429245,0.500593479,0.519547424,0.543975069,0.578388314,0.584826459,0.596927004,0.596758285,0.602265166,0.632283447,0.632015628,0.669665208,0.680029573,0.709916638,0.768932602,0.953148767,0.826798232,0.846091548,0.967487964,0.89912178,0.927032297
434,"LBY","Libya",56.43479445,56.6001319,56.74410955,56.8935749,57.06067726,57.26752621,57.63347126,57.8857616,58.26968225,58.4955117,58.70474095,60.94963348,63.16598151,65.44402494,67.72840817,69.98838379,72.04872366,74.06726623,76.029285,78.02643876,80.03468533,78.73027888,77.42450974,76.12689999,74.81188715
438,"LIE","Liechtenstein",0.015571004,0.015454293,0.015012281,0.01452687,0.014628259,0.014619747,0.015026446,0.014881746,0.014677345,0.014016544,0.013801843,0.014331671,0.014571599,0.014754526,0.014909954,0.015390882,0.016039473,0.016478264,0.016593155,0.016680646,0.016258537,0.01596867,0.016240203,0.015697736,0.016168369
440,"LTU","Lithuania",6.792805717,6.634027106,6.420681087,5.369499025,4.762536263,4.331602701,4.209093288,4.199433476,4.166753464,3.988134951,3.864066139,3.565610578,3.599528818,3.644068257,3.698270897,3.657482336,3.658952205,3.694777073,3.615291642,3.552344111,3.528980179,3.493124577,3.437814675,3.386016473,3.334166271
442,"LUX","Luxembourg",0.51091333,0.51345908,0.506747772,0.503849846,0.502082953,0.507548376,0.504359979,0.495208088,0.48913854,0.504694672,0.473803274,0.474115145,0.463843816,0.453611588,0.449929959,0.44943483,0.443909229,0.454118529,0.459092028,0.459873327,0.463721826,0.456160136,0.450980245,0.462482855,0.472171064
446,"MAC","Macao",NA,NA,NA,NA,NA,NA,NA,NA,NA,NA,NA,NA,NA,NA,NA,NA,NA,NA,NA,NA,NA,NA,NA,NA,NA
807,"MKD","Macedonia",2.235790957,2.201194297,2.019790529,2.028112641,2.019472053,2.023441265,2.039671616,1.995908567,1.955063518,1.893967168,1.935182519,1.884507222,1.872898924,1.871053026,1.894440129,1.851849631,1.876789664,1.910809196,1.879447829,1.839570762,1.877024495,1.903424959,1.869881324,1.860095488,1.876986153
450,"MDG","Madagascar",14.95818186,14.93348276,15.13359316,15.40479946,15.14466176,15.25822307,15.70104917,15.23807087,15.98174798,15.71825788,14.83839668,14.84428665,13.19388683,14.311159,13.79972037,15.93867794,15.19635497,15.81924919,14.93487692,16.68827764,17.08645917,16.83307823,16.5756362,16.89549756,16.56655733
454,"MWI","Malawi",7.2306602,6.679249992,6.129041783,5.596567675,4.975505667,4.446149059,4.451948788,4.288914318,4.347902448,4.198435878,4.211656107,4.037114248,4.046105788,4.434726628,4.100719668,4.373998709,4.11075978,4.30967605,4.623966721,4.565132692,5.102481163,5.070433572,5.33586728,5.373966388,5.439358197
458,"MYS","Malaysia",41.59955999,42.89669102,44.13052145,45.41438368,46.7379704,47.86008283,48.78735885,50.69677287,59.55380758,52.7909269,54.24089331,54.42458927,56.85644182,57.10385417,59.15493673,60.43814678,59.40820787,60.55081207,60.83880516,63.68285165,63.26788905,63.76296092,64.6404029,65.94348048,69.48427445
462,"MDV","Maldives",0.04260478,0.044334701,0.046064822,0.047794842,0.049524863,0.051254783,0.052804495,0.054355407,0.055905219,0.057455131,0.059004942,0.060431725,0.061858208,0.063285191,0.064711874,0.066138556,0.068475331,0.070812206,0.073148981,0.075485856,0.077822531,0.077728137,0.077633843,0.077539749,0.077445855
466,"MLI","Mali",8.880657892,8.852392635,8.863301379,8.959752323,9.106236266,9.30444691,9.145689574,9.545526337,11.8711313,12.25828436,11.24496303,11.80856234,11.53113905,11.30765526,12.79711377,12.94442368,12.96284069,13.35362609,14.58358709,14.47571829,14.86991749,15.69128854,15.50440208,15.78743433,16.29108057
470,"MLT","Malta",0.182459371,0.191887331,0.200257091,0.206915551,0.212382111,0.215044371,0.218157602,0.224649534,0.225360966,0.231175498,0.23314723,0.234997946,0.237937363,0.240715879,0.240823696,0.247812412,0.254633744,0.260313475,0.268241607,0.266466238,0.27146297,0.26539403,0.266729291,0.268123452,0.267543712
584,"MHL","Marshall Islands",0,0.021708695,0.022280494,0.022852294,0.023424094,0.023995894,0.024385539,0.024775184,0.025164829,0.025554474,0.025944119,0.026454052,0.026963986,0.027473919,0.027983852,0.028493785,0.029148762,0.029803739,0.030458716,0.031113693,0.03176867,0.03244263,0.03311659,0.03379055,0.03446451
474,"MTQ","Martinique",NA,NA,NA,NA,NA,NA,NA,NA,NA,NA,NA,NA,NA,NA,NA,NA,NA,NA,NA,NA,NA,NA,NA,NA,NA
478,"MRT","Mauritania",3.399250804,3.514652456,3.437818308,3.551264261,3.480264213,3.495219965,3.670389212,3.837085259,3.987740806,4.215017353,4.3778504,4.457568301,4.478953602,4.567957703,4.716513504,4.768047005,4.779377361,4.836173717,4.561170872,4.972859828,5.275366683,5.250630318,5.364409553,5.543536587,5.567179622
480,"MUS","Mauritius",0.733461798,0.738899088,0.747545379,0.756305769,0.764464359,0.77253815,0.85475378,0.93503401,1.01837734,1.10316457,1.1848292,1.19424544,1.21118638,1.23064222,1.24863326,1.2664524,1.288670881,1.311628462,1.334506143,1.356744024,1.379950505,1.389880893,1.400686582,1.40980507,1.419002059
175,"MYT","Mayotte",NA,NA,NA,NA,NA,NA,NA,NA,NA,NA,NA,NA,NA,NA,NA,NA,NA,NA,NA,NA,NA,NA,NA,NA,NA
484,"MEX","Mexico",115.7487003,119.0125993,121.5981388,126.1609422,130.2510264,133.6326315,135.6155933,140.9569856,150.0968495,149.4058335,153.3856564,157.4120231,165.473178,174.9663106,178.9120765,187.2845768,187.4679628,188.5428846,189.6292467,191.2000814,191.3956429,193.9097392,190.8915943,191.907049,191.2495562
583,"FSM","Micronesia",0,0.007168809,0.006897998,0.006627187,0.006356375,0.038463064,0.038642536,0.038848907,0.038408679,0.03847245,0.038450922,0.039288268,0.039392215,0.039608961,0.039473807,0.039556154,0.039682157,0.040101661,0.040548564,0.040851867,0.040995771,0.041777876,0.041960582,0.042502587,0.020998093
498,"MDA","Moldova",5.147073767,5.062078299,4.704597866,4.625160584,4.499971102,4.346520919,4.130327676,3.959212032,3.697806888,3.504768744,3.3838161,3.24977522,3.27330184,3.26065706,3.14466558,3.0188991,3.017453132,3.031404864,2.894740796,2.903200728,2.96367836,2.983785338,2.953248515,2.945520192,2.967475469
492,"MCO","Monaco",NA,NA,NA,NA,NA,NA,NA,NA,NA,NA,NA,NA,NA,NA,NA,NA,NA,NA,NA,NA,NA,NA,NA,NA,NA
496,"MNG","Mongolia",8.082805046,8.342785015,8.191363984,8.099493653,7.980187722,8.523831991,8.932910998,11.02158171,9.854981314,9.894966422,10.77449583,8.528116462,7.498874495,6.741871128,6.641947861,7.119311694,9.320445544,10.22653769,10.29444474,9.329532794,7.441030644,8.676631054,10.24021546,10.17694897,11.68950918
499,"MNE","Montenegro",0.558768236,0.549714458,0.49768099,0.499704308,0.493288084,0.514688652,0.515189023,0.513776304,0.513145851,0.491730586,0.461004896,0.43713395,0.431314424,0.425336037,0.420233747,0.393907709,0.515598677,0.523428264,0.495048851,0.485897338,0.476969126,0.459609124,0.488656322,0.44864012,0.457588918
500,"MSR","Montserrat",NA,NA,NA,NA,NA,NA,NA,NA,NA,NA,NA,NA,NA,NA,NA,NA,NA,NA,NA,NA,NA,NA,NA,NA,NA
504,"MAR","Morocco",9.383437886,9.308195702,9.315430118,8.648398235,8.936556551,9.003169567,9.29933374,9.474653012,9.394106585,9.593544857,9.79902223,9.832447848,9.840551167,9.992344286,10.1607025,10.22044112,10.37793165,10.35246089,10.47448082,10.53074185,10.74308758,11.08752253,11.15475028,11.47670763,11.48933649
508,"MOZ","Mozambique",9.998900518,10.04426201,10.10618251,10.1701644,10.2081746,10.29114629,10.88719032,9.752149242,11.03468377,10.47853719,9.108216117,10.03685218,9.455638348,11.53718531,10.56024328,11.92884344,10.9521521,12.14470696,13.26079621,11.39195647,13.93586662,12.10597921,13.60943011,13.7223612,14.05066999
104,"MMR","Myanmar",46.23724601,45.91779739,47.88121197,49.61642595,50.76120893,52.20253421,51.94017106,50.71093151,54.04596155,57.486088,55.23758555,53.74639614,54.51216643,58.05611603,66.56793742,64.37733081,67.24772919,75.45441337,68.51116954,73.39735302,77.4026479,70.26169675,71.1065814,71.45441386,74.62316521
516,"NAM","Namibia",4.034296157,4.149602962,4.081171268,3.976488573,3.971604679,3.969587784,3.843131832,3.77823128,4.130818927,4.186658175,4.692344423,4.269448936,3.99314095,3.848059363,3.950074377,4.50926059,4.601003671,4.327049651,4.127163732,4.760356913,4.549195593,5.845208272,6.000709952,4.333301131,3.89736331
520,"NRU","Nauru",0.002950441,0.003034496,0.003118451,0.003202406,0.003254662,0.003306917,0.003361762,0.003416607,0.003471452,0.003526298,0.003581143,0.003635988,0.003690833,0.003745679,0.003800524,0.003855369,0.003910442,0.003997214,0.004083986,0.004139059,0.004194131,0.004250385,0.004306639,0.004362893,0.004419147
524,"NPL","Nepal",14.82520995,14.97763352,14.88482559,15.54411937,15.93328014,16.78072431,17.22412013,17.55796055,18.10657527,18.70658969,18.97791551,18.82921695,18.97227479,19.58120483,19.86582937,20.01910192,20.19865321,20.30151571,21.03568471,21.518219,21.7620254,22.10148143,22.67623666,22.6342371,22.89660333
528,"NLD","Netherlands",27.01005287,26.85955822,26.43783506,25.95750321,25.50190515,25.2092514,24.31739823,23.30958826,22.36700739,21.73165532,20.72903976,20.26318764,19.35411212,18.7319163,18.27923518,17.93609886,17.56659856,17.49562936,17.62774226,17.48658096,17.29941266,17.18915865,17.15344464,17.42445624,17.79673453
530,"ANT","Netherlands Antilles",NA,NA,NA,NA,NA,NA,NA,NA,NA,NA,NA,NA,NA,NA,NA,NA,NA,NA,NA,NA,NA,NA,NA,NA,NA
540,"NCL","New Caledonia",NA,NA,NA,NA,NA,NA,NA,NA,NA,NA,NA,NA,NA,NA,NA,NA,NA,NA,NA,NA,NA,NA,NA,NA,NA
554,"NZL","New Zealand",26.3413352,25.8388994,25.50240279,25.37969848,26.17066007,26.71922927,26.28589477,26.46160707,25.97897088,26.02660358,25.79253069,25.93040416,26.46578962,26.74185979,26.67300426,26.59936502,26.83658948,26.68790504,26.2286516,26.56885846,26.59848322,26.41167186,26.7873431,26.89838274,27.09265188
558,"NIC","Nicaragua",4.87363893,4.066646718,4.469709706,4.958814294,5.027560483,4.478612671,4.402882572,4.838859874,5.127876776,5.519379977,5.757012279,5.674130775,5.780569772,6.347014368,5.929467264,6.315662061,6.276328017,6.309778174,6.364746531,6.433496287,6.513889844,6.585523712,6.61283968,6.675088648,6.755635916
562,"NER","Niger",6.362328098,6.634286561,6.925822624,7.237233687,7.532359649,7.837806212,8.184944437,8.475528562,8.930664287,9.227101711,9.691823536,10.04563311,10.42196018,10.79240825,11.18681572,11.61555009,11.98712177,12.54913024,13.02589202,13.53564469,13.98535507,13.84311173,14.4073817,15.09510186,15.69604982
566,"NGA","Nigeria",115.9709692,117.4094232,117.8825023,118.5806728,119.6025176,120.5264515,124.4463733,127.362919,132.3635652,134.5014274,138.3437278,146.3325654,144.8861405,149.3893158,154.2592939,159.4965725,161.2595794,160.9326707,159.4123867,157.4187093,162.0033286,166.3962473,170.9901869,174.0891515,178.3801775
570,"NIU","Niue",0.016854596,0.016026454,0.015182211,0.014337968,0.013529125,0.012686183,0.012809597,0.012934512,0.013032727,0.013152841,0.013272956,0.013718332,0.014102809,0.014487186,0.014872862,0.015284039,0.015854283,0.016432128,0.017004772,0.017579917,0.018152561,0.018723448,0.019294334,0.019865221,0.019516707
574,"NFK","Norfolk Island",NA,NA,NA,NA,NA,NA,NA,NA,NA,NA,NA,NA,NA,NA,NA,NA,NA,NA,NA,NA,NA,NA,NA,NA,NA
408,"PRK","North Korea",19.24131051,18.28436676,17.4568892,16.61171395,15.79626349,14.87123494,14.4922502,14.57330056,14.36099592,14.33014069,14.12884805,14.59212269,14.92848073,15.28746367,15.66056701,15.92240595,16.19753746,16.47397037,16.76859719,17.0578912,17.34221941,17.71723403,17.87341065,17.99008607,18.11938259
580,"MNP","Northern Mariana Islands",NA,NA,NA,NA,NA,NA,NA,NA,NA,NA,NA,NA,NA,NA,NA,NA,NA,NA,NA,NA,NA,NA,NA,NA,NA
578,"NOR","Norway",4.662322305,4.721390085,4.794301765,4.788224245,4.841884225,4.907251306,4.902621881,4.863094756,4.853043031,4.821930106,4.718300981,4.65869618,4.58036978,4.536474479,4.466432678,4.390291777,4.333971647,4.244925817,4.209628987,4.131541356,4.077044126,4.049611419,4.030034112,4.012294405,3.985798698
512,"OMN","Oman",27.61374183,28.9747475,30.33897078,31.70003505,33.06290512,34.4168297,35.58620246,36.75795893,37.92930409,39.12019485,40.27366522,39.4676364,38.65082909,37.85028128,37.04435286,36.25598725,36.32803708,36.39792312,36.46950335,36.54053149,36.62917422,37.35063617,38.07156602,38.94757497,39.65446981
586,"PAK","Pakistan",62.02856843,63.27072429,64.21640636,66.20298482,67.39223969,68.91262255,72.02410436,73.86288137,75.85894728,78.01339009,79.2451723,80.5034228,82.9446518,85.8696785,88.2099699,90.7991994,96.65073042,99.09923765,103.1710427,105.7489565,105.3660382,110.6115369,112.8142798,117.3169329,120.6171336
585,"PLW","Palau",0,0.010700838,0.010987773,0.011274709,0.011561644,0.011848579,0.012148526,0.012448473,0.012748419,0.013048366,0.013348313,0.013462265,0.013576218,0.01369017,0.013804122,0.013918075,0.013994089,0.014070102,0.014146116,0.01422213,0.014298144,0.014351011,0.014403879,0.014456746,0.014509613
591,"PAN","Panama",3.39780173,3.445474976,3.510800121,3.557086666,3.612887411,3.646980256,3.661539264,3.591753371,3.659151679,3.668885786,3.688153794,3.951650229,3.983902063,3.973132498,3.978438333,4.089976468,4.124765372,4.106154375,4.234137479,4.309761183,4.338041387,4.470095642,4.500623098,4.544275453,4.447466508
598,"PNG","Papua New Guinea",6.463294612,7.265715246,8.09939008,8.932201613,9.766590347,10.59837858,7.891283269,36.20415866,8.070411646,7.874398834,7.599677623,6.933682642,10.69385966,8.10194188,14.3629159,6.349269219,8.928462782,6.667516846,8.22393821,7.077426973,8.545391337,6.611873316,6.564642195,7.589857075,8.731124554
600,"PRY","Paraguay",15.62276621,14.95801487,15.36791223,16.36597518,17.08124824,18.0222326,17.87432606,18.30967011,18.22801567,20.02534413,17.57849708,17.81563352,17.85451716,19.1258617,18.00652053,18.94384717,19.10210347,21.36515737,19.64839618,20.44666038,21.80600448,22.45608962,23.63577916,24.3053719,25.22480754
604,"PER","Peru",15.0858786,15.05104241,15.16090402,15.37150183,16.08600174,16.74471195,17.59638022,18.4883386,19.54784448,20.96319956,21.51123004,21.64741825,22.01079606,22.44020857,22.46822889,23.997542,23.47473459,23.88020908,24.28281768,24.71073597,25.10383276,25.1463297,25.36692734,25.32270878,25.33373762
608,"PHL","Philippines",39.37525643,40.32310498,39.24172182,40.04185867,42.98337111,44.37560606,46.16218574,45.95368652,41.63681401,47.60185159,48.14182447,48.56561172,48.85979237,48.91295342,50.08407676,49.83494141,50.53404145,51.62492429,53.01897823,53.79920777,52.66530191,53.69278189,54.80650708,55.43954306,55.61553845
612,"PCN","Pitcairn",NA,NA,NA,NA,NA,NA,NA,NA,NA,NA,NA,NA,NA,NA,NA,NA,NA,NA,NA,NA,NA,NA,NA,NA,NA
616,"POL","Poland",48.61655972,47.02791894,45.98518525,44.83894466,44.95477327,44.65117498,43.46140637,43.15450126,41.91268576,40.59994595,39.19878604,38.48884199,38.10277275,37.9517715,37.36521206,37.44621311,37.20458609,36.75978996,36.13711393,35.31424331,34.89407608,34.67545236,34.50311814,34.46130002,34.6379619
620,"PRT","Portugal",10.58855354,10.75509794,10.83208574,10.84303555,11.16696895,11.32314995,11.41242609,11.33395842,11.30747006,11.26117979,11.20100933,11.30867084,11.47818956,11.80923987,11.79889508,12.260023,11.85658242,11.74808335,11.74524887,11.72243999,11.67505912,11.73673281,11.78528359,11.80086488,11.86798356
630,"PRI","Puerto Rico",NA,NA,NA,NA,NA,NA,NA,NA,NA,NA,NA,NA,NA,NA,NA,NA,NA,NA,NA,NA,NA,NA,NA,NA,NA
634,"QAT","Qatar",1.441954138,1.515637807,1.595128575,1.673863343,1.750265312,1.82379838,1.959889969,2.095523959,2.230022548,2.365563437,2.500202926,2.59211114,2.720368753,2.848097866,2.976174279,3.072890092,3.233233092,3.393114591,3.54214329,3.71882489,3.874331189,4.049577645,4.223798501,4.390754057,4.554834314
178,"COG","Republic of Congo",1.825014272,1.828749458,1.834626443,1.841395329,1.847104015,1.852296101,1.686830153,1.758309504,1.715922856,1.790183307,1.595765359,1.417399793,1.227247528,1.666630362,2.028872397,2.215916232,2.303077725,1.792401719,2.064320213,1.718356707,2.006856,2.563524291,3.693793182,4.558775373,2.550132164
638,"REU","Reunion",NA,NA,NA,NA,NA,NA,NA,NA,NA,NA,NA,NA,NA,NA,NA,NA,NA,NA,NA,NA,NA,NA,NA,NA,NA
642,"ROU","Romania",43.84454504,41.1847433,38.47585107,35.68046894,34.75934591,32.83385607,31.95542144,30.89487151,29.66858028,28.61233974,27.50237231,26.93265216,26.568527,26.71091684,26.57982388,26.44721682,26.48279914,26.66009146,26.18091798,25.6198695,25.09564102,24.24273474,24.14894907,23.8485112,23.81296383
643,"RUS","Russia",640.9443952,617.7660478,588.7761681,563.2083451,535.3677202,503.3979068,500.8248686,473.9614739,485.6302445,467.4396106,469.2443591,475.744277,498.2112214,529.7912633,486.4017188,497.7209147,504.2986158,501.3713389,557.3130121,513.4475479,515.627157,520.6579644,548.2149142,522.1735351,532.1998596
646,"RWA","Rwanda",2.359873677,2.46257911,2.519395543,2.570376076,2.617064009,2.599968042,2.639929161,2.711517681,2.7851752,2.841378319,2.815239739,2.893556505,3.068761672,3.221292038,3.247504105,3.314516271,3.456067013,3.542616255,3.719296397,3.766581239,4.007292181,3.915143964,4.012043547,4.08965043,4.129039313
654,"SHN","Saint Helena",NA,NA,NA,NA,NA,NA,NA,NA,NA,NA,NA,NA,NA,NA,NA,NA,NA,NA,NA,NA,NA,NA,NA,NA,NA
659,"KNA","Saint Kitts and Nevis",0.057092005,0.057226665,0.057344925,0.057405584,0.057778744,0.058065404,0.058966736,0.059677269,0.060625401,0.061599633,0.062854466,0.06328384,0.063797415,0.064351189,0.064874564,0.065946239,0.066312341,0.067557843,0.068905246,0.069390448,0.069925251,0.069803502,0.070461354,0.071165205,0.071174257
662,"LCA","Saint Lucia",0.593074125,0.600492846,0.607978367,0.615430188,0.622826308,0.630237129,0.636008238,0.641837047,0.647659455,0.653493864,0.656362373,0.659811,0.663604328,0.667015356,0.670720383,0.674121811,0.677041301,0.680333191,0.683746981,0.686920771,0.689927262,0.692462544,0.695056026,0.695357908,0.69808679
666,"SPM","Saint Pierre and Miquelon",NA,NA,NA,NA,NA,NA,NA,NA,NA,NA,NA,NA,NA,NA,NA,NA,NA,NA,NA,NA,NA,NA,NA,NA,NA
670,"VCT","Saint Vincent and the Grenadines",0.059424939,0.059215381,0.059756323,0.060311364,0.060782206,0.061257547,0.061174644,0.061131641,0.061095637,0.061025734,0.060698731,0.060299273,0.059779315,0.058939757,0.058779399,0.058655641,0.058537432,0.058590622,0.058449913,0.058507803,0.058192994,0.05799898,0.057348166,0.056079352,0.055506938
882,"WSM","Samoa",0.191376142,0.191543928,0.188987915,0.191696701,0.193707787,0.191376474,0.192067978,0.192800483,0.196619387,0.195562791,0.196318796,0.207026176,0.207874857,0.212000137,0.212146518,0.212909698,0.213773041,0.214632083,0.215522626,0.216436968,0.217018011,0.230735535,0.21845306,0.219170584,0.219888109
674,"SMR","San Marino",NA,NA,NA,NA,NA,NA,NA,NA,NA,NA,NA,NA,NA,NA,NA,NA,NA,NA,NA,NA,NA,NA,NA,NA,NA
678,"STP","Sao Tome and Principe",0.033233942,0.035576372,0.037930501,0.040182031,0.04248706,0.04479929,0.044232929,0.043638867,0.042993306,0.042408945,0.041905383,0.041813367,0.04186665,0.041885833,0.041177216,0.0407077,0.041150797,0.041827094,0.042526792,0.043342389,0.043878586,0.044376089,0.045114093,0.045923596,0.046649299
682,"SAU","Saudi Arabia",16.37239306,17.53553455,18.71022324,19.86147163,21.03376102,22.15501671,23.28595776,24.3870776,25.42619225,26.41074669,27.58751653,28.40064945,29.18843797,29.993175,30.92302332,31.75093214,31.98776662,32.3326052,32.45258848,32.58862637,33.18065935,33.94116317,34.60676088,35.2041533,35.76516792
686,"SEN","Senegal",6.494996041,6.6419365,6.77018906,6.92758342,7.06139408,7.146046439,7.153828543,7.328161946,7.86157605,8.810296753,8.570200757,8.475349003,7.63949055,7.199680497,7.851333143,8.14078159,8.785379433,8.265011876,8.642572219,8.128215461,9.104644504,9.420146194,8.662361683,9.276948072,9.080472761
688,"SRB","Serbia",11.65708963,11.49259955,10.65114854,10.6604697,10.53736561,10.85073613,10.85299849,10.80693513,10.74751611,10.4022377,9.815670922,9.553567329,9.446558215,9.370009563,9.314530715,8.907721713,8.6867377,8.534957267,8.105216534,7.702360301,7.358162268,7.294532688,7.314722908,7.191701229,7.254545749
690,"SYC","Seychelles",0.050392604,0.051062723,0.051501842,0.052009161,0.052486081,0.0529018,0.053227098,0.053747596,0.054148694,0.054589891,0.055066989,0.05549118,0.055723571,0.056278261,0.056683852,0.057144843,0.057552268,0.058269894,0.058636519,0.058983145,0.05952117,0.059984646,0.060474421,0.061073096,0.061631972
694,"SLE","Sierra Leone",2.930783407,2.91613645,2.924148293,2.990377736,2.957690479,2.888081022,2.780647509,2.792378097,2.818146885,2.632496872,2.56063986,2.66266812,2.89664548,3.02052334,3.2402837,3.42219336,3.824985602,3.399938443,3.634587385,3.747999427,3.819801168,4.037783915,4.896632363,4.59242871,4.638171757
702,"SGP","Singapore",0.639044236,0.670728765,0.702468995,0.734343124,0.779484554,0.821130283,0.969273333,1.115005683,1.262622033,1.422055284,1.545075234,1.610029266,1.699933599,1.764959131,1.829847564,1.894800196,1.960346043,2.02434729,2.088225037,2.152197384,2.217766531,2.282039253,2.346728574,2.410999295,2.474941117
534,"SXM","Sint Maarten",NA,NA,NA,NA,NA,NA,NA,NA,NA,NA,NA,NA,NA,NA,NA,NA,NA,NA,NA,NA,NA,NA,NA,NA,NA
703,"SVK","Slovakia",5.522485631,5.41124367,5.123873886,4.929409204,4.610680149,4.504590994,4.644181997,4.6749229,4.633973403,4.548966907,4.61119661,4.62999675,4.655586391,4.677017631,4.687859772,4.632451613,4.639772419,4.635490124,4.63674563,4.622203436,4.630261142,4.619029169,4.602355595,4.611724321,4.600294147
705,"SVN","Slovenia",2.427326086,2.37191972,2.148633492,2.159009856,2.115941419,2.103445483,2.136439026,2.097107669,2.074478913,2.001358856,2.0295368,2.065668358,2.042457617,2.056595076,2.003291235,1.998189993,1.956715346,1.924011698,1.933501951,1.871570303,1.846466156,1.835921002,1.818014648,1.809743295,1.811237541
90,"SLB","Solomon Islands",0.182101708,0.187493401,0.193882393,0.199862085,0.204736377,0.210363769,0.216962964,0.223566958,0.229513553,0.237268348,0.244822642,0.249578897,0.256478952,0.263493106,0.271939961,0.279655016,0.287054158,0.294541801,0.302442143,0.309511286,0.315946328,0.322708904,0.32968278,0.337022956,0.343904131
706,"SOM","Somalia",14.54461777,12.93712639,11.8343146,12.88946821,13.88829013,14.24634734,14.5609126,14.84424386,14.93467992,15.06113838,15.20965894,15.41393348,15.59512632,15.84185755,16.01694069,16.25872962,15.56926343,14.98608393,15.02823354,15.04559134,15.15530785,15.25938226,15.44649468,15.52865799,15.64043111
710,"ZAF","South Africa",39.23591492,39.88200357,40.19019653,40.19781358,40.33359134,40.84561269,41.84668922,42.41671775,43.81142548,43.4637444,43.01215613,43.46024334,43.98679734,43.90583414,43.99681825,45.87948645,44.75771545,45.77340084,45.77352633,45.37984542,46.07533152,45.81710698,45.89064735,46.12342482,45.93417328
410,"KOR","South Korea",24.4538691,24.09020331,23.77232593,23.61235694,23.21093905,22.84900046,23.29797972,23.42741798,23.33532914,23.196437,23.09511686,23.52438963,23.944339,24.38004088,25.01292965,25.58445953,26.11980034,26.72336085,27.27308557,27.89309648,28.46737219,28.37244299,28.77616039,28.74732778,28.71216518
728,"SSD","South Sudan",NA,NA,NA,NA,NA,NA,NA,NA,NA,NA,NA,NA,NA,NA,NA,NA,NA,NA,NA,NA,NA,NA,NA,NA,NA
724,"ESP","Spain",28.76002076,29.15800786,29.47031496,29.44946696,29.96955346,30.62412016,31.49852181,33.12899816,33.84064212,34.49618157,35.41400242,35.99254742,36.51733001,36.99346431,37.47529721,37.4797273,37.65801737,38.26386233,37.33593929,38.09160025,38.13626982,37.60771065,37.25929509,37.10120353,37.76258447
144,"LKA","Sri Lanka",16.20071877,15.8738653,16.08957633,16.30096256,16.59390029,16.66157021,16.3397939,16.53767088,16.12653697,16.62963585,16.70686374,16.66577243,16.89284942,17.27352741,17.0141866,17.62563959,17.75593024,17.706184,18.39044406,18.31045682,18.79199067,19.04181481,19.21902145,19.58286879,18.96298772
275,"PSE","State of Palestine",NA,NA,NA,NA,NA,NA,NA,NA,NA,NA,NA,NA,NA,NA,NA,NA,NA,NA,NA,NA,NA,NA,NA,NA,NA
729,"SDN","Sudan",72.63183673,73.58340397,76.68361201,79.37590744,81.61984218,82.50995022,84.80024157,92.90943032,102.5937026,105.267533,106.394908,91.73895355,108.3592982,94.04422638,104.6634405,103.4636202,107.9391914,107.5185264,114.8018279,132.8896232,115.1912784,124.4399373,106.8817869,91.11775422,82.03511824
740,"SUR","Suriname",0.79532918,0.866177059,0.945840439,0.910004019,0.913832798,0.968880778,0.962423287,0.963730295,1.094651603,0.922598112,0.85320962,0.846548144,0.797125068,1.243426992,1.027338915,0.838859239,0.936027756,0.886082272,1.019978288,1.308437705,0.968727121,0.973668381,1.26003334,1.1732127,1.141001859
744,"SJM","Svalbard and Jan Mayen Islands",NA,NA,NA,NA,NA,NA,NA,NA,NA,NA,NA,NA,NA,NA,NA,NA,NA,NA,NA,NA,NA,NA,NA,NA,NA
748,"SWZ","Swaziland",1.10300056,1.144407005,1.169463251,1.079359996,1.108233142,1.134245787,1.17006094,1.174337792,1.219565644,1.199355197,1.205662849,1.138231875,1.143661001,1.183595727,1.214196653,1.207939178,1.175621016,1.371851353,1.357786591,1.220252428,1.315275466,1.299354484,1.336414902,1.361236521,1.346432739
752,"SWE","Sweden",7.344902217,7.217436503,7.289236188,7.309832974,7.29317916,7.147552845,7.075545828,6.995136211,6.836728894,6.694259577,6.52689546,6.373852151,6.259643942,6.114062634,6.045808025,5.907355617,5.759192083,5.544338349,5.419360015,5.238223381,5.106566847,5.090715007,5.068835067,5.069778427,5.167607187
756,"CHE","Switzerland",5.449914297,5.339234624,5.194237051,5.059000578,5.019435605,4.942199132,4.910603693,4.678425953,4.600652814,4.511528274,4.436961834,4.454934334,4.397314133,4.294489333,4.285523232,4.214687732,4.236728883,4.230297534,4.146039885,4.107014136,4.092379187,4.071456744,4.046037901,4.020498458,4.034103915
760,"SYR","Syria",20.66033892,22.31088285,23.84464378,24.91075941,26.64357175,28.38869838,28.56817029,28.726625,29.01719892,28.93497033,28.92526735,28.16552748,27.805847,27.56532223,27.40721286,27.19813899,27.32027481,27.41371384,26.84980597,26.60815919,26.19174702,27.00146193,27.42134224,27.80972765,28.17780777
158,"TWN","Taiwan",10.882,11.157,11.207,11.603,12.364,13.108,13.539,13.559,13.579,13.705,13.49,12.646,12.029,11.493,10.76,10.258,9.584,9.063,8.345,7.682,7.092,6.676,6.321,5.927,NA
762,"TJK","Tajikistan",4.016373895,3.828295009,3.515383637,3.213242506,3.061674374,2.839332643,2.688515071,2.584934099,2.455844027,2.422681155,2.349667383,2.376824746,2.448831409,2.544699072,2.669800535,2.845182198,2.987290583,3.097239569,3.484589154,3.69111204,3.750059725,3.863474516,4.051472707,4.105154798,4.215523188
834,"TZA","Tanzania",33.78632252,33.91827479,33.90483195,34.21954252,34.34073098,36.15194374,38.03440195,35.27862945,40.35373865,39.50222065,33.90382285,40.58076997,36.8015116,44.05375282,42.54859735,46.82224257,39.69013936,43.25123124,44.59617123,43.34685451,45.26288099,45.69162812,46.20232135,46.47314748,46.1213424
764,"THA","Thailand",48.70192168,51.01760333,52.36532957,52.82578632,53.52419316,53.10717651,54.39409502,57.54971843,58.47004364,60.10771005,60.94611916,61.63287961,61.38674867,63.80365142,65.88148407,66.90669782,66.86266718,71.30683215,70.66584132,72.05899348,75.56034905,73.18715374,75.05583232,73.65427071,71.2835934
626,"TLS","Timor-Leste",NA,NA,NA,NA,NA,NA,NA,NA,NA,NA,NA,NA,NA,NA,NA,0.676722,0.685737,0.689243,0.696937,0.70655,0.717718,0.72489518,0.73207236,NA,NA
768,"TGO","Togo",1.647233814,1.599194524,1.546178935,1.554228546,1.567379057,1.529849867,1.659207314,1.871296261,2.146401008,2.146557155,2.104976102,2.120740768,2.153260633,2.200798399,2.079732565,2.477601631,2.241560644,2.218961557,2.371534169,2.351393082,2.368311695,2.46853058,2.511776264,2.612844049,2.655967933
772,"TKL","Tokelau",NA,NA,NA,NA,NA,NA,NA,NA,NA,NA,NA,NA,NA,NA,NA,NA,NA,NA,NA,NA,NA,NA,NA,NA,NA
776,"TON","Tonga",0.102329728,0.102679238,0.104924349,0.104902459,0.10397807,0.10114768,0.102201594,0.102953407,0.103811421,0.105805734,0.108022048,0.109243755,0.110460562,0.11167617,0.112894177,0.114098884,0.11531529,0.116723595,0.1179473,0.119175905,0.12035091,0.121387155,0.122990299,0.124273044,0.125629488
780,"TTO","Trinidad and Tobago",0.6503967,0.651636954,0.643652408,0.645265263,0.644616517,0.640647571,0.650108162,0.643054053,0.641563044,0.639978236,0.640417927,0.637066376,0.642120526,0.638127276,0.639986625,0.634011375,0.633569761,0.638811546,0.634459932,0.636417018,0.654051504,0.639458545,0.642111585,0.647186226,0.648565367
788,"TUN","Tunisia",3.476520154,3.548213822,3.590118189,3.721289257,3.638079725,3.645769092,3.846655409,3.822927726,3.931733743,4.033913161,4.162340578,4.187430803,4.205416727,4.160136652,4.203520077,4.288844802,4.380514157,4.450789812,4.439668267,4.481784021,4.487723276,4.495658503,4.50678853,4.545230157,4.550895484
792,"TUR","Turkey",33.4038017,35.15030524,38.26939419,40.85764174,43.29081228,45.75112553,47.11020865,48.61589417,49.53576949,50.95760891,52.55337853,51.83980201,51.09446078,50.42932336,49.92152414,50.01886152,50.73829385,51.25294518,51.50688112,51.44170845,51.38681258,52.61732857,55.73738355,56.79204684,57.27226542
795,"TKM","Turkmenistan",24.01544244,23.36138285,21.5560206,21.35202124,20.89668358,20.40630923,21.44527555,22.01592068,23.15802421,24.47174844,25.89295176,27.40826126,29.25298546,31.24956166,32.83597046,34.31439826,35.0424231,35.42687944,36.38845018,36.74239792,37.40939246,38.20189449,39.28218263,40.29894096,41.2851385
796,"TCA","Turks and Caicos Islands",NA,NA,NA,NA,NA,NA,NA,NA,NA,NA,NA,NA,NA,NA,NA,NA,NA,NA,NA,NA,NA,NA,NA,NA,NA
798,"TUV","Tuvalu",0.008617065,0.009208732,0.009314799,0.009261766,0.009401533,0.0094766,0.00954763,0.00967996,0.00974889,0.00988332,0.009952249,0.009999822,0.010144594,0.010192166,0.010239739,0.010287311,0.010338127,0.010420743,0.010471559,0.010522375,0.010573191,0.010630144,0.010687097,0.010744049,0.006469502
800,"UGA","Uganda",7.165429936,7.474755658,7.676256679,7.9375346,7.877426021,8.105685843,8.108848139,8.561488536,9.210774132,9.017391529,8.764478526,8.189502333,8.85172204,9.885895648,10.08347065,10.51836006,9.215523549,10.20059524,13.54279732,13.87903481,14.0444995,14.10404554,15.03192069,15.18015513,15.19803638
804,"UKR","Ukraine",147.7348257,139.6817769,129.6871674,120.2954569,111.7950667,101.4837712,97.71669292,93.49352878,88.60046704,86.56036,84.43410856,82.57998206,83.30212756,83.10036615,80.75818315,79.44992055,78.657828,78.19611705,76.72378041,75.58439726,74.98548191,74.77984492,74.70732822,75.71333873,76.11579854
784,"ARE","United Arab Emirates",15.30332534,15.73859877,16.17490959,16.61280572,17.05318084,17.49403597,17.95076178,18.40763509,18.8690506,19.33180261,19.78566031,20.38655961,20.9874602,21.58829369,22.16240158,22.82065208,23.36590563,23.91341219,24.46503535,25.0328128,25.50070746,25.75214481,26.00796456,26.34450421,26.61567966
826,"GBR","United Kingdom",117.7990229,113.4831862,109.608576,105.5642209,101.7507219,97.38476427,92.98598894,88.1010877,83.74911267,79.09815333,73.6926194,68.36585511,64.39858982,61.16825343,57.66922265,54.21477456,53.49697307,52.63930959,51.74709421,50.88983133,50.57848274,50.09502874,49.78502744,49.55684863,49.37870293
840,"USA","United States of America",675.3082574,672.1093897,671.669977,668.7889424,668.7432341,666.8240019,659.3505976,648.0299192,644.564905,644.2728653,631.5950883,623.6893216,620.216994,617.3673978,621.6929674,612.6595347,619.6294068,652.3208266,640.6410142,655.3459392,662.6204598,664.0085051,663.2860808,661.6808446,666.8576038
850,"VIR","United States Virgin Islands",NA,NA,NA,NA,NA,NA,NA,NA,NA,NA,NA,NA,NA,NA,NA,NA,NA,NA,NA,NA,NA,NA,NA,NA,NA
858,"URY","Uruguay",15.23388428,15.93020801,16.73465764,17.30027647,17.45034049,17.37488022,17.63166312,17.42758572,17.06977312,17.20534462,16.88952732,16.862653,17.47000618,17.87723316,18.34611964,18.48144792,19.0746131,18.65959917,19.06807084,18.71894332,17.81578129,18.03774934,17.54363429,17.64545954,17.69837609
860,"UZB","Uzbekistan",61.09560425,64.25556336,65.46144477,69.07428711,72.69816065,76.12049789,77.28892929,78.52399829,79.9873519,81.5664128,82.9715025,84.02384518,85.49050786,87.59777904,89.14674052,90.8383577,93.24610586,95.00452173,97.15587769,99.65431405,102.095134,105.1496437,108.4148507,111.2220001,114.167847
548,"VUT","Vanuatu",0.271611828,0.280756217,0.294896606,0.311766695,0.316637085,0.319338974,0.321994288,0.324773302,0.327566016,0.327328631,0.315781445,0.30457289,0.309163336,0.317746281,0.325065926,0.332369372,0.336231556,0.38053444,0.384189224,0.367604408,0.376217193,0.385856786,0.39063138,0.394104574,0.398906767
862,"VEN","Venezuela",52.96512846,55.34019089,57.27883211,58.79783953,61.15565585,63.11274508,64.30095582,65.84709666,68.912868,68.90022864,70.71398078,70.79449002,67.64583686,69.7433558,66.50591235,66.59923899,65.90200558,66.03807346,64.59569985,63.16402503,60.75298672,57.96882981,61.5760762,63.84226838,63.12986597
704,"VNM","Viet Nam",39.94569055,41.62587139,43.31013563,44.68963316,45.8010434,47.39771764,49.9148268,51.75926275,55.21836051,57.43711996,59.13885302,58.96225262,61.22428322,62.54612003,64.68231093,66.60187604,67.35696294,68.43099794,68.27182864,68.84667434,69.90774935,69.49412535,69.99830585,70.98739876,71.07875696
876,"WLF","Wallis and Futuna Islands",NA,NA,NA,NA,NA,NA,NA,NA,NA,NA,NA,NA,NA,NA,NA,NA,NA,NA,NA,NA,NA,NA,NA,NA,NA
732,"ESH","Western Sahara",NA,NA,NA,NA,NA,NA,NA,NA,NA,NA,NA,NA,NA,NA,NA,NA,NA,NA,NA,NA,NA,NA,NA,NA,NA
887,"YEM","Yemen",2.973305873,2.892389787,2.9669056,3.041959114,3.048937427,3.12072874,3.229986132,3.361441824,3.510681616,3.598111108,3.7122964,3.870395375,3.928303349,4.279328024,4.341798098,4.405001473,4.503523786,4.662806799,4.799605812,4.911931725,4.984614738,5.10885929,5.182049741,5.277745292,5.377343443
894,"ZMB","Zambia",78.22707186,78.36807449,78.44988403,78.38615886,78.33293029,78.23395053,84.14009891,76.91891659,78.71214547,71.14567806,77.94704654,73.47806306,71.99358288,76.60460711,83.10092043,95.69056025,80.1949325,77.24057115,81.85090459,71.09697284,79.57690809,76.04748333,76.83771816,82.085578,80.07858224
716,"ZWE","Zimbabwe",9.908303419,9.159130647,9.670560575,8.392724502,8.54310893,8.706834758,9.728393852,9.830919645,10.30688384,10.47628333,10.13140523,10.2531448,9.114352678,8.947428854,9.12848533,8.784700505,8.744465186,8.898398766,9.296877146,9.129418727,9.172700007,9.28364336,8.958628412,8.839914765,8.993463318
