"code","iso","country","GDP.raw.1997","GDP.raw.1998","GDP.raw.1999","GDP.raw.2000","GDP.raw.2001","GDP.raw.2002","GDP.raw.2003","GDP.raw.2004","GDP.raw.2005","GDP.raw.2006","GDP.raw.2007","GDP.raw.2008","GDP.raw.2009","GDP.raw.2010","GDP.raw.2011","GDP.raw.2012","GDP.raw.2013","GDP.raw.2014","GDP.raw.2015","GDP.raw.2016"
4,"AFG","Afghanistan",NA,NA,NA,NA,NA,23378628008.9566,25352757518.2174,25620370017.4831,28483515603.8497,30065529260.2352,34196594611.8752,35431559620.9183,42879503310.6483,46495656381.9102,49338254430.557,56460103813.5996,57566226632.6841,58321801149.6039,58812123337.7274,NA
8,"ALB","Albania",12803236635.1813,13956661343.9337,15840974389.425,16897032037.7935,18238712381.9377,19010459970.624,20108027084.2809,21256106268.0238,22472129836.5441,23692594069.5631,25090457121.7218,26979768540.3481,27883590788.8437,28918072005.3812,29655482843.0915,30076590698.9138,30410440853.4357,30957828788.2172,31824647994.4531,NA
12,"DZA","Algeria",282761506464.142,297182353497.983,306692193424.73,318406849179.433,327985786401.807,346383569171.663,371329671295.825,387302878537.758,410183924183.221,417093424469.858,431161464955.46,441337456994.146,448541160440.946,464841798178.117,478284400071.981,494425392067.335,508109301381.061,527362178700.557,547209280037.938,NA
16,"ASM","American Samoa",NA,NA,NA,NA,NA,NA,NA,NA,NA,NA,NA,NA,NA,NA,NA,NA,NA,NA,NA,NA
20,"AND","Andorra",NA,NA,NA,NA,NA,NA,NA,NA,NA,NA,NA,NA,NA,NA,NA,NA,NA,NA,NA,NA
24,"AGO","Angola",50789266063.2324,54245354799.5022,56002795625.6121,57689642487.7707,60124702190.7584,55951770351.3937,58887836445.9306,65294584235.9224,77218322300.7962,93229637862.261,114293060567.375,130085099395.258,133223883333.083,137763693380.123,143162097316.44,150542734126.265,160800092436.219,168525688985.459,173593223666.649,NA
660,"AIA","Anguilla",NA,NA,NA,NA,NA,NA,NA,NA,NA,NA,NA,NA,NA,NA,NA,NA,NA,NA,NA,NA
28,"ATG","Antigua and Barbuda",1313630693.13452,1371531251.06693,1428060345.57257,1500059853.6245,1452144313.3616,1494608664.21308,1582994311.85634,1666678042.1096,1768065874.63781,2004569441.56413,2194982379.88446,2196543254.2552,1932166977.42596,1794152457.65239,1761975488.69485,1829590748.19478,1825929871.54892,1909973652.64697,1988798233.49736,NA
32,"ARG","Argentina",554687591823.056,576044056175.667,556542332118.722,552151219022.903,527807756970.741,470305820963.441,511866938226.858,558086338623.306,607486243374.952,656371581743.213,715495242296.696,744524552113.103,700459679766.917,771384011298.036,817697534675.125,809304519853.15,828770913979.822,807947088975.413,829335641342.87,NA
51,"ARM","Armenia",7648432625.56006,8206768207.22595,8477591558.06441,8977769459.99019,9835742701.57703,11132713293.7678,12695834751.5139,14024814656.6168,15969454960.225,18077104187.2779,20562561750.2571,21981378511.3708,18871015949.0773,19286178299.7958,20192628679.6198,21646497945.2151,22360832377.7968,23165822343.3975,23860797013.6994,NA
533,"ABW","Aruba",NA,NA,NA,NA,NA,NA,NA,NA,NA,NA,NA,NA,NA,NA,3671232222.36581,NA,NA,NA,NA,NA
36,"AUS","Australia",592605212784.863,618906474696.507,649895718226.32,675037958852.29,688062052105.557,714598449899.921,736542329963.106,767104228441.761,791702517121.056,815317976252.411,845954836306.757,877311840045.512,893276092878.632,911304031483.534,932989069866.557,966881953234.219,990474347265.362,1015234732343.37,1037976280455.57,NA
40,"AUT","Austria",280405479836.61,290387822157.043,300812709402.453,310945307913.316,315144674296.455,320363012962.194,322785458951.728,331519204194.791,338615978101.225,349962428477.397,362636354303.012,368247295481.329,354257304362.332,361089769540.968,371229170024.562,373997634205.319,374462227326.591,376876927646.277,380506472551.616,NA
31,"AZE","Azerbaijan",27343029882.1875,30077332946.4722,32303055759.463,35888694707.6342,39441675483.6899,43622492770.0479,48508212063.743,53456049887.4524,67568447489.7946,90879561542.8867,113643982480.432,125886190467.364,137732903988.907,144418926509.107,144514131462.76,147693442627.257,156254756508.811,159379851638.987,161133030007.016,NA
44,"BHS","Bahamas",6589054572.66598,6899825606.88833,7392758113.34085,7699501863.20183,7901662072.30342,8115372756.69145,8012734015.64502,8083477180.86788,8357934889.03373,8568292730.11129,8692234987.92507,8490232901.36651,8135743673.15397,8260934776.35865,8311566260.03648,8568115783.45599,8568998903.23715,8524058540.3123,8382248542.70196,NA
48,"BHR","Bahrain",25953426454.9482,27196596305.8658,28366049664.2761,29869448819.7681,30613506815.652,31719924348.4593,33630717110.6169,35978459642.4092,38413819883.7693,40898643818.1826,44290140880.7705,47056117021.3547,48251235326.6764,50342640290.6554,51341141014.8994,53255194421.3703,56139942993.7443,58582302008.6935,60259487465.9265,NA
50,"BGD","Bangladesh",186385341419.141,196034560632.586,205189681149.996,216050975705.134,227020505484.482,235722482829.044,246894708777.71,259830838298.284,276813238827.961,295281853462.91,316124725281.398,335135801636.774,352043821059.316,371659006686.465,395684471605.039,421488777535.966,446835410086.698,473918520089.175,504972662927.365,NA
52,"BRB","Barbados",3584266904.65739,3718334903.38122,3730451836.21048,3896571076.61173,3804326039.58892,3834422937.26161,3917677991.86271,3972790492.79583,4130310619.5763,4364441031.34181,4441442185.1278,4459031281.17029,4279231632.736,4290175959.16243,4322618069.64079,4335516740.07195,4332389789.6644,4340988903.28517,4379294045.77769,NA
112,"BLR","Belarus",61585847345.4544,66759058522.4725,69028866512.2365,73032540769.9463,76483551805.4746,80342351448.0742,86001018060.3157,95847913542.8299,104857617415.856,115343379157.442,125262909765.141,138039726561.309,138315806014.492,149022529944.618,157283909016.623,160007108813.136,161724946415.46,164511606330.176,158115891074.683,NA
56,"BEL","Belgium",348932173215.655,355825368783.421,368503759737.252,381894601787.308,384994226724.687,391848098755.09,394882955332.968,409236068909.114,417807456931.269,428249029019.709,442798760773.129,446107725869.705,435913661112.36,447662164658.545,455704997289.374,456329548547.955,456023055788.2,463561620993.921,470516115211.729,NA
84,"BLZ","Belize",1350135251.83253,1400643225.67656,1523624903.64829,1722286730.5402,1808670828.82158,1901248720.32149,2078569401.98954,2175232607.59889,2231326245.11524,2333578115.717,2359348070.95975,2435519504.93029,2454976338.60754,2536529449.97818,2589828754.99832,2686698948.19999,2721990332.68905,2833142669.76019,2862715042.83907,NA
204,"BEN","Benin",9869516848.91402,10260449609.263,10808506330.4841,11441883947.698,12051783371.8559,12611524838.1216,13045871409.6567,13623755116.011,13856936260.6803,14403871439.8246,15266161439.334,16013194854.7505,16384577181.2719,16731414124.1439,17227124154.8024,18055797650.6181,19354568602.8494,20585039357.0999,21016184356.8545,NA
60,"BMU","Bermuda",2692970077.33757,2797995910.35374,2892642283.03342,3162154264.8163,3390538833.08688,3340433776.56587,3454366158.62813,3534551202.2428,3593726911.16702,3792958312.94401,3900901738.61185,3960503378.69618,3751223364.15495,3672668487.99025,3550019929.12843,3378392789.57695,3293556129.34525,NA,NA,NA
64,"BTN","Bhutan",1659196959.50421,1757322379.29636,1897626506.3928,2029189412.06141,2195659522.64461,2431206376.61147,2617542154.5688,2771883124.6013,2969312153.57852,3172691208.63935,3741422280.73992,3919826548.16105,4180778173.88848,4671219172.59607,5039821055.27253,5295426154.38932,5408880477.24548,5719645280.13305,6090928651.54039,NA
68,"BOL","Bolivia",34032255779.771,35743858654.2112,35896443976.2768,36796658878.3586,37416240699.3979,38346245958.6093,39385943001.2816,41029634823.3041,42843732689.2195,44898950326.6641,46948266347.7921,49835212749.9105,51507469046.6907,53633999691.8087,56423836722.3622,59314074967.5846,63346582769.8595,66804663950.5043,70043837564.7398,NA
70,"BIH","Bosnia and Herzegovina",17830246349.6296,20611764131.7866,22590493446.2018,23832970684.1993,24881621276.7271,26200347270.8874,27248361178.8457,28910511148.3996,31442560317.2824,33133691073.4461,35031839744.3309,36952112796.7628,35891631029.6309,36167011089.6132,36495497234.9909,36154925783.4049,37020544116.613,37421060376.4463,38556724717.0641,NA
72,"BWA","Botswana",15972033644.7243,16087350634.3742,17642553549.1303,17993233854.6345,18038320196.4525,19133161608.7818,20018241535.1712,20559899465.9221,21496741232.0871,23294700952.7663,25222748318.6472,26798019287.2298,24747351726.8781,26866623791.8741,28491602186.8884,29761235623.3402,32695694859.8627,33743572317.2544,33657545969.2883,NA
76,"BRA","Brazil",1899052599714.69,1905478161533.41,1914416122921.14,1993147728618.01,2020849834473.26,2082552517871.61,2106314588150.41,2227635696680.94,2298967603741.76,2390050462304.47,2535123486323.38,2664271353689.57,2660917753768.96,2861237591078.04,2974955344832.28,3032108708886.12,3123219493122.47,3138959326013.66,3020644017826.66,NA
92,"VGB","British Virgin Islands",NA,NA,NA,NA,NA,NA,NA,NA,NA,NA,NA,NA,NA,NA,NA,NA,NA,NA,NA,NA
96,"BRN","Brunei Darussalam",25942285018.5715,25797395100.3918,26584772020.3639,27342284298.9552,28092567740.198,29180339282.9184,30027723243.4145,30179158572.138,30296104896.6712,31628442809.177,31677334517.9262,31062884664.7256,30514768967.7201,31307837411.1498,32480415591.3426,32776910359.7628,32080063898.3911,31326263639.6957,31148701800.9807,NA
100,"BGR","Bulgaria",71342063674.4196,73839035783.6031,69696665893.4968,73189130579.7899,76298223332.2755,80889943697.9166,84997148584.1066,90569193222.4061,97122954826.2434,103681798028.239,111639739620.16,117944041706.587,112967125135.167,113028757652.767,115193278718.973,115228923675.119,116222303857.753,117766723619.864,122026867286.999,NA
854,"BFA","Burkina Faso",10637442647.8716,11414797132.7147,12251759843.4769,12483130235.2803,13308689515.0954,13888017345.0156,14971621550.9076,15642121781.7444,16997020722.5437,18059871386.6493,18802381624.0919,19892920710.6491,20482124801.1665,22212111666.3792,23684080409.0061,25212337086.3571,26651647387.1302,27725798562.9134,28840666622.1898,NA
108,"BDI","Burundi",4695119716.14871,4918137902.2932,4868464709.66697,4826748585.33385,4925977225.89982,5145011759.82077,5082050812.40968,5327699755.95462,5375649053.9108,5665109338.39415,5936231951.16376,6235899991.3093,6452187532.08544,6696461063.94965,6977151645.62124,7257588873.80706,7591006441.60571,7944817041.22709,7634578343.05208,NA
116,"KHM","Cambodia",13082038149.0505,13737321724.289,15373403487.2204,16721262254.0662,18065308983.7304,19273495323.3548,20912879328.6811,23075381623.2818,26132889430.9912,28947685729.7313,31903988921.579,34038869057.7897,34068379722.2329,36099903974.4308,38652011936.303,41458659269.4694,44559768497.1978,47710823823.1125,51067798981.2672,NA
120,"CMR","Cameroon",33671005670.8961,35319322454.5225,36754091816.2206,38288053620.6337,40016480154.9579,41620758680.2332,43298488680.5562,44901335539.0081,45932653146.749,47413523255.0789,48957148496.5673,50369095293.9879,51342150958.969,53020345598.1617,55215701705.029,57749405977.9266,60961247834.4815,64574399632.3341,68302439596.7994,NA
124,"CAN","Canada",1002346603446.63,1041255284378.71,1095017490719.34,1151768855838.72,1172164598599.54,1207446944169.26,1229208438201.3,1267141333783.16,1307707370087.6,1342013930307.11,1369696291657.46,1383398198807.27,1342593656484.99,1383992722798.01,1427466965184.4,1452383005413.25,1488329511798.84,1526509617960.04,1540884390487.23,NA
132,"CPV","Cape Verde",1166700264.28027,1312739469.24617,1460063606.02264,1668631777.00853,1705869873.02925,1795443244.86261,1870425610.38387,2061154267.97472,2203630690.81878,2379563065.94825,2740559154.5434,2922820602.93138,2885688330.37981,2928015320.39182,3044224922.25246,3077160948.5383,3101406077.22612,3159241348.0031,3205197584.65239,NA
136,"CYM","Cayman Islands",NA,NA,NA,NA,NA,NA,NA,NA,NA,NA,NA,NA,NA,NA,2823463451.74062,NA,NA,NA,NA,NA
140,"CAF","Central African Republic",2908920229.41657,3045643621.88467,3155286027.94762,3076737313.98399,3214105605.58152,3330345090.88693,3150590206.87931,3339464442.28002,3369793809.48522,3530569550.96547,3693241773.58928,3769105796.36228,3833528830.87626,3950322451.72992,4080711501.63792,4248542917.29711,2689329687.33301,2717299201.42758,2847726467.58028,NA
148,"TCD","Chad",7869631797.74639,8416695541.06809,8359222117.27662,8285687626.43615,9251644246.96025,10037220771.6753,11514866990.951,15387244429.6548,18054243761.3245,18171282565.5611,18765755998.1717,19338616642.4378,20154260616.3641,22885183257.3778,22904148162.6154,24938626546.7354,26360128599.7775,28178973531.0897,28686194919.728,NA
152,"CHL","Chile",210978698198.959,217795164038.794,216138059053.707,225855178776.475,233417217583.514,238475155424.315,247911017515.03,262887537119.115,277502644954.736,289726560679.895,304678843193.086,314710256686.816,311448499574.963,329368339640.845,348602266871.581,367625947882.791,382244947353.928,389417373951.819,398395652396.777,NA
156,"CHN","China",3709536979812.62,4000276166465.71,4306996788325.95,4672725786335.64,5062426937156.05,5524659216993.5,6079092084564.5,6693762669454.75,7456568865303.54,8405005577789.18,9601154535985.61,10528077778000.1,11517697419673.4,12742735895359.6,13957939641687.6,15054511965131.8,16222386076423.3,17406241622921.9,18610463976973.9,NA
170,"COL","Colombia",333682606687.265,335583877090.772,321475879742.457,335685091122.417,341317545585.573,349864070252.355,363572695817.874,382962107917.078,400986433731.574,427842561312.075,457366383419.6,473588276652.646,481409820261.487,500530458895.309,533512971123.156,555087935875.08,582143285892.64,607674407442.042,626410747173.606,NA
174,"COM","Comoros",701901087.237698,710904109.096025,724582783.3049,803186066.721811,821923887.585284,841031803.649804,858727970.255286,875212132.805405,900045469.815047,923868772.16678,931261134.00651,934988663.661623,953220942.395523,974191802.954097,999520790.689932,1029506414.13009,1065539138.56177,1087506713.99995,1098546194.92936,NA
184,"COK","Cook Islands",NA,NA,NA,NA,NA,NA,NA,NA,NA,NA,NA,NA,NA,NA,NA,NA,NA,NA,NA,NA
188,"CRI","Costa Rica",33621881299.569,35962535840.119,37380665894.702,38776659201.9744,40130146638.0437,41451132022.8744,43215075103.2104,45089129294.1267,46834472255.8079,50224226218.7171,54326488841.1258,56852452553.0517,56300671879.0411,59088604511.7345,61633610800.8975,64590125680.7348,65912751008.8682,67873822791.279,70418510709.2448,NA
384,"CIV","Cote d'Ivoire",47102330747.2584,49424795773.5775,50224255408.9174,49185416881.5209,49245114163.9515,48423881889.2812,47765541810.0138,48353904780.8949,49186195093.9312,49931780276.2247,50813094564.8564,52105191008.8138,53799367179.4931,54884843973.9869,52476906028.6953,58095348125.8286,63259688377.4398,68628124138.5448,74916780422.6237,NA
191,"HRV","Croatia",66553464825.6193,67792611081.3869,67158411210.0948,69688601781.2823,72081990163.1038,75863753417.3018,80080190305.828,83349712874.4883,86820262307.0082,90974716805.0156,95659919250.6538,97624167029.8086,90415810380.8887,88877611620.9277,88627632084.4396,86688965405.5743,85766663214.5733,85457530768.658,86862976650.3539,NA
192,"CUB","Cuba",111409748620.425,111587052834.846,118492902488.921,125501473310.448,129498732765.967,131343858243.677,136325389585.782,144192098091.199,160344001700.45,179690889238.641,192740287731.436,200675073944.315,203587482190.612,208453940246.556,214295446757.753,220756240801.34,226821744930.636,229197876526.544,239370442865.328,NA
531,"CUW","Curacao",NA,NA,NA,NA,NA,NA,NA,NA,NA,NA,NA,NA,NA,NA,NA,NA,NA,NA,NA,NA
196,"CYP","Cyprus",17902745060.889,18840052901.2484,19749753967.4737,20880309226.7714,21632139219.356,22367438209.4651,22921226792.3935,23968796419.2643,24861470552.9399,25982768450.8513,27235322508.418,28287686126.0066,27786300820.9255,28152462525.7573,28242887109.2981,27351039525.7463,25722901091.9368,25328967302.9463,25754309996.6402,NA
203,"CZE","Czech Republic",205541395449.856,204891817492.446,207838264733.668,216763122604.718,223377695424.752,227056613576.065,235234835285.616,246872975862.812,262777180514.75,280847169663.662,296375957679.086,304410578215.636,289671671600.137,296319896260.816,302260233093.211,299842621904.544,298392369974.709,306494069347.29,320395502316.071,NA
180,"COD","Dem. Rep. Congo",28417996160.316,27956444126.23,26762664590.6628,24913116292.8378,24389897744.7965,25108854658.8327,26509381956.1412,28295683239.7376,30031666176.9741,31629645445.5134,33609493564.9503,35701987120.9681,36721300312.6956,39320760556.9558,42019985292.7179,45027716855.6637,48856650251.9112,53238837472.4915,56920935460.1911,NA
208,"DNK","Denmark",207069575833.124,211662714245.895,217902546087.925,226067137050.018,227928007106.851,228990937808.589,229884171610.316,236017926041.457,241532873111.239,250984006496.37,253266086094.534,251969299855.45,239606361759.484,244089379149.77,247352304134.257,247912479127.463,250226368470.189,254419998057.199,258506202362.789,NA
262,"DJI","Djibouti",1489062137.72724,1490541946.32815,1523020947.42837,1529359973.13739,1560677662.41147,1601544979.1486,1652793767.69241,1716037526.19809,1770429071.68959,1855407271.43429,1950034181.26287,2063135434.82544,2166965346.95801,2242525640.6271,2342710799.37195,2456153748.56462,2578959158.02198,2733701719.03921,2911406226.39905,NA
212,"DMA","Dominica",536882353.259234,563608824.723744,567459934.526296,569589673.821256,572284419.84921,562251356.857741,605472816.531616,625151556.380337,624599907.789902,642898733.213434,683536398.737506,732209261.493306,723644191.273398,728511007.879125,726828064.904923,719052528.005956,724593839.316794,754932315.931655,741629313.833086,NA
214,"DOM","Dominican Republic",56516026765.2304,60478138053.8558,64539459171.9129,68190201366.9715,69423918598.275,73442318933.8205,73256246348.6454,74217337694.2099,81091904196.7683,89745346856.8577,97562538220.1724,100693812042.054,101646531748.335,110100542636.657,113515770428.131,116687299312.195,122220685949.163,131520414964.851,140780683458.026,NA
218,"ECU","Ecuador",93814610781.1521,96879092627.3289,92287618677.0392,93295216341.4635,97041606943.7538,101017184846.402,103767758879.014,112288151266.025,118229663496.819,123435937981.532,126139263988.069,134158101737.554,134918096104.018,139674361950.133,150664137576.237,159164551066.427,167037643517.848,173706969723.433,173980981566.9,NA
818,"EGY","Egypt",443959823974.579,461879672095.042,490079552567.95,516387052191.633,534642499847.67,547316142070.947,564794435315.826,587905367149.307,614192689969.376,656221653669.981,702734749195.364,752994697089.094,788275850890.055,828786340781.442,843842460027.439,862355337097.102,880522789267.021,900147802069.485,937954009756.403,NA
222,"SLV","El Salvador",34058045964.2737,35334788843.2664,36553520492.4174,37340390763.8587,37978514292.1164,38867523993.8771,39761491920.4106,40497292476.6922,41940135885.5732,43580812462.8884,45254213323.704,45830854864.7791,44394952970.58,45000848037.8146,45998442862.0993,46863653084.9507,47729359130.2793,48409627569.1056,49598114047.1427,NA
226,"GNQ","Equatorial Guinea",3605936325.79047,4463229020.45053,5608672805.47491,6630224128.65438,10832451921.842,12940754061.1474,14746668683.529,20350215036.9422,23758611626.0227,25589193076.1019,29499762713.0689,34750457672.4565,35217280130.7294,32074428108.711,34166939303.2501,37007193180.7025,35477614647.9406,35237330814.189,32317928930.7389,NA
232,"ERI","Eritrea",6049391563,6526818083,6655540946,6667688741,5844391904,6356172914,6546359151,6372328986,6465688297,6402631325,6493506315,5858510177,6086062390,6218797752,6.759e+09,7233750590,7330402936,7444494824,7456353526,NA
233,"EST","Estonia",19220214254.9944,20011563798.2483,19840175370.8315,21936895715.7011,23325224277.1421,24742542789.8712,26577489429.8159,28250470919.6256,30898597009.3656,34072472016.9665,36712471044.4219,34722842748.1363,29610118152.3968,30279026815.5118,32579417513.6826,33982703984.6952,34463620323.5236,35436501690.9189,35948280291.587,NA
231,"ETH","Ethiopia",38198225460.6532,36877277672.0082,38780936521.4459,41136187141.9482,44551028045.6176,45225853914.0142,44248360523.8487,50254014899.7144,56193419293.8149,62281822906.6602,69416932546.6472,76905993365.0393,83675684346.8224,94177433193.7438,104704865663.231,113759545218.877,125797887490.473,138728887617.939,152057290468.435,NA
234,"FRO","Faeroe Islands",NA,NA,NA,NA,NA,NA,NA,NA,NA,NA,NA,NA,NA,NA,NA,NA,NA,NA,NA,NA
238,"FLK","Falkland Islands",NA,NA,NA,NA,NA,NA,NA,NA,NA,NA,NA,NA,NA,NA,NA,NA,NA,NA,NA,NA
242,"FJI","Fiji",4997176175.26063,5062139582.34125,5507607798.36298,5413978507.32582,5522258015.04976,5698970304.18316,5755959948.40373,6061025882.92983,6103453062.18964,6216518460.21988,6163637421.43783,6227295116.44708,6140982470.69355,6322428431.25385,6493459066.2236,6615761890.80662,7018032870.56697,7400267892.60848,7811978896.46123,NA
246,"FIN","Finland",155248821218.703,163676522988.61,170950527443.851,180583328884.027,185243809125.451,188356507325.911,192112306108.705,199654745087.655,205205057218.311,213526527453.303,224597452575.821,226216055640.06,207510167298.505,213719571855.46,219213912532.236,216087507036.948,214449485305.036,213094747666.23,213667027225.287,NA
250,"FRA","France",1910947305793.69,1978904437812.86,2046327674070.07,2125626191792.01,2167170480666.48,2191409348259.14,2209368641878.62,2270931022411.92,2307441094169.19,2362241594894.93,2418025903541.57,2422748181561.9,2351486894647.41,2397709070209.19,2447562936718.01,2452034463695.08,2466164105017.59,2481864239716.28,2513487665544.48,NA
254,"GUF","French Guiana",NA,NA,NA,NA,NA,NA,NA,NA,NA,NA,NA,NA,NA,NA,NA,NA,NA,NA,NA,NA
258,"PYF","French Polynesia",NA,NA,NA,NA,NA,NA,NA,NA,NA,NA,NA,NA,NA,NA,NA,NA,NA,NA,NA,NA
266,"GAB","Gabon",23677701100.2219,24501172141.7596,22312574852.1937,21892436565.2856,22359891187.7121,22304207642.2044,22805456794.376,22962710238.6528,23858417931.9814,22991250942.6152,24292314885.7641,23488620494.7835,23519233476.9038,25186720627.6625,26972900729.6627,28389268493.8593,29989972997.37,31284003482.1141,32539376597.2529,NA
270,"GMB","Gambia",1654514583.60982,1712422569.42889,1822017602.16446,1922228573.45655,2033717835.24994,1967621999.35537,2102797626.8322,2251044858.14457,2229847310.95309,2254913017.92387,2336789485.34106,2470795995.35312,2630154822.31586,2801762761.47413,2680483729.05378,2837619858.71151,2973283849.90826,2999373245.35763,3140820062.37969,NA
268,"GEO","Georgia",13367877781.5643,13782937476.5739,14178405300.6579,14439052849.9858,15132914623.5531,15961265867.5446,17726278946.6513,18764565560.9526,20565896453.2651,22495651340.3542,25272514514.7928,25857332487.2569,24881017906.0395,26436835078.206,28345977228.4492,30146083394.3267,31167144420.4853,32608104952.8576,33512956418.2916,NA
276,"DEU","Germany",2822448889452.94,2878322607197.76,2935518761678.6,3022470159181.13,3073715277871.83,3073715277871.83,3051894783408.17,3087601049405.82,3109421556683.66,3224475116048.83,3329610265344.83,3365647150137.13,3176536134047.86,3306136689722.13,3427141297691.63,3444002587120.7,3460863889363.96,3516076369519.48,3576578673504.23,NA
288,"GHA","Ghana",37744294161.2169,39518423483.5185,41257232875.8817,42783750539.5858,44495100561.1693,46497379952.6225,48915243702.691,51654497345.0631,54702114730.2629,58203002164.1021,60732981409.8618,66289927192.524,69502175404.3601,74992666759.0686,85526138706.1051,93473665296.567,100308950459.436,104307130433.746,108393071923.689,NA
292,"GIB","Gibraltar",NA,NA,NA,NA,NA,NA,NA,NA,NA,NA,NA,NA,NA,NA,NA,NA,NA,NA,NA,NA
300,"GRC","Greece",241188743298.647,250582815172.056,258282214391.333,268406285140.34,279495791631.05,290460053341.344,307290851942.921,322842819111.997,324777106214.375,343134916881.389,354368285438.423,353180540193.816,337991185797.721,319472523306.922,290296713794.743,269103619809.722,260380827733.851,261299579486.283,260726948831.026,NA
304,"GRL","Greenland",NA,NA,NA,NA,NA,NA,NA,NA,NA,NA,NA,NA,NA,NA,NA,NA,NA,NA,NA,NA
308,"GRD","Grenada",820939716.434956,874644820.700364,962743408.257298,980774641.896593,960924743.519871,993954835.830066,1088022457.40683,1080978052.56727,1224456959.88169,1175261845.05286,1247547303.17912,1259387162.6998,1176092442.35576,1170079476.22561,1179028540.57174,1165407280.7136,1192821166.81768,1280574279.73681,1360337543.87614,NA
312,"GLP","Guadeloupe",NA,NA,NA,NA,NA,NA,NA,NA,NA,NA,NA,NA,NA,NA,NA,NA,NA,NA,NA,NA
316,"GUM","Guam",NA,NA,NA,NA,NA,NA,NA,NA,NA,NA,NA,NA,NA,NA,NA,NA,NA,NA,NA,NA
320,"GTM","Guatemala",62609418216.8605,65735836935.5359,68264735444.3464,70728320145.7448,72378110681.4466,75176701892.9217,77079266307.4623,79508867887.6347,82100945244.3106,86517792819.7715,91971923394.366,94989595608.8326,95489281744.1183,98229334974.0369,102317687975.176,105356377430.523,109252019647.802,113812383733.033,118534214239.731,NA
324,"GIN","Guinea",9031791486.38744,9360920918.50187,9717759601.58452,9961001009.63035,10325408938.5449,10858675985.9656,10994257551.1354,11251536075.4872,11588775279.0238,11878115542.2056,12086895082.6893,12683616959.4914,12648078443.1445,12892972741.6548,13396928289.8999,13925318144.7225,14245600355.981,14302582558.1215,14316884358.01,NA
624,"GNB","Guinea-Bissau",2208369401.83789,1587818047.57211,1604101715.63035,1691156113.08932,1728173944.49607,1711148363.20213,1720876415.77491,1768396731.37382,1843826371.10222,1886414153.00227,1946874625.24453,2009318238.14905,2075860381.47003,2167859223.98189,2370210330.5228,2327594221.13922,2346686834.48665,2406317909.34847,2521743681.50299,NA
328,"GUY","Guyana",3405653919.85638,3347466036.47354,3446881793.53066,3399427623.45952,3475914721.08293,3512446611.50847,3477137557.55997,3591671853.58611,3521386026.4124,3702019373.44529,3961912737.93338,4040225768.57751,4174305678.02968,4356759127.9518,4593641613.95101,4814892475.17559,5066308147.58883,5260900751.63311,5419033647.04716,NA
332,"HTI","Haiti",14046667398.3392,14353143350.7247,14742148990.6816,14870414490.9602,14715111690.1481,14678108403.0387,14731507410.8008,14212532884.6133,14469070644.6987,14794512150.9456,15289133971.0025,15418165750.1478,15893545989.104,15019751835.594,15849403538.3438,16306674053.9112,16997107258.1096,17472487497.0658,17679617458.3254,NA
336,"VAT","Holy See",NA,NA,NA,NA,NA,NA,NA,NA,NA,NA,NA,NA,NA,NA,NA,NA,NA,NA,NA,NA
340,"HND","Honduras",20341012293.4667,20931224139.5832,20535721355.8931,21716145048.1263,22307517649.2782,23145017230.2788,24197429970.8015,25705487115.2829,27260823118.7326,29051107767.1585,30848885361.3642,32154286828.2783,31372414225.1852,32542963029.3315,33791210423.4101,35186343988.2885,36168591807.1898,37284470612.9167,38642750286.868,NA
344,"HKG","Hong Kong",218274483377.467,205434192090.526,210584018964.061,226721887917.892,227993304191.915,231770406721.783,238854035798.026,259634515890.044,278816692336.656,298424700369.335,317717133765.076,324477927792.722,316498566534.049,337918300545.517,354187869989.884,360209959343.047,371333416543.1,381292337482.602,390583638243.155,NA
348,"HUN","Hungary",162668457844.177,169531334484.118,174964727618.854,182317329805.702,189198170492.194,197717884973.615,205286025679.894,215561390272.848,225009217125.445,233685000521.175,234732723001.289,236819976997.372,221275979817.109,222774235380.877,226649222435.243,223017140533.109,227738740862.854,236956059157.09,244415634537.307,NA
352,"ISL","Iceland",8264269342.28442,8806996539.96345,9159613178.3321,9588330169.92215,9955922154.7111,9987253632.08672,10230956621.8626,11059641083.4736,11801122780.2953,12391256939.581,13549848051.407,13755719769.6419,12800530678.6293,12344849083.0862,12590157375.6909,12743446994.2582,13305404152.6332,13561736276.2409,14127263269.8481,NA
356,"IND","India",2213184632726.04,2350057173294.91,2557937486394.1,2656187639043.29,2784321234664.67,2890236127295.24,3117419712436.41,3364410900217.85,3676790783518.74,4017407170463.39,4363233799306.5,4533005352970.26,4917394410937.57,5421917261239.82,5781843853973.66,6098921127084.43,6497808984441.81,6964314858352.5,7516845790976.7,NA
360,"IDN","Indonesia",1336869612456.39,1161382408238.17,1170570407381.5,1228163264451.19,1272910980908.5,1330185297241.99,1393773064452.42,1463892030404.63,1547225128046.57,1632337236348.95,1735909396809.55,1840301842699.8,1925487044368.68,2045326550276.98,2171518784772.08,2302462467434.46,2430416378087.98,2552517800424.51,2674883495042.92,NA
364,"IRN","Iran",711293330168.086,726088315227.816,740629658561.797,783923368746.811,802676169657.596,867523007073.474,942470908318.929,983342723557.3,1024728573930.83,1083181673259.42,1181926327464,1192843731216.87,1220454611735.15,1300728480350.89,1349501772422.72,1260317420786.05,1236225507334.8,1289919026344.15,NA,NA
368,"IRQ","Iraq",178454472964.994,240658518378.157,282971739254.619,286951665491.182,293566810971.545,273310171938.368,182842214621.587,281865489119.67,294269310291.932,324161774139.969,328627420735.618,355667236886.308,367686296601.583,391227650166.62,420751532114.547,479389275592.69,510895507236.369,511202600762.953,526640533672.939,NA
372,"IRL","Ireland",117767669242.491,127457479108.334,141303150541.827,155308257914.598,164707371246.794,173893050993.188,180280338428.971,192404011015.33,203498262668.447,215435731236.53,223615036318.379,213835273940.643,204073439470.297,208223375071.713,208138908591.928,205843385405.786,208105274375.952,225715905910.357,285025146613.578,NA
833,"IMN","Isle of Man",NA,NA,NA,NA,NA,NA,NA,NA,NA,NA,NA,NA,NA,NA,NA,NA,NA,NA,NA,NA
376,"ISR","Israel",139266108924.152,145187438144.69,150613219848.032,164081088701.531,164477475203.071,164365178572.355,166299977402.485,174804644251.643,182478419057.938,193065467235.85,204910186165.563,211179222843.592,213858373193.833,225656988690.293,237080149048.244,242726924660.503,253349451706.14,261363014023.971,267917569941.322,NA
380,"ITA","Italy",1943778790156.22,1975191677994.28,2006001723062.22,2080426553203.84,2117295580692.52,2122558040655.3,2125769978153.56,2159398299282.71,2179905345629.11,2223647056633.91,2256420756935.67,2232719194069.09,2110320323140.07,2145911366651.92,2158285220782.75,2097442747589.48,2061195636901.32,2063089772591.85,2078186030965.27,NA
388,"JAM","Jamaica",21167566847.7264,20673398665.8358,20889988461.8513,21073549531.6345,21356973929.4627,21783534835.6835,22582188405.6958,22881114501.7012,23085625430.8386,23754906649.8152,24095065994.4899,23899232640.4237,22863720930.3497,22527855029.2734,22917372413.292,22774836855.9215,22889540026.3498,23048535597.5033,23278214004.7034,NA
392,"JPN","Japan",4238618826685.46,4190775146113.3,4180215385593.35,4296406250729.25,4313860377277.76,4318955080207.51,4384959166693.24,4481635691164.37,4556154212683.36,4620850891385.3,4697292837736.4,4645928926811.14,4394253393700.04,4578473198942.69,4573186804907.29,4641557252954.72,4734411121784.69,4750302872768.09,4808229877714.07,NA
400,"JOR","Jordan",33247453625.3741,34243585114.3707,35410783456.7357,36912136042.6717,38857911544.4942,41108711581.9824,42820376271.0044,46486972642.0236,50282066919.2022,54351561109.7715,58795192030.3421,63047500484.7869,66500347948.6717,68054348229.9299,69797089967.4539,71647552754.3083,73674613032.6082,75955822381.0949,77765611777.6122,NA
398,"KAZ","Kazakhstan",133893129827.975,131349160362.013,134895587688.953,148115355285.36,168110928246.566,184585799217.267,201752278544.799,221120497284.358,242569185519.231,268524088369.789,292422732234.684,302072682399.046,305697554586.109,328013476070.894,352286473300.142,369196224018.548,391347997459.661,407784613352.967,412678028713.201,NA
404,"KEN","Kenya",63077943746.5419,65153342907.9358,66655380645.1952,67055109891.187,69589730346.0583,69970288418.3532,72022150015.8219,75698376457.5261,80169626784.1254,85358601306.9567,91206288418.4869,91418144889.4453,94441287921.2466,102376506594.919,108633362952.274,113581550492.604,120048350544.561,126449159812.211,133592522053.103,NA
296,"KIR","Kiribati",151974194.009271,161939714.927912,159448334.698252,169413855.616892,166922475.387232,173244601.858018,176720450.985428,173841038.284999,182449006.116498,179564486.086597,183518804.787114,180128410.00158,180650105.021671,177745903.087956,178593470.642087,187858540.009159,198720833.241466,203507397.5077,210624149.702736,NA
689,"XKX","Kosovo",NA,NA,NA,7880084840.46801,10005652450.7363,9935518001.08941,10529676443.222,10804724939.1214,11456598818.3739,11972493101.2867,12844818884.1281,13184541049.9003,13625124313.8555,14076057999.9643,14726312524.7371,15139894776.0025,15660777512.8179,15851609389.0175,16472322324.4142,NA
414,"KWT","Kuwait",134526924013.179,139453374098.592,136958540039.193,143388170990.257,144433508630.689,148766513903.242,174532874678.65,193316441769.241,212794911701.409,228797619409.869,242506397704.744,248520177652.617,230934634860.825,225468269003.663,247177337169.866,263556266778.465,266584630667.396,267917846910.193,272866287565.974,NA
417,"KGZ","Kyrgyzstan",9105548496.40211,9298753247.03043,9638696098.94949,10161756699.5565,10702523147.6749,10700665921.0999,11452954424.2289,12257737465.2498,12236219224.1571,12615896710.324,13693656983.311,14844145453.5681,15272591237.1255,15200570760.0957,16105958461.3669,16091761027.9377,17848252275.5774,18566472841.7351,19210595961.2264,NA
418,"LAO","Laos",10594366617.9294,11014709565.0845,11819485669.2883,12504871915.3201,13224078729.5351,14006778053.8165,14856569601.0301,15801105055.0593,16924179399.9333,18382919476.0252,19779438397.1638,21327160218.7222,22927075773.5951,24882045862.6638,26882227109.4378,29039870809.0448,31501281295.4774,33869082708.3475,36358591024.6892,NA
428,"LVA","Latvia",22927402338.5059,24422674621.2645,25062291866.4447,26417374769.713,28124284185.6852,30121959367.5493,32661451305.851,35383961153.4752,39168995435.4132,43825949266.8815,48186364401.7625,46447359198.4599,39790410341.9978,38282493100.1374,40660287490.5389,42286352400.9017,43511980801.3517,44425501732.7843,45642036433.5326,NA
422,"LBN","Lebanon",38807461960.0628,40201675641.671,40019532194.8415,40557421332.3742,42127504190.8706,43566202592.1444,44970112129.3459,47629540650.1541,48930914422.4785,49692513846.0546,54338516802.1746,59297539586.1074,65407588036.0923,70614315486.9164,72014278181.3865,73598592301.377,74260979632.0894,75597677265.4621,76580447069.9566,NA
426,"LSO","Lesotho",3110986534.6511,3160261914.08037,3178931392.15731,3305002568.67841,3434420830.24992,3486178765.70842,3664470626.47785,3729071650.47202,3839864936.43476,4007274433.11017,4174032358.09321,4455050084.94172,4551696078.53131,4836087291.53348,5174665953.49384,5457538521.05095,5567737919.5975,5820612265.61612,5914437068.30099,NA
430,"LBR","Liberia",1186611650.6628,1545064852.80777,1880984322.57009,2419245542.63296,2489856480.77696,2583543928.96426,1804728862.57029,1852023681.99857,1949847123.39599,2106676486.72078,2307545832.5839,2472464732.21384,2603507812.60831,2762320349.23903,2988830566.66257,3227771169.87093,3508712338.29124,3533313381.37627,3533313381.37627,NA
434,"LBY","Libya",1.13144e+11,1.12718e+11,1.13238e+11,1.17407e+11,1.15336e+11,1.1423e+11,1.29099e+11,1.34859e+11,1.50866e+11,1.60674e+11,1.70882e+11,1.75438e+11,1.74051e+11,1.82796e+11,6.9323e+10,1.41755e+11,1.22562e+11,92973595270,87228723228,NA
438,"LIE","Liechtenstein",NA,NA,NA,NA,NA,NA,NA,NA,NA,NA,NA,NA,NA,NA,NA,NA,NA,NA,NA,NA
440,"LTU","Lithuania",38666629652.0847,41553934942.7621,41082446172.5074,42656588762.9953,45439688410.6447,48511751932.7505,53624194332.4381,57136623584.0345,61551803558.9858,66110603639.2393,73440256110.3158,75370323295.3596,64204840510.3269,65257684100.7142,69205352095.7112,71859309436.517,74379290155.6661,76978858369.7848,78347986011.4597,NA
442,"LUX","Luxembourg",27327261984.2195,29139657276.6925,31665490883.8426,34662916906.4934,36252196929.9234,37564787666.7194,38089810018.0407,39770032363.3477,41049229825.987,43147118498.4265,46769517790.766,46375236864.5062,43881667116.3459,46415921373.4078,47349962821.7466,47352681784.1853,49338788565.7995,51660776678.7289,53485619938.9822,NA
446,"MAC","Macao",16360895271.2866,15608294103.4888,15233695043.7942,16102015655.085,18593544988.8941,20257154959.7253,22617864655.1761,28669271465.1003,30979958588.9858,35104682864.6842,40176449449.3248,41539942910.0426,42088734412.839,52721974179.0928,64148196571.8922,70068890088.7209,77917041830.1816,77253107600.2496,61533079342.4632,NA
807,"MKD","Macedonia",15554823946.1765,16080380323.7762,16778112516.0665,17541371635.4455,17003334674.9016,17257369371.2572,17640866468.3963,18465476133.0472,19337670283.0224,20331051271.116,21647179203.148,22831650456.4173,22749772540.9581,23513882827.0348,24064082356.9501,23954305764.3246,24655032763.6254,25528026633.8836,26463700380.6299,NA
450,"MDG","Madagascar",19980035574.7513,20765717794.95,21733216613.0394,22767731871.9076,24137853996.5255,21078673520.3615,23141198987.0447,24357732651.851,25478894719.5946,26758599469.8959,28428490862.2468,30455019682.2432,29232597651.7321,29309511789.5579,29735787033.419,30636040390.7697,31326945612.3574,32365701440.127,33354200457.8282,NA
454,"MWI","Malawi",9059205846.73487,9412084891.61739,9698426688.71759,9851281441.75432,9361183752.14529,9520323876.55785,10063519230.4623,10609012057.697,10955791575.4031,11470713779.447,12571902301.8889,13532362545.2508,14659352621.0006,15667046141.8357,16427533195.5102,16737323535.5758,17607664359.1505,18611301228.2862,19137290349.1233,NA
458,"MYS","Malaysia",353295165775.594,327294707003.84,347382779298.087,378156961471.04,380114586679.68,400606519723.561,423795625222.545,452543537530.654,476673788616.332,503295290757.635,550744285231.357,569026760887.717,554654136772.771,593374302297.773,624786298313.787,658989508601.525,689915353684.602,731394213595.733,767735621151.664,NA
462,"MDV","Maldives",1485861938,1632359561,1749692424,1833141294,2036041101.57392,2145845534.80517,2458078632.53832,2781560013.61585,2555565509.46257,3063818480.56712,3375469668.67914,3803200939.67207,3600727974.4314,3858783918.94912,4194858489.01499,4299582711.56016,4501654227.81276,4771633126.29453,4907464510.43178,NA
466,"MLI","Mali",14119625965.2905,15188717115.3797,16054617319.922,16044850498.0007,18511945131.2382,19086983210.4661,20827533225.0689,21152442464.4025,22534704375.6329,23585314406.4351,24409294915.3806,25574443982.5958,26771089018.8461,28220329132.2568,29134739169.0792,28891120637.587,29556652103.8294,31638432393.3785,33524899738.7937,NA
470,"MLT","Malta",8173632553.35741,8592580495.29065,8998148012.46136,9607340125.46799,9665786737.99774,9954099601.02554,10207308858.3571,10252569344.8893,10640490916.4663,10835075370.3763,11267010092.2424,11644062019.416,11357352874.4149,11759707908.2324,11974071551.1388,12315485299.9406,12866273346.6766,13311572385.4322,14130894106.1997,NA
584,"MHL","Marshall Islands",149164834.804507,144922269.979068,141448258.8551,149780543.393345,157813815.405418,161941993.71857,162217510.636813,162127609.021211,166586457.100692,169790763.377852,175826283.379876,172949989.510665,169993406.949076,180937324.47,183971631.11967,190778178.462253,195278769.528498,193424313.177908,194651437.995015,NA
474,"MTQ","Martinique",NA,NA,NA,NA,NA,NA,NA,NA,NA,NA,NA,NA,NA,NA,NA,NA,NA,NA,NA,NA
478,"MRT","Mauritania",6762203080.19039,6950043890.03697,7486088641.2647,7453868047.39767,7603601119.49972,7654165382.97104,8111750781.24257,8577967455.15086,9347361582.5058,11111124524.8606,11424217877.5457,11547595679.6955,11427260297.8526,11972763099.8592,12535969841.7305,13262439093.6617,14070155948.2755,14661976825.4096,NA,NA
480,"MUS","Mauritius",11079280074.4863,11751861965.7836,12058677172.0269,13147167425.829,13485519020.4726,13770510286.2159,14274078072.6099,15094233415.2154,15281611347.7962,16586394387.538,17536299872.3465,18480973780.4615,19093632289.7162,19929399378.4173,20742028226.4255,21467194083.443,22188578982.5302,23019446838.3168,23817914134.2196,NA
175,"MYT","Mayotte",NA,NA,NA,NA,NA,NA,NA,NA,NA,NA,NA,NA,NA,NA,NA,NA,NA,NA,NA,NA
484,"MEX","Mexico",1349384191320.54,1412830109583.06,1450510474356.44,1527336382154.9,1518088476589.92,1520091095925.72,1541716994805.78,1607944751465.19,1656706860442.59,1738622968865.94,1794330587585.39,1819456426013.5,1733935808528.95,1822543370032.99,1896258212126.06,1972453164091.8,1999280048752.23,2044170054963.91,2094557945858.39,NA
583,"FSM","Micronesia",311759193.319515,320973930.002743,325415409.017213,340264795.877069,346209879.708204,348286791.163235,354646025.292101,343186482.256249,350601219.461448,350028342.588178,342818889.843944,334043946.109188,337257299.733675,345791861.524608,352882555.847251,354873371.028005,342234552.568107,330588634.735525,343060704.338087,NA
498,"MDA","Moldova",9160919478.68311,8561594535.56116,8273218247.34222,8447594196.36651,8962897466.07473,9662003449.33921,10299695667.9255,11061873130.8993,11891513626.2634,12462306264.715,12836175477.441,13837397177.5482,13007153311.0369,13930661208.1436,14877946210.3745,14773800564.1212,16162537831.8084,16938339607.2362,16853647908.1454,NA
492,"MCO","Monaco",NA,NA,NA,NA,NA,NA,NA,NA,NA,NA,NA,NA,NA,NA,NA,NA,NA,NA,NA,NA
496,"MNG","Mongolia",10358999565.7765,10704983583.6658,11033666082.0368,11160118751.3512,11489644754.4779,12033447166.2907,12876346167.225,14244510220.1789,15277759335.247,16584960297.45,18284589742.0481,19911985506.5294,19659382269.2722,20910733737.0647,24526362150.2594,27547965752.8338,30757005096.1357,33182264406.1461,33964427182.6635,NA
499,"MNE","Montenegro",6220308261.00082,6525103551.66576,5911743979.09226,6095007889.73992,6162053039.4389,6279131976.84136,6436110176.17538,6719299252.69743,7001039069.15706,7600765073.70848,8410847008.41499,8993096276.61619,8484364339.61558,8693396231.01003,8974058270.35582,8729625833.34889,9039441397.71877,9200673635.63951,9490604470.23318,NA
500,"MSR","Montserrat",NA,NA,NA,NA,NA,NA,NA,NA,NA,NA,NA,NA,NA,NA,NA,NA,NA,NA,NA,NA
504,"MAR","Morocco",118369360776.752,126937589324.983,128310206811.44,130764618088.936,140336545574.664,144717080193.755,153343900009.771,160699835050.497,165989494593.682,178562587377.862,184869264267.082,195818979327.396,204129061598.184,211918050774.913,223034630236.893,229747886208.358,240167994730.471,246294787554.874,257398957178.003,NA
508,"MOZ","Mozambique",8274211304.1758,9255482621.54994,9979536623.10767,10147043443.1955,11437845371.1583,12443696079.1552,13252611816.187,14287797989.3377,15533789398.9543,17064031608.4163,18331217003.1052,19591709145.1517,20836069044.5552,22229529470.2057,23811739934.0183,25525753222.8233,27348721677.8104,29384516058.2905,31326751237.465,NA
104,"MMR","Myanmar",45076192691.994,47720458236.5633,52943524418.5167,60221104519.1272,67052584851.1821,75116002450.104,85515059493.5204,97114887944.796,110292358553.617,124714299172.241,139669333592.17,153992850292.438,170239110005.696,186640693983.304,197076675497.924,211527658640.394,229350981325.279,247678976353.734,265744759763.329,NA
516,"NAM","Namibia",10495043687.5858,10840497029.744,11205743575.6226,11597068672.6808,11733676210.683,12295562223.4441,12816868771.6469,14389440641.4833,14753387382.4224,15796920343.8673,16842217483.7141,17288504578.0913,17339673542.8735,18386859674.9856,19322996884.943,20301065542.6926,21448961036.1072,22834308593.7594,24043436005.5197,NA
520,"NRU","Nauru",NA,NA,NA,NA,NA,NA,NA,NA,NA,NA,39848289.2758004,53563787.7839201,58202247.6220389,66089202.6897559,73811352.8729015,81256343.1434376,109058169.294167,148890789.92941,153071923.694677,NA
524,"NPL","Nepal",32000378541.6591,32965634594.0893,34420267374.7943,36554323947.7626,38308844733.3331,38354917592.3182,39868033576.9544,41734895411.0866,43186927981.927,44640001747.3208,46162922314.0009,48981002138.8187,51201349523.8087,53667418823.386,55503825716.8332,58157570334.6494,60558825273.2816,64185684029.7077,65934918627.1477,NA
528,"NLD","Netherlands",580498574514.053,606768544316.393,637420630626.685,664439380911.065,678553829772.888,679257014978.114,681185579026.989,695018457596.607,710033400059.855,735016897712.313,762201299999.9,775151563338.64,745947080653.357,756410198215.739,768994037544.928,760865482934.042,759417257663.058,770198630775.042,785230682037.473,NA
530,"ANT","Netherlands Antilles",NA,NA,NA,NA,NA,NA,NA,NA,NA,NA,NA,NA,NA,NA,NA,NA,NA,NA,NA,NA
540,"NCL","New Caledonia",NA,NA,NA,NA,NA,NA,NA,NA,NA,NA,NA,NA,NA,NA,NA,NA,NA,NA,NA,NA
554,"NZL","New Zealand",100010856627.195,100619629471.21,106165436494.176,109103334532.478,112851981516.807,118352272765.509,123839762801.657,128557041363.172,132928684845.159,136818146062.506,140737476959.387,138894801146.486,138148058745.11,140041228566.304,143507535760.794,146850808237.689,150880372570.77,156276119941.105,161578568586.083,NA
558,"NIC","Nicaragua",15115513378.827,15676553084.609,16779550731.9764,17467779132.5188,17984972740.6234,18120568453.6353,18577339590.8537,19564199548.0389,20402016497.9272,21249122414.6622,22372726808.5859,23010732305.3705,22375817844.6117,23089897043.347,24528765812.9445,25900061720.8637,27074172629.6242,28310166046.9443,29705561219.5799,NA
562,"NER","Niger",7899454751.7521,8722756663.75422,8673145258.46074,8550896465.0998,9158381275.36573,9433052306.30259,9933004078.37751,9942937082.5389,10390369251.1897,10993010667.9179,11338913487.1794,12426051457.8366,12337494571.0586,13370049076.8363,13679084420.6116,15295085393.182,16100888419.3894,17235968520.7962,17857377170.5526,NA
566,"NGA","Nigeria",320611988153.309,329318656121.044,330880408931.07,348476938056.296,363848482985.796,377618867985.563,416718222527.213,557301344581.464,576498519048.468,623834609859.568,666432522053.348,708219598550.843,757330491735.703,816703229268.353,856618673550.592,893275762114.417,941462775527.185,1000866424115.25,1027416343922.94,NA
570,"NIU","Niue",NA,NA,NA,NA,NA,NA,NA,NA,NA,NA,NA,NA,NA,NA,NA,NA,NA,NA,NA,NA
574,"NFK","Norfolk Island",NA,NA,NA,NA,NA,NA,NA,NA,NA,NA,NA,NA,NA,NA,NA,NA,NA,NA,NA,NA
408,"PRK","North Korea",NA,NA,NA,NA,NA,NA,NA,NA,NA,NA,NA,NA,NA,NA,NA,NA,NA,NA,NA,NA
580,"MNP","Northern Mariana Islands",NA,NA,NA,NA,NA,NA,NA,NA,NA,NA,NA,NA,NA,NA,NA,NA,NA,NA,NA,NA
578,"NOR","Norway",241355255856.218,247689375710.201,252676124622.86,260775114733.024,266213131315.914,270040500944.3,272524446571.001,283313793063.569,290749988371.991,297713719443.322,306436034900.086,307613687096.148,302622552683.249,304443995870.189,307393388952.404,315843072659.791,318997414640.789,325118399319.471,330356144865.799,NA
512,"OMN","Oman",92284241314.7463,94722702867.3695,94604482404.2533,99714423105.748,104184076348.643,103037462607.99,100287424212.41,101583250621.179,104113139178.554,109706168123.624,114591048422.467,123987165822.532,131565824002.747,137884735886.566,136358363675.009,149084247377.929,155603128698.117,159559710512.528,168579738605.659,NA
586,"PAK","Pakistan",436809903655.477,447949579620.862,464345128860.734,484126640027.63,493724373362.681,509644170039.429,534343162148.067,573716619354.5,617705218216.351,655864217731.327,687560936960.628,699259136320.384,719059767225.284,730612842689.226,750693024684.963,777020079943.001,811181430791.264,849101793880.401,889115357627.429,NA
585,"PLW","Palau",274419186.311624,279907432.824071,264792572.019472,261316032.066604,272598054.454544,290588306.370448,272140675.168546,291045685.656445,294704719.944426,286624352.558469,286471892.79647,270463617.786555,245917596.104686,253997963.490643,266804583.498575,275342330.170529,268634100.642565,280068582.792504,306291661.856364,NA
591,"PAN","Panama",27960265051.5184,30012968400.4904,31188638325.725,32035526366.7639,32219497720.9882,32937718507.0895,34322912928.705,36904710003.9147,39558630611.5615,42981427517.5447,48132315530.0233,52277300164.0442,53112879035.6646,56176084584.9009,62809393855.1306,68606670918.0419,73151285881.6534,77579377510.2612,82061443525.3673,NA
598,"PNG","Papua New Guinea",10443937218.1036,10050293386.0913,10236781991.646,9981390482.79595,9969284178.29171,9953442950.05745,10168845660.8538,10445557788.631,11108307125.4775,11363183472.4337,12175851359.899,12980791818.9572,13778004849.6085,14835374636.6275,16418209555.3196,17746039336.5822,18728710649.0005,20327000424.5066,NA,NA
600,"PRY","Paraguay",33464886317.7391,33487654195.2671,33030188982.992,32265822175.3373,31996706533.9344,31989858606.8284,33372060396.3309,34726104772.5917,35466981414.1533,37171921863.8843,39187243129.5966,41679205776.947,40026335228.2801,45266984771.214,47232661525.6067,46647463724.8769,53195031260.9932,55707078172.8341,57357253470.3615,NA
604,"PER","Peru",163825754422.975,163184315068.281,165623774762.088,170086294377.68,171137244537.578,180470263692.452,187986891930.036,197307664032.792,209708569743.291,225497316246.004,244706052052.742,267039317031.152,269965597046.66,292460370024.879,310964900334.817,330057289146.432,349373952099.962,357599378478.891,369225658142.909,NA
608,"PHL","Philippines",307868637739.823,306093090990.744,315526655884.349,329445207189.109,338979326483.167,351338167446.152,368800952295.304,393501899212.424,412302095671.424,433918900933.804,462629876187.425,481841771428.006,487374907008.677,524572646173.04,543770720548.511,580115323633.749,621094861179.511,659717183968.628,698673579752.035,NA
612,"PCN","Pitcairn",NA,NA,NA,NA,NA,NA,NA,NA,NA,NA,NA,NA,NA,NA,NA,NA,NA,NA,NA,NA
616,"POL","Poland",492427092117.632,515150866723.254,539065255398.056,563644319418.359,570678631177.838,582329628335.469,603074955669.049,634046771739.267,656198200769.411,696748650948.141,745763538890.811,777455844036.244,799381824258.012,828215210575.654,869763587028.928,883737532109.831,896028779347.904,925441552087.749,961912377812.453,NA
620,"PRT","Portugal",236775861281.543,248121616253.189,257769117387.503,267532108899.111,272731071143.289,274827819009.739,272260361735.737,277192584306.018,279318055511.198,283656013692.769,290724726932.707,291304060640.11,282628721932.129,287994970166.18,282733725683.416,271344485394.571,268277869876.533,270673842796.877,274992615752.428,NA
630,"PRI","Puerto Rico",111919872478.857,119469630932.662,121938308150.618,123782567145.197,135974471720.56,138385663002.035,140036487053.33,142502413697.865,143312681168.627,142037815704.817,137314061530.999,134844044733.146,131660223766.556,128220560543.109,125796598245.822,122308888721.51,121602747285.265,NA,NA,NA
634,"QAT","Qatar",51823739059,57638275464,60107612232,64156673607.27,66657620462.8021,71445071925.4044,74102799053.9781,88344553231.7528,94963997259.8675,119816308666.494,141366058696.533,166336332183.597,186224437444.793,222710146611.602,252498021613.775,264333258304.437,275991080905.441,286972440751.688,297162877140.175,NA
178,"COG","Republic of Congo",13293226706.6389,13790068069.6167,13433981020.5281,14451736788.5294,15001278806.2564,15688617908.716,15816207801.9869,16366079083.9546,17635392731.8501,18735135295.7855,18438703722.81,19466157004.2768,20920060528.5036,22750912218.9399,23529134761.3866,24423240906.7126,25263572638.6131,26976427946.1947,27690345066.6051,NA
638,"REU","Reunion",NA,NA,NA,NA,NA,NA,NA,NA,NA,NA,NA,NA,NA,NA,NA,NA,NA,NA,NA,NA
642,"ROU","Romania",236519022059.477,231582285447.058,230652418832.369,236176762306.1,249383772387.206,262312306509.326,276803167129.809,299940012507.02,312453252817.767,337623112525.137,360796743834.357,391316482741.424,363662819694.969,360759097412.71,364569775773.055,366906542945.306,379864226153.902,391549998116.842,405892316713.625,NA
643,"RUS","Russia",1858412496492.53,1759916634201.07,1872551298790.16,2059806428655.08,2164691447196.98,2267377263737.19,2432801806036.38,2607378427585.68,2773629752631.32,2999775767691.79,3255809035565.88,3426672380850.65,3158676273694.51,3300934386468.09,3441692056998.75,3562768782749.03,3608352767277.39,3634746359911.87,3531946979892.73,NA
646,"RWA","Rwanda",5056176864.73566,5504086862.07436,5921356996.34711,6413937213.59927,6969958493.20551,7911636818.63661,8026461202.83583,8584010532.13986,9177337461.49055,10024889312.301,10788069485.6552,11992283427.5307,12743958372.1409,13675881900.4076,14749703249.8507,16045959021.6784,16797633966.2886,17975002374.428,19216033048.2844,NA
654,"SHN","Saint Helena",NA,NA,NA,NA,NA,NA,NA,NA,NA,NA,NA,NA,NA,NA,NA,NA,NA,NA,NA,NA
659,"KNA","Saint Kitts and Nevis",805181285.121542,799808200.434859,826909700.429675,868411743.164318,911642633.911935,928404006.018547,904740693.69759,946405306.032982,1034030129.5778,1094885031.36055,1093204762.96945,1161988279.80985,1126895750.78125,1101550703.75514,1127973937.87452,1121199885.7461,1190937335.50258,1261953602.36549,1309439800.22728,NA
662,"LCA","Saint Lucia",1370883976.0691,1457978287.53998,1492365971.90017,1558336929.25128,1508021920.26034,1508706659.49967,1580875149.4835,1710748603.48642,1697284808.20549,1836846401.3989,1833622360.14914,1910217378.81829,1903374544.17894,1871043356.41378,1875503371.93071,1848335043.33363,1849490497.27979,1857576269.42162,1901601071.44812,NA
666,"SPM","Saint Pierre and Miquelon",NA,NA,NA,NA,NA,NA,NA,NA,NA,NA,NA,NA,NA,NA,NA,NA,NA,NA,NA,NA
670,"VCT","Saint Vincent and the Grenadines",750152785.629215,780830158.079966,801997822.921766,815130043.169074,829063995.230257,881488285.24682,949272894.15673,988727374.323136,1013326959.39833,1090964090.85732,1117620962.50302,1145578638.88971,1121532241.48905,1083921367.41136,1079375927.09453,1094278255.28341,1114328563.05479,1127166923.02343,1145236353.18916,NA
882,"WSM","Samoa",676497830.615033,691346188.987416,706455137.233733,755333286.736156,807751648.070909,842840344.085509,880898624.033888,921640202.551895,959948104.786922,978847639.215345,1040736668.85208,1051238603.71866,1000692190.18202,1005487093.99996,1063589611.12987,1067866343.45246,1047215316.67029,1059741554.79038,1077065955.66864,NA
674,"SMR","San Marino",NA,NA,NA,NA,NA,NA,NA,NA,NA,NA,NA,NA,NA,NA,NA,NA,NA,NA,NA,NA
678,"STP","Sao Tome and Principe",262299430.9,268834123.7,276294370.6,276900797.389447,285733748.179649,292525289.270739,311754359.312762,323701494.301333,346664135.261305,378264812.535631,390572055.056224,422544954.559275,432797083.968039,461673241.876136,481978562.179656,497122212.212761,521057624.579474,553403223.552657,575391345.423751,NA
682,"SAU","Saudi Arabia",706391415799.224,726414258382.931,720977105025.244,756049323715.856,760189789608.814,761160575032.432,819459920274.663,895294431130.422,960257151888.884,1013808267972.3,1074558799222.58,1165113638371.54,1186425618565.74,1242921806955.03,1366703554588.84,1440293242118.96,1478747795506.51,1532554977479.37,1585973971113.69,NA
686,"SEN","Senegal",16222619058.587,17179538230.2989,18272129890.2947,18854396726.0598,19718100881.4342,19847215734.0664,21173650439.7659,22416707226.4485,23677110544.1205,24259939254.1622,25458012735.4106,26395510267.0267,27035119914.6308,28165015730.3204,28661034905.9366,29925324826.7509,30968287438.6453,32303346110.5784,34398281017.759,NA
688,"SRB","Serbia",61891221464.1563,63395460760.4458,55695075709.7703,60016573262.6008,63013029137.0788,67496902757.7085,70477170491.6828,76852896926.0227,81110875557.5063,85088835854.735,90099513251.7431,94934868894.5271,91976725254.1983,92514309059.3003,93810865401.54,92858431464.7545,95246503418.2287,93502253146.6635,94210733887.2606,NA
690,"SYC","Seychelles",1335461110.02699,1447685229.25311,1474785992.10925,1497119248.82187,1463117233.94719,1480862377.23571,1393682120.58042,1353955857.57944,1475889891.95732,1614713982.5559,1782990368.6188,1744711479.34902,1725428129.11537,1828176726.62899,1972370136.58509,2102748609.06036,2229961158.36295,2303928636.12486,2384515771.42966,NA
694,"SLE","Sierra Leone",3915151060.96964,3985037066.5423,3906161802.19524,4166028117.63157,3868560390.62523,4884776140.3685,5343084642.61762,5685979059.76953,5932323215.23361,6260133495.47595,6764595182.87379,7129861455.62975,7461365284.71649,7861678217.38886,8239839598.10149,9490793018.72056,11456883708.9668,11978947819.8427,9511431824.32316,NA
702,"SGP","Singapore",184115799738.739,180018800202.006,190991314200.892,207984851215.768,206004232139.003,214680484680.627,224202268643.958,245611736698.968,264005986397.692,287397434545.84,313583729815.882,319189416002.053,317263464416.269,365615612590.599,388311014282.003,402562556977.468,421384279235.337,435121471159.851,443860330454.631,NA
534,"SXM","Sint Maarten",NA,NA,NA,NA,NA,NA,NA,NA,NA,NA,NA,NA,NA,NA,1214600998.53945,NA,NA,NA,NA,NA
703,"SVK","Slovakia",80045980799.3515,83257276426.6318,83086541196.933,84092032397.8966,86880917906.687,90810361317.6689,95731116836.4731,100765459657.34,107568096372.995,116660706811.781,129259569729.464,136536597873.784,129132843080.898,135643355150.545,139467276321.22,141778456459.842,143891871970.657,147591119892.014,153245460822.683,NA
705,"SVN","Slovenia",39906707659.8815,41217895026.271,43391872631.1127,45194993242.3199,46527958795.7851,48312913334.4512,49686006435.3226,51848239846.6964,53923728705.9279,56973654376.1001,60928563587.6141,62939285575.3855,58031735404.3469,58750026638.2386,59131529881.2443,57541238481.0834,56915809657.2816,58683774179.5408,60043268817.3717,NA
90,"SLB","Solomon Islands",821684949.120169,836342710.851784,832306515.224281,713557324.401916,656625693.512172,638240157.534976,679725779.457378,713021269.551109,751675530.36168,803891798.578851,862736688.39363,923943500.846637,880260630.548226,940959502.648925,1062611217.02648,1112135401.37642,1145659464.62869,1162929436.60713,1206358336.72939,NA
706,"SOM","Somalia",NA,NA,NA,NA,NA,NA,NA,NA,NA,NA,NA,NA,NA,NA,NA,NA,NA,NA,NA,NA
710,"ZAF","South Africa",406858468963.814,408892761298.368,418706187589.523,436291847455.43,448071727348.241,464652058855.399,478354998724.168,500141963714.947,526534715067.638,555941920907.478,585743043329.055,604434360911.322,595137621679.304,613228226032.098,633367849861.212,647385920661.183,662472228350.571,673263049955.896,681777480395.784,NA
410,"KOR","South Korea",858743906646.25,809676158022.456,896559184322.152,975736820161.216,1019892028728.14,1095694826694.76,1127833824631.12,1183096007278.77,1229516996715.92,1293158443794.78,1363808940935.67,1402394020663.7,1412316217558.88,1504071486988.99,1559446833866.66,1595195319034.79,1641395685771.39,1696242061195.7,1740546808209.43,NA
728,"SSD","South Sudan",NA,NA,NA,NA,NA,NA,NA,NA,NA,NA,NA,34431181839.3547,36167078722.6892,38153886954.9423,36383425753.1343,19617170973.6121,22192852779.8577,22941561619.7032,21484823398.0989,NA
724,"ESP","Spain",1059453002569.95,1105072820516.39,1154634244520.79,1215703925587.05,1264345081226.11,1300755211954.71,1342217714058.95,1384722346549.5,1436276984989.03,1496228897173.19,1552620197204.08,1569947015589.59,1513840060274.32,1514048766494.16,1498907060209.01,1454991909843.42,1430171277524,1449893314942.59,1496357762758.6,NA
144,"LKA","Sri Lanka",89922234371.1768,94147161354.5595,98195998156.2579,104087790607.568,102479209424.869,106542177723.794,112871069761.727,119016968675.274,126445707990.367,136141933974.233,145395264501.448,154046410898.054,159497977900.526,172283271063.257,186763228839.866,203841940568.039,210763820905.572,221046151065.778,231625385742.255,NA
275,"PSE","State of Palestine",9178728423.96431,11560387404.6056,13636289124.9561,12281582870.7516,11488843298.6773,11325996821.7719,12401562378.9094,13479752543.5817,14954393080.4409,14268928054.2385,14022503110.9328,12817945457.3714,15502124219.2051,15864480536.5856,17107576501.6453,19594339829.2496,18755698038.8829,18551000395.5424,20850070938.4224,NA
729,"SDN","Sudan",67879729978.1642,70804330929.8085,73002165107.4278,77634785973.4331,82681326873.5433,87995482216.9944,94801573495.9229,98483009911.5992,105859129468.495,116513118306.148,129937654974.458,140075343173.136,144616372285.105,149633598838.509,146689215152.158,147454286346.948,153934476283.923,158059014825.417,165813461495.166,NA
740,"SUR","Suriname",4594740350.581,4666611336.94644,4625962462.95757,4622785018.04806,4833263998.66489,5041091663.82541,5344069063.47245,5838717803.89428,6105588949.77004,6340174067.50348,6664251291.97361,6940378314.86397,7149540401.06534,7518260916.66145,7914263443.50122,8157321361.85381,8388805093.61818,8543403157.33225,8517774601.31548,NA
744,"SJM","Svalbard and Jan Mayen Islands",NA,NA,NA,NA,NA,NA,NA,NA,NA,NA,NA,NA,NA,NA,NA,NA,NA,NA,NA,NA
748,"SWZ","Swaziland",5926112278.87525,6080430572.50854,6259856472.48078,6370040844.92386,6490915517.08247,6701469058.78522,7006721228.75168,7224848902.98597,7599955542.53531,7985613148.57361,8309337681.95373,8676893980.87679,8899871717.04085,9061139916.77736,9233465789.05422,9549981964.80845,9986751736.31494,10261235870.843,10452834006.7968,NA
752,"SWE","Sweden",286554844858.768,298666921237.675,312196988989.073,326980412839.039,332092458224.36,338978651763.079,347065801848.275,362060883277.643,372264952385.367,389717206697.339,402986878421.322,400742049575.134,379964940714.511,402720761918.787,413450885918.452,412267090797.332,417384170200.757,428254217021.832,445748230802.172,NA
756,"CHE","Switzerland",332337499603.063,342124082784.166,347746454232.635,361468885784.461,366697875895.764,367223700022.667,367406240127.142,377851409793.304,389331689384.423,404954734992.921,421721271757.333,431324877605.285,422139303169.674,434608524693.076,442451269840.816,447088613263.491,455049381545.482,464136199660.449,468045326174.656,NA
760,"SYR","Syria",NA,NA,NA,NA,NA,NA,NA,NA,NA,NA,NA,NA,NA,NA,NA,NA,NA,NA,NA,NA
158,"TWN","Taiwan",5.1271e+11,5.34299e+11,5.70188e+11,6.06795e+11,5.99151e+11,6.32552e+11,6.58615e+11,7.01467e+11,7.39455e+11,7.81041e+11,8.31938e+11,8.37796e+11,8.24671e+11,9.12345e+11,9.47053e+11,9.66599e+11,9.88325e+11,1.02411e+12,1.04608e+12,NA
762,"TJK","Tajikistan",6201880974.35865,6530580713.61541,6772212178.67419,7334305858.05441,8082405132.74631,8955304880.51523,9940388158.76911,10964248309.0613,11698852623.1307,12517772528.4093,13494158953.9223,14560197218.6095,15113484857.4058,16095861426.4997,17286955072.7244,18583476559.5105,19958653930.8182,21295734185.9823,22573478237.1413,NA
834,"TZA","Tanzania",43121940270.3179,44721122425.64,46885795731.1924,49199068982.4716,52149944939.5634,55885734164.5553,59734152418.3555,64410320105.0015,69674791879.0266,72922035020.5017,79094434073.7384,83497301398.9383,87991415201.5312,93586689055.5195,100984255978.622,106175870333.219,113887487533.288,121819902871.073,130297806032.217,NA
764,"THA","Thailand",573425064843.98,529651322818.871,553868561612.212,578547150354.831,598473724512.5,635273154571.686,680945037832.023,723771636118.782,754081997464.186,791544163882.491,834565321921.129,848967147855.654,842699394988.661,905958400766.498,913511216940.895,979566840227.493,1006035885181.38,1014261567594.45,1042948285419.08,NA
626,"TLS","Timor-Leste",NA,NA,1031548025.2888,1212127050.7704,1410514751.52599,1316771112.70742,1286249927.97579,1292790181.84685,1373453312.9233,1294970266.47054,1443216020.88131,1648143975.50796,1861792268.62936,2055819800.13757,2221506231.53784,2350131224.33542,2417713847.66974,2559419348.20945,2669474380.18245,NA
768,"TGO","Togo",6389258014.63462,6242312966.80963,6397231657.89102,6347110652.51017,6243855458.3497,6186277681.45619,6492770478.53086,6630356525.81537,6708621715.48175,6980482743.28204,7140367481.75561,7299274948.58694,7555501154.42276,7857394710.04464,8241131319.98898,8638382159.23653,8981135250.1421,9508482932.38876,10018697437.2813,NA
772,"TKL","Tokelau",NA,NA,NA,NA,NA,NA,NA,NA,NA,NA,NA,NA,NA,NA,NA,NA,NA,NA,NA,NA
776,"TON","Tonga",409193168.805514,420318364.461197,436633881.668495,451347743.528355,467604335.348736,483591150.777377,493788065.074905,492052795.035871,499837898.753915,495778104.806674,475125100.882479,489828361.67974,501093436.291282,519007373.456783,533500127.439566,538245273.200066,521418839.845921,532184494.268111,551908321.939257,NA
780,"TTO","Trinidad and Tobago",18495722246.2221,19996811411.8242,21601470516.6607,23234485891.6293,24203021031.0831,26123944534.76,29896612153.5836,32273271332.4065,34277116487.2068,38804457830.8424,40649295468.1803,42027477868.3266,40182222585.8277,41517610649.3548,41395401723.1008,41931049507.5666,43043865355.6622,42795964865.3593,42548380978.4923,NA
788,"TUN","Tunisia",63131455620.3884,66151514565.4559,70156746998.8308,73461031524.7235,76249747322.6908,77258198739.4427,80891197404.9151,85935405733.5277,88931574432.6097,93595319776.6466,99875210438.1939,104107698970.785,107276163647.022,111042209915.176,108913333410.658,113267324926.338,116660425528.66,120006390807.025,121200025400.732,NA
792,"TUR","Turkey",800223647699.054,818694517877.073,791142631065.932,844738235242.349,796609472858.572,845711203059.452,890240141604.288,973591613367.865,1055389060352.27,1128142192696.13,1180810401007.19,1188590040925.5,1131230162980.57,1234816394148.46,1343143703631.64,1371718558194.15,1429227986962.89,1472392361703.97,1530874978697.69,NA
795,"TKM","Turkmenistan",18302267308.4614,19601728350.2973,22836013429.5441,24084929649.3187,25131141833.6894,25195774085.4105,26019380744.515,27320455794.4987,30883142515.0994,34270126251.2263,38060162142.2507,43655005977.1616,46317961391.909,50579213834.4319,58014358231.6118,64453951973.0168,71028255139.6201,78344165398.0803,83436536078.0671,NA
796,"TCA","Turks and Caicos Islands",NA,NA,NA,NA,NA,NA,NA,NA,NA,NA,NA,NA,NA,NA,NA,NA,NA,NA,NA,NA
798,"TUV","Tuvalu",25634077.9572211,29607672.7701681,29144670.5382264,28861792.4202024,29333425.1762044,31646710.2311008,30591755.5841986,30178099.6427664,29037448.9687241,29658542.0943354,31542027.051028,34060109.3650969,32550275.3324274,31661839.0321006,34338316.8465706,34398222.8371069,34844776.3055454,35623858.7892491,36565093.5897095,NA
800,"UGA","Uganda",21899098686.2347,22973307615.3775,24823565951.1164,25603499391.3384,26930698036.2569,29282471269.8191,31178001380.5183,33300360686.57,35409127711.0129,39227911623.9711,42527930647.1515,46231582616.0196,49358938406.3144,52159660639.0429,57059586636.0315,59247414801.704,61356078258.6293,64536672413.8946,67856334117.2492,NA
804,"UKR","Ukraine",227541435812.515,223218148567.824,222771712276.408,235915243299.818,257619445701.624,271015656803.621,296491128571.161,332366555154.708,341340452061.716,366258305176.147,395192714090.521,404282146479.787,344448388739.992,358915221129.055,378531847053.314,379435331807.793,379333910074.22,354477604622.423,319491429433.531,NA
784,"ARE","United Arab Emirates",285826009787.23,286660605569.141,294980108792.537,326993427459.775,331568343545.314,339636915994.235,369526801416.005,404877348750.762,424534715700.418,466297553229.818,481146286697.324,496503688390.757,470472387748.485,478166723968.765,503068685411.632,537240237741.734,562645776803.703,579974615919.951,601767990622.548,NA
826,"GBR","United Kingdom",1755614682070.6,1811632473192.07,1871114675470.54,1941187217333.24,1994106064500.39,2041909737913.92,2112687207515.65,2166093344479,2230471713750.71,2286300611664.18,2344734319648.09,2330028024040.39,2229190524953.86,2271883131066.39,2306167251137.31,2336447656055.53,2381099002786.65,2454210261787.93,2508061255926.25,NA
840,"USA","United States of America",11400235991240.1,11907536342454.5,12465428188541.1,12975535505116,13102174374501.4,13336195938663,13710513079778.6,14229557848352.8,14705567303239.4,15097709758825.3,15366233131464.9,15321421898260.6,14896171302291.4,15273330534513,1.5517926e+13,15863049462118.7,16129125392354.4,16511459482557.4,16940121414373.4,NA
850,"VIR","United States Virgin Islands",NA,NA,NA,NA,NA,NA,NA,NA,NA,NA,NA,NA,NA,NA,NA,NA,NA,NA,NA,NA
858,"URY","Uruguay",42541575183.0064,44463982200.4932,43601731262.0509,42760248090.9754,41116488580.2307,37937358718.0211,38242862166.4545,40156596317.4643,43152331451.8578,44920963140.1066,47859472816.8147,51293937820.6379,53470593085.6858,57643122516.3077,60618737180.8227,62763536432.1202,65674219687.9447,67801270546.5163,68467254386.5227,NA
860,"UZB","Uzbekistan",54655376594.4177,57005557787.9777,59456796774.5392,61716155048.0215,64308233565.0629,66880562905.6512,69689546546.6926,75055641629.0981,80309536546.8838,86172132712.7193,94721402573.4454,103246328805.335,111609281434.231,121096070356.98,131147044195.496,141901101820.769,153253189967.997,165666698358.432,178920034222.406,NA
548,"VUT","Vanuatu",471291296.642901,491563731.62887,493209429.073814,522417511.133698,504192935.72488,478422532.772211,498963274.955394,518845738.160598,546359361.369763,592609554.748395,623268288.630118,663459877.341069,685439080.994646,696605442.917373,705126498.576747,717499705.292432,731628322.616058,748682624.286249,742684971.375788,NA
862,"VEN","Venezuela",360954162379.544,362015566721.131,340401578826.557,352951994981.059,364932019037.874,332614926354.18,306819640805.661,362926541764.776,400372989517.047,439898408032.37,478405261853.999,503654793696.135,487526242853.028,480267994804.158,500326029131.469,528474156265.564,535572061140.563,514714815230.269,NA,NA
704,"VNM","Viet Nam",173829422209.232,183849741835.726,192625968991.962,205700102991.85,218438890912.423,232246022174.538,248268822701.405,266979380601.316,287128975835.916,307164706021.427,329064027510.377,347694879875.925,366463093253.073,390001890710.746,414339189417.434,436081087957.563,459724894293.841,487233244248.599,519776959707.559,NA
876,"WLF","Wallis and Futuna Islands",NA,NA,NA,NA,NA,NA,NA,NA,NA,NA,NA,NA,NA,NA,NA,NA,NA,NA,NA,NA
732,"ESH","Western Sahara",NA,NA,NA,NA,NA,NA,NA,NA,NA,NA,NA,NA,NA,NA,NA,NA,NA,NA,NA,NA
887,"YEM","Yemen",59584971678.2798,63164058953.7271,65548837262.1163,69601011053.782,72248387037.5168,75091528326.2722,77905506895.7779,81000456164.5499,85529797613.3848,88241442321.8446,91187319301.1396,94513440120.5946,98167546639.0082,105728712494.405,92285415711.8955,94493796674.5421,99051722973.8034,98864822047.4775,71086936232.9075,NA
894,"ZMB","Zambia",20447897511.2511,20369020518.4869,21316218630.7254,22146980494.3683,23324506283.799,24375511897.7183,26068384830.4686,27901616655.962,29920465748.8518,32285287958.3258,34981896044.8707,37701352196.3412,41177548236.8522,45418096902.1563,47945443548.246,51588154703.0654,54198193616.0752,56743246685.4208,58400082026.6953,NA
716,"ZWE","Zimbabwe",31860223106.5213,32779458060.4679,32511380801.9529,31516796013.3415,31970516559.7366,29127051330.2943,24176887249.033,22772805261.4588,21472231261.8404,20728971039.501,19971673934.6972,16442889532.5251,17426896293.3226,19409366289.1382,21720130515.1655,24014906671.6054,25091757935.9754,26057361624.5315,26180942292.4553,NA
