"code","iso","country","MPA.raw.2000","MPA.raw.2001","MPA.raw.2002","MPA.raw.2003","MPA.raw.2004","MPA.raw.2005","MPA.raw.2006","MPA.raw.2007","MPA.raw.2008","MPA.raw.2009","MPA.raw.2010","MPA.raw.2011","MPA.raw.2012","MPA.raw.2013","MPA.raw.2014","MPA.raw.2015","MPA.raw.2016","MPA.raw.2017"
4,"AFG","Afghanistan",NA,NA,NA,NA,NA,NA,NA,NA,NA,NA,NA,NA,NA,NA,NA,NA,NA,NA
8,"ALB","Albania",0.015465501236614,0.015465501236614,0.015465501236614,0.0181067784054184,0.467759695609525,0.48038565823252,0.54124261724236,0.543657536290365,0.564758966424824,0.564758966424824,0.564758966424824,1.63324685339388,1.63324685339388,1.63324685339388,1.6690605823688,1.6690605823688,1.6690605823688,1.6690605823688
12,"DZA","Algeria",0.0101217363784715,0.0101217363784715,0.0101217363784715,0.0101217363784715,0.030006591657162,0.030006591657162,0.030006591657162,0.030006591657162,0.030006591657162,0.030006591657162,0.030006591657162,0.030006591657162,0.0305104788083686,0.0305104788083686,0.0305104788083686,0.0305104788083686,0.0305104788083686,0.0305104788083686
16,"ASM","American Samoa",8.70824064001816,8.70824064001816,8.70836954087335,8.70840216042417,8.70866886907006,8.70866886907006,8.70873674634475,8.70873674634475,8.70873674634475,8.70873674634475,8.70876569547116,8.70876569547116,8.70876569547116,8.70876569547116,8.70876569547116,8.70876569547116,8.70876569547116,8.70876569547116
20,"AND","Andorra",NA,NA,NA,NA,NA,NA,NA,NA,NA,NA,NA,NA,NA,NA,NA,NA,NA,NA
24,"AGO","Angola",0.000286209295689532,0.000286209295689532,0.000286209295689532,0.000286209295689532,0.000286209295689532,0.000286209295689532,0.000286209295689532,0.000286209295689532,0.000286209295689532,0.000286209295689532,0.000286209295689532,0.000286209295689532,0.000286209295689532,0.000286209295689532,0.000286209295689532,0.000286209295689532,0.000286209295689532,0.000286209295689532
660,"AIA","Anguilla",0.0719146485286038,0.0719146485286038,0.0719146485286038,0.0719146485286038,0.0719146485286038,0.0719146485286038,0.0719146485286038,0.0719146485286038,0.072797864354485,0.072797864354485,0.072797864354485,0.072797864354485,0.072797864354485,0.072797864354485,0.072797864354485,0.072797864354485,0.072797864354485,0.072797864354485
28,"ATG","Antigua and Barbuda",0.0457305212236625,0.0457305212236625,0.0457305212236625,0.0457305212236625,0.0457305212236625,0.0457305212236625,0.168244918093277,0.168244918093277,0.168244918093277,0.168504509224329,0.168504509224329,0.168504509224329,0.168504509224329,0.168504509224329,0.168504509224329,0.168504509224329,0.168504509224329,0.168504509224329
32,"ARG","Argentina",0.41051311871346,0.411873098781949,0.745213758807134,0.753595447934443,0.753595447934443,0.753605803884334,0.796223716185909,0.796223716185909,0.796223716185909,0.796319456858425,0.86549383303555,0.86549383303555,0.866194881350551,1.30918575885229,1.64858134966195,2.27871926426392,2.27871926426392,2.27871926426392
51,"ARM","Armenia",NA,NA,NA,NA,NA,NA,NA,NA,NA,NA,NA,NA,NA,NA,NA,NA,NA,NA
533,"ABW","Aruba",0.000403673045598914,0.000403673045598914,0.000403673045598914,0.000403673045598914,0.000403673045598914,0.000403673045598914,0.000403673045598914,0.000403673045598914,0.000403673045598914,0.000403673045598914,0.000403673045598914,0.000403673045598914,0.000403673045598914,0.000403673045598914,0.000403673045598914,0.000403673045598914,0.000403673045598914,0.000403673045598914
36,"AUS","Australia",3.35763836678426,3.36016970771391,3.41914792668399,3.69070416671015,3.70204584669875,8.30635376511072,8.3181696508583,8.38348950283067,11.3031369307067,11.3037888364084,11.6908731303393,11.6908808822062,11.6937090873454,40.7697015545711,40.7902730453271,40.7902730453265,40.7902730453265,40.7902730453265
40,"AUT","Austria",NA,NA,NA,NA,NA,NA,NA,NA,NA,NA,NA,NA,NA,NA,NA,NA,NA,NA
31,"AZE","Azerbaijan",0.152043130492774,0.152043130492774,0.152043130492774,0.152043130492774,0.152043130492774,0.152043130492774,0.158602331078614,0.158602331078614,0.158602331078614,0.158602331078614,0.158602331078614,0.158602331078614,0.158602331078614,0.158602331078614,0.158602331078614,0.158602331078614,0.158602331078614,0.158602331078614
44,"BHS","Bahamas",0.116179382942523,0.116179382942523,0.116179382942523,0.496033378500588,0.496033378500588,0.496033378500588,0.496033378500588,0.496033378500588,0.496033378500588,0.529104159933378,0.549601704720965,0.550731323001472,0.550731323001472,0.550731323001472,0.550731323001472,0.550731323001472,0.550731323001472,0.550731323001472
48,"BHR","Bahrain",0.457558336351267,0.457558336351267,0.457558336351267,0.490707017448512,0.873464968036349,0.873464968036349,0.873464968036349,0.949289863352065,1.05336849461106,1.05336849461106,1.05336849461106,1.05336849461106,1.05336849461106,1.05336849461106,1.05336849461106,1.05336849461106,1.05336849461106,1.05336849461106
50,"BGD","Bangladesh",1.33094478992651,2.78765864407321,2.87955037229393,2.87955037229393,2.87955037229393,2.87955037229393,2.87955037229393,2.87955037229393,2.87955037229393,2.87955037229393,2.87955037229393,2.88540017070845,2.88928281809793,2.88928281809793,2.88928281809793,4.42818867843517,4.42818867843517,4.42818867843517
52,"BRB","Barbados",0.00587755978908355,0.00587755978908355,0.00587755978908355,0.00587755978908355,0.00587755978908355,0.00587755978908355,0.00605680103390733,0.00605680103390733,0.00605680103390733,0.00605680103390733,0.00605680103390733,0.00605680103390733,0.00605680103390733,0.00605680103390733,0.00605680103390733,0.00605680103390733,0.00605680103390733,0.00605680103390733
112,"BLR","Belarus",NA,NA,NA,NA,NA,NA,NA,NA,NA,NA,NA,NA,NA,NA,NA,NA,NA,NA
56,"BEL","Belgium",31.4099525592175,31.4099525592175,31.4099525592175,31.4099525592175,31.5247278474825,31.5247278474825,31.6441967363141,32.1947749157474,32.1947749157474,36.1561258607813,36.1561258607813,36.1561258607813,36.1561258607813,36.1607396075898,36.1607396075898,36.1607396075898,36.1607396075898,36.1607396075898
84,"BLZ","Belize",5.55778325416276,7.01886360841385,7.01886360841385,7.11179350075158,7.270987065685,7.270987065685,7.270987065685,7.270987065685,7.270987065685,7.270987065685,7.270987065685,7.27098866461108,7.27098866461108,10.6967985633889,10.6967985633889,10.6967985633889,10.6967985633889,10.6967985633889
204,"BEN","Benin",0,0,0,0,0,0,0,0,0,0,0,0,0,0,0,0,0,0
60,"BMU","Bermuda",0.0316299410407248,0.0328915917200034,0.0328915917200034,0.0328915917200034,0.0328915917200034,0.0328915917200034,0.0328915917200034,0.0328915917200034,0.0328915917200034,0.0328915917200034,0.0328915917200034,0.0328915917200034,0.0328915917200034,0.0328915917200034,0.0328915917200034,0.0328915917200034,0.0328915917200034,0.0328915917200034
64,"BTN","Bhutan",NA,NA,NA,NA,NA,NA,NA,NA,NA,NA,NA,NA,NA,NA,NA,NA,NA,NA
68,"BOL","Bolivia",NA,NA,NA,NA,NA,NA,NA,NA,NA,NA,NA,NA,NA,NA,NA,NA,NA,NA
70,"BIH","Bosnia and Herzegovina",NA,NA,NA,NA,NA,NA,NA,NA,NA,NA,NA,NA,NA,NA,NA,NA,NA,NA
72,"BWA","Botswana",NA,NA,NA,NA,NA,NA,NA,NA,NA,NA,NA,NA,NA,NA,NA,NA,NA,NA
76,"BRA","Brazil",4.77336067059406,4.82664243166741,4.83262082042959,4.84661955793258,4.9441210669887,4.9441210669887,4.96450739307805,4.96450739307805,4.96521818212549,4.96521818212549,4.97321307052143,4.97321307052143,4.97321307052143,4.97321307052143,4.97403145845723,4.97939680892355,4.97944059997446,4.97944059997446
92,"VGB","British Virgin Islands",0.0543768039189378,0.0543768039189378,0.0543768039189378,0.0543768039189378,0.0543768039189378,0.0543768039189378,0.0543768039189378,0.0543768039189378,0.0543768039189378,0.0543768039189378,0.0543768039189378,0.0543768039189378,0.0543768039189378,0.0543768039189378,0.0543768039189378,0.0543768039189378,0.0543768039189378,0.0543768039189378
96,"BRN","Brunei Darussalam",0.0386598428040826,0.0386598428040826,0.0386598428040826,0.0386598428040826,0.0386598428040826,0.0386598428040826,0.0386598428040826,0.0386598428040826,0.0386598428040826,0.0386598428040826,0.0386598428040826,0.0386598428040826,0.0386598428040826,0.0386598428040826,0.0386598428040826,0.0386598428040826,0.0386598428040826,0.0386598428040826
100,"BGR","Bulgaria",0.0116335637379414,0.0116335637379414,0.0274199127481544,0.0306027957485369,0.254208736682925,0.313980908159088,0.319358415062686,5.47663235012209,6.42326345813411,6.42326345813411,6.42326345813411,6.42326345813411,6.42326345813411,8.03686511842017,8.03686511842017,8.03686511842017,8.03686511842017,8.03686511842017
854,"BFA","Burkina Faso",NA,NA,NA,NA,NA,NA,NA,NA,NA,NA,NA,NA,NA,NA,NA,NA,NA,NA
108,"BDI","Burundi",NA,NA,NA,NA,NA,NA,NA,NA,NA,NA,NA,NA,NA,NA,NA,NA,NA,NA
116,"KHM","Cambodia",0.129356177089928,0.129356177089928,0.129356177089928,0.129356177089928,0.129356177089928,0.129356177089928,0.129356177089928,0.129356177089928,0.129356177089928,0.129356177089928,0.129356177089928,0.129356177089928,0.129356177089928,0.129356177089928,0.129356177089928,0.129356177089928,0.129356177089928,0.129356177089928
120,"CMR","Cameroon",0,0,0,0,0,0,0,0,0,0,0,0,0,0,0,0,0,0
124,"CAN","Canada",0.403236883670429,0.432075126064146,0.432675621299782,0.432686368525161,0.486028090553194,0.527376791681311,0.551147276499741,0.556565843637681,0.578915270496302,0.725615927281361,0.726472298176557,0.881496045824269,0.882927385889365,0.882932938305064,0.888578224137174,0.888578225350093,0.888578225350093,0.888578225350093
132,"CPV","Cape Verde",0,0,0,0,0,0,0,0,0,0,0,0,0,0,0,0,0,0
136,"CYM","Cayman Islands",0.0679854749791826,0.0679854749791826,0.0679854749791826,0.0731798089786675,0.0781118205813594,0.0781118205813594,0.0781118205813594,0.0781118205813594,0.083099554389465,0.083099554389465,0.083099554389465,0.083099554389465,0.083099554389465,0.083099554389465,0.083099554389465,0.083099554389465,0.083099554389465,0.083099554389465
140,"CAF","Central African Republic",NA,NA,NA,NA,NA,NA,NA,NA,NA,NA,NA,NA,NA,NA,NA,NA,NA,NA
148,"TCD","Chad",NA,NA,NA,NA,NA,NA,NA,NA,NA,NA,NA,NA,NA,NA,NA,NA,NA,NA
152,"CHL","Chile",0.0104947555187589,0.01052260357065,0.01052260357065,0.01052260357065,0.0109166874629159,0.0283297389996778,0.826004299221442,0.827169507316083,0.827202193388703,0.827202193388703,0.827202193388703,4.96087477242962,4.96087477242962,4.96087477242962,4.96087477242962,4.96087477242962,4.96701898207451,13.2023784443622
156,"CHN","China",2.00792797244901,2.02067083979299,2.02067083979299,2.18265724918436,2.18265724918436,2.22009098777724,2.22009098777724,2.22009098777724,2.22009098777724,2.25350346813227,2.25350346813227,2.25350346813227,2.25350346813227,2.25350346813227,2.29659449260768,2.29659449260768,2.32401810484151,2.32401810484151
170,"COL","Colombia",1.6992441691842,1.74801375481841,1.74801375481841,1.74801375481841,1.74801375481841,1.75610521848541,1.75610521848541,1.75610521848541,1.75610521848541,1.75610521848541,1.75610521848541,1.8192007556415,1.8192007556415,1.8192007556415,2.0517365492627,2.06785115689593,2.06785115689593,2.06785115689593
174,"COM","Comoros",NA,NA,0.0227272027117471,0.0227272027117471,0.0227272027117471,0.0227272027117471,0.0227272027117471,0.0227272027117471,0.0227272027117471,0.0227272027117471,0.0227272027117471,0.0227272027117471,0.0227272027117471,0.0227272027117471,0.0227272027117471,0.0227272027117471,0.0227272027117471,0.0227272027117471
184,"COK","Cook Islands",0.000577512849190862,0.000760694641824991,0.000760694641824991,0.000760694641824991,0.000760694641824991,0.000760694641824991,0.000760694641824991,0.000760694641824991,0.000760694641824991,0.000760694641824991,0.000760694641824991,0.000760694641824991,0.000760694641824991,0.000760694641824991,0.000760694641824991,0.000760694641824991,0.000760694641824991,0.000760694641824991
188,"CRI","Costa Rica",0.702252877382101,0.702252877382101,0.702252877382101,0.702252877382101,0.702252877382101,0.702252877382101,0.702252877382101,0.702252877382101,0.702252877382101,0.702252877382101,0.702252877382101,0.702252877382101,0.702252877382101,0.702252877382101,0.702252877382101,0.702252877382101,0.702252877382101,0.702252877382101
384,"CIV","Cote d'Ivoire",0.0896017906066217,0.0896017906066217,0.0896017906066217,0.0896017906066217,0.0896017906066217,0.0896017906066217,0.165658041364646,0.165658041364646,0.165658041364646,0.165658041364646,0.165658041364646,0.165658041364646,0.165658041364646,0.165658041364646,0.165658041364646,0.165658041364646,0.165658041364646,0.165658041364646
191,"HRV","Croatia",0.849694902247438,0.849773585973809,0.849773585973809,0.849773585973809,0.849773585973809,0.849773585973809,0.849773585973809,1.10345771722102,1.10345771722102,1.10345771722102,1.10345771722102,1.10345771722102,1.10345771722102,1.10345771722102,8.76031211446872,8.76031211446872,8.77977358453517,8.77977358453517
192,"CUB","Cuba",0.179666077660422,1.24459641511986,1.73236049025907,2.26359138707123,2.26359138707123,2.26359138707123,2.26359138707123,2.26359138707123,2.26359138707123,2.42820842107514,2.42820842107514,3.20735749432868,3.20735749432868,4.53708383178466,4.53708383178466,4.53708383178466,4.53708383178466,4.53708383178466
531,"CUW","Curacao",0.0116549046224209,0.0116549046224209,0.0116549046224209,0.0116549046224209,0.0116549046224209,0.0116549046224209,0.0116549046224209,0.0116549046224209,0.0116549046224209,0.0116549046224209,0.0116549046224209,0.0116549046224209,0.0116549046224209,0.0116549046224209,0.0130323242230534,0.0130323242230534,0.0130323242230534,0.0130323242230534
196,"CYP","Cyprus",0.00926513723934795,0.0512496383761162,0.0512496383761162,0.0512496383761162,0.0512496383761162,0.0512496383761162,0.0512536010917476,0.0512536010917476,0.0512536010917476,0.130632304182078,0.130632304312824,0.130632304312824,0.130632304312824,0.130632304312824,0.130632304312824,0.130632304312824,0.130632304312824,0.130632304312824
203,"CZE","Czech Republic",NA,NA,NA,NA,NA,NA,NA,NA,NA,NA,NA,NA,NA,NA,NA,NA,NA,NA
180,"COD","Dem. Rep. Congo",0.477765100382051,0.477765100382051,0.477765100382051,0.477765100382051,0.477765100382051,0.477765100382051,0.477765100382051,0.477765100382051,0.477765100382051,0.477765100382051,0.477765100382051,0.477765100382051,0.477765100382051,0.477765100382051,0.477765100382051,0.477765100382051,0.477765100382051,0.477765100382051
208,"DNK","Denmark",15.6849626075956,15.6849626075956,15.6849626075956,16.2537823024323,16.2537823024323,16.2537823024323,16.2538612561308,16.253861256309,16.2621120574276,16.2621120574276,17.7135857877501,17.7137188660945,17.7137188660945,17.7137188660945,17.7137188660945,17.7137188660945,17.7139560102354,17.7139560102354
262,"DJI","Djibouti",NA,NA,NA,0.172354594124053,0.172354594124053,0.172354594124053,0.172354594124053,0.172354594124053,0.172354594124053,0.172354594124053,0.172354594124053,0.172354594124053,0.172354594124053,0.172354594124053,0.172354594124053,0.172354594124053,0.172354594124053,0.172354594124053
212,"DMA","Dominica",0.0372058977366262,0.0372058977366262,0.0372058977366262,0.0372058977366262,0.0372058977366262,0.0372058977366262,0.0372058977366262,0.0372058977366262,0.0372058977366262,0.0372058977366262,0.0372058977366262,0.0372058977366262,0.0372058977366262,0.0372058977366262,0.0372058977366262,0.0372058977366262,0.0372058977366262,0.0372058977366262
214,"DOM","Dominican Republic",0.514167271949259,6.7342789825216,6.7342789825216,6.90715133008108,6.90715133008108,6.90715133008108,6.90715133008108,6.90715133008108,6.90715133008108,6.90715133008108,6.90715133008108,6.90715133008108,6.90715133008108,6.90715133008108,6.90715133008108,6.90717042322248,6.90717042322248,6.90717042322248
218,"ECU","Ecuador",12.6979267071106,12.6993429401688,12.6993429401688,12.6993429401688,12.7228297537377,12.7228297537377,12.7228297537377,12.7228297537377,12.7228297537377,12.8285945122724,12.8285945122724,12.8285945122724,12.8308084191511,12.8427883649216,12.8427883649216,12.8427883649216,12.8427883649216,12.8427883649216
818,"EGY","Egypt",1.41825595865541,1.41825595865541,1.41825595865541,1.41825595865541,2.26108935704869,2.26108935704869,2.26108935704869,2.94612881012118,2.94612881012118,2.94612881012118,2.94612881012118,3.08237034107299,3.08237034107299,3.08237034107299,3.08237034107299,3.08237034107299,3.08237034107299,3.08237034107299
222,"SLV","El Salvador",NA,NA,NA,NA,NA,NA,0.305145571249419,0.305145571249419,0.543652647801919,0.543652647801919,0.543652647801919,0.543652647801919,0.711262236812163,0.711262236812163,0.711262236812163,0.711262236812163,0.711262236812163,0.711262236812163
226,"GNQ","Equatorial Guinea",NA,0.196237991585132,0.196237991585132,0.196237991585132,0.226260225635237,0.226260225635237,0.226260225635237,0.226260225635237,0.226260225635237,0.226260225635237,0.226260225635237,0.226260225635237,0.226260225635237,0.226260225635237,0.226260225635237,0.226260225635237,0.226260225635237,0.226260225635237
232,"ERI","Eritrea",0,0,0,0,0,0,0,0,0,0,0,0,0,0,0,0,0,0
233,"EST","Estonia",27.2176989902763,27.2176989902763,27.2177063521132,27.2177063521132,27.2177403731989,33.8784381162866,33.8869103476319,33.8870844835637,33.8948725284688,33.9083028899,33.9083748237785,34.3113023521215,34.4821114300634,34.482112425153,34.4821124260994,34.4821124259776,34.4821124254954,34.4821124254954
231,"ETH","Ethiopia",NA,NA,NA,NA,NA,NA,NA,NA,NA,NA,NA,NA,NA,NA,NA,NA,NA,NA
234,"FRO","Faeroe Islands",NA,NA,NA,NA,NA,NA,NA,NA,NA,NA,NA,NA,NA,0.0119842913833649,0.0119842913833649,0.0119842913833649,0.0119842913833649,0.0119842913833649
238,"FLK","Falkland Islands",0.000173927491906549,0.000173927491906549,0.00852924313705485,0.00852924313705485,0.00852924313705485,0.00852924313705485,0.00852924313705485,0.00852924313705485,0.00852924313705485,0.00852924313705485,0.00852924313705485,0.00852924313705485,0.00852924313705485,0.00852924313705485,0.00852924313705485,0.00852924313705485,0.00852924313705485,0.00852924313705485
242,"FJI","Fiji",0.032524300339386,0.0597156472210952,0.181977441285151,0.195068662749208,0.527858852563511,0.823658079313278,0.844331745215333,0.915827635727956,0.944686443357086,0.944686443357086,0.944686443357086,0.944686443357086,0.944686443357086,0.944686443357086,0.944686443357086,0.944686443357086,0.944686443357086,0.944686443357086
246,"FIN","Finland",33.5480445430171,33.5594013086484,33.562646131792,33.5636460939348,33.5658257187974,33.5710467774559,33.6449746769596,33.6511002983031,33.652932430994,33.6552430539819,33.8889974617039,33.8906882803678,34.6490742624932,34.6554198212124,34.6566199691119,34.6585460963133,34.6712726066184,34.6712726066184
250,"FRA","France",4.87412036078722,4.87483448895192,4.8806154375188,4.8806154375188,5.30781866264036,6.63693875520685,6.70256695321621,10.5479151553151,11.4645451317162,12.6970879566635,12.6970879566635,12.6970879566635,13.4264414753078,14.1974352020733,14.1974352020733,14.2600242288544,14.2680887322698,14.2680887322698
254,"GUF","French Guiana",0.507762488021323,0.507762488021323,0.507762488021323,0.507762488021323,0.507762488021323,0.507762488021323,0.507762488021323,0.507762488021323,0.507762488021323,0.536603244966392,0.536603244966392,0.536603244966392,0.536603244966392,0.536603244966392,0.536603244966392,0.536603244966392,0.536603244966392,0.536603244966392
258,"PYF","French Polynesia",0.00224257785824325,0.00224257785824325,0.00224257785824325,0.00224257785824325,0.00224257785824325,0.00224257785824325,0.00224257785824325,0.00224257785824325,0.00224257785824325,0.00224257785824325,0.00224257785824325,0.00224257785824325,0.00224257785824325,0.00224257785824325,0.00224257785824325,0.00224257785824325,0.00224257785824325,0.00224257785824325
266,"GAB","Gabon",NA,NA,NA,0.118891754708069,0.63114000405695,0.63114000405695,0.63114000405695,0.63114000405695,0.787931027431926,0.787931027431926,0.787931027431926,0.787931027431926,0.787931027431926,0.787931027431926,0.787931027431926,0.787931027431926,0.787931027431926,0.787931027431926
270,"GMB","Gambia",NA,NA,NA,NA,0.0420186900869801,0.0420186900869801,0.0420186900869801,0.0420186900869801,0.0420186900869801,0.0420186900869801,0.0420186900869801,0.0420186900869801,0.0420186900869801,0.0420186900869801,0.0420186900869801,0.0420186900869801,0.0420186900869801,0.0420186900869801
268,"GEO","Georgia",0.749489059857301,0.749489059857301,0.749489059857301,0.749489059857301,0.749489059857301,0.749489059857301,0.749489059857301,0.749489059857301,0.749489059857301,0.749489059857301,0.749489059857301,0.749489059857301,0.749489059857301,0.749489059857301,0.749489059857301,0.749489059857301,0.749489059857301,0.749489059857301
276,"DEU","Germany",18.1575623171228,21.0665326825958,21.0674968974046,21.0674968974046,21.5862422565588,41.6173279309942,41.6403013382318,41.8906014104552,43.7437793421875,44.9783162504253,44.979179629403,44.9798660745606,44.9798661950298,44.9798661950298,44.9798661950298,44.9798661070024,44.9798661070024,44.9798661070024
288,"GHA","Ghana",0.113615411301892,0.113615411301892,0.113615411301892,0.113615411301892,0.113615411301892,0.113615411301892,0.113615411301892,0.113615411301892,0.113615411301892,0.113615411301892,0.113615411301892,0.113615411301892,0.113615411301892,0.113615411301892,0.113615411301892,0.113615411301892,0.113615411301892,0.113615411301892
292,"GIB","Gibraltar",NA,NA,NA,NA,NA,14.0740758510642,14.0740758510642,14.0740758510642,14.0740758510642,14.0740758510642,14.0740758510642,14.0740758510642,14.0740758510642,14.0740758510642,14.0740758510642,14.0740758510642,14.0740758510642,14.0740758510642
300,"GRC","Greece",1.23882499157245,1.23946621196577,1.27332187786775,1.32883618688214,1.32883949519713,1.32883949519713,1.32883949519713,1.3314087611516,1.33140876127721,1.40494435375069,1.46618854837698,1.49162233040785,1.49162233040785,1.49162233040785,1.49162233040785,1.49162233040785,1.49162233040785,1.49162233040785
304,"GRL","Greenland",4.23396145140447,4.23396145140447,4.23396145140447,4.23396145140447,4.25072575949682,4.25072575949682,4.25072575949682,4.25072575949682,4.25072575949682,4.25072575949682,4.25072575949682,4.25072575949682,4.25718296964331,4.25718296964331,4.25718296964331,4.25718296964331,4.25718296964331,4.25718296964331
308,"GRD","Grenada",0.0158466970506193,0.0158466970506193,0.0158466970506193,0.0158466970506193,0.0158466970506193,0.0158466970506193,0.0158466970506193,0.0158466970506193,0.0158466970506193,0.0158466970506193,0.0391129843879733,0.0391129843879733,0.0391129843879733,0.0495472449416326,0.0495472449416326,0.0495472449416326,0.0495472449416326,0.0495472449416326
312,"GLP","Guadeloupe",1.60018830807469,1.60018830807469,1.60018830807469,1.60018830807469,1.60018830807469,1.60018830807469,1.60018830807469,1.60018830807469,1.60018830807469,1.60018830807469,1.60018830807469,1.60029745045932,1.60029745045932,1.60032788338868,1.60032788338868,1.60032788338868,1.60032788338868,1.60032788338868
316,"GUM","Guam",0.0084752525902303,0.0084752525902303,0.0084752525902303,0.0084752525902303,0.0084752525902303,0.0084752525902303,0.0084752525902303,0.0084752525902303,0.0084752525902303,0.0084752525902303,0.0084752525902303,0.0084752525902303,0.0084752525902303,0.0084752525902303,0.0084752525902303,0.0084752525902303,0.0084752525902303,0.0084752525902303
320,"GTM","Guatemala",0.0160992051143423,0.84244971730509,0.843317487328955,0.843317487328955,0.843317487328955,0.843317487328955,0.855902991409259,0.855902991409259,0.855902991409259,0.855902991409259,0.855902991409259,0.855902991409259,0.855902991409259,0.855902991409259,0.855902991409259,0.855902991409259,0.855902991409259,0.855902991409259
324,"GIN","Guinea",0.571185745640601,0.571185745640601,0.571185745640601,0.571185745640601,0.571185745640601,0.571185745640601,0.571185745640601,0.571185745640601,0.571185745640601,0.571185745640601,0.571185745640601,0.571185745640601,0.571185745640601,0.571185745640601,0.571185745640601,0.571185745640601,0.571185745640601,0.571185745640601
624,"GNB","Guinea-Bissau",8.59204532873633,8.75662817024055,8.75662817024055,8.75662817024055,8.75662817024055,8.75662817024055,8.75662817024055,8.75662817024055,8.75662817024055,8.75662817024055,8.75662817024055,8.75662817024055,8.75662817024055,8.75662817024055,8.75662817024055,8.75662817024055,8.76047023953334,8.76047023953334
328,"GUY","Guyana",NA,NA,NA,NA,NA,NA,NA,NA,NA,NA,NA,NA,0.00121878080128021,0.00121878080128021,0.00121878080128021,0.00121878080128021,0.00121878080128021,0.00121878080128021
332,"HTI","Haiti",0,0,0,0,0,0,0,0,0,0,0,0,0,0,0,0,0,0
336,"VAT","Holy See",NA,NA,NA,NA,NA,NA,NA,NA,NA,NA,NA,NA,NA,NA,NA,NA,NA,NA
340,"HND","Honduras",0.718225569471222,0.782935045394901,0.782935045394901,0.782935045394901,1.36455273289314,1.36455273289314,1.4056058223896,1.4056058223896,1.4056058223896,1.4056058223896,1.4056058223896,1.4056058223896,1.4056058223896,1.4056058223896,4.4890121173569,4.4890121173569,4.4890121173569,4.4890121173569
344,"HKG","Hong Kong",NA,NA,NA,NA,NA,NA,NA,NA,NA,NA,NA,NA,NA,NA,NA,NA,NA,NA
348,"HUN","Hungary",NA,NA,NA,NA,NA,NA,NA,NA,NA,NA,NA,NA,NA,NA,NA,NA,NA,NA
352,"ISL","Iceland",0.339656200050229,0.339659064076033,0.339673938452027,0.341618660804584,0.341618660804584,0.341618660804584,0.341618660804584,0.349522217978275,0.349646943028885,0.359290128401255,0.3598542270463,0.3598542270463,0.3598542270463,0.361643995191306,0.361643995191306,0.361643995191306,0.361643995191306,0.361643995191306
356,"IND","India",0.146765114989591,0.146765114989591,0.559980127541486,0.587794318614547,0.587794318614547,0.587794318614547,0.587794318614547,0.587794318614547,0.587794318614547,0.587794318614547,0.587794318614547,0.587794318614547,0.587794318614547,0.587794318614547,0.587794318614547,0.587794318614547,0.587794318614547,0.587794318614547
360,"IDN","Indonesia",0.31422880242321,0.321882352240378,0.436542126857841,0.998542236992748,1.033309359154,1.13641562087545,1.19268620532607,1.27958876900261,1.61367359372344,1.72652055372554,2.41114430210967,2.45331794090369,2.71261053086257,2.76894092339883,2.88596483584485,2.88596483584485,2.88596483584485,2.88596483584485
364,"IRN","Iran",0.798804681785487,0.798804681785487,0.854586587580999,0.854586587580999,0.856493136641791,0.856493136641791,0.856493136641791,0.856493136641791,0.856493136641791,0.856493136641791,0.856493136641791,0.856493136641791,0.856493136641791,0.856493136641791,0.856493136641791,0.856493136641791,0.856493136641791,0.856493136641791
368,"IRQ","Iraq",NA,NA,NA,NA,NA,NA,NA,NA,NA,NA,NA,NA,NA,NA,NA,NA,NA,NA
372,"IRL","Ireland",0.548574408127866,0.552119201419622,0.920607516563844,0.920627600148071,0.92117382438004,0.924667770033803,0.925057645759846,1.52140232462401,1.52426754598776,1.5246675620034,1.52602767188084,1.5465013395586,2.17632161496545,2.32754330224567,2.32754330223692,2.32754330223692,2.33451238599319,2.33451238599319
833,"IMN","Isle of Man",NA,NA,NA,NA,NA,NA,NA,NA,NA,NA,NA,NA,NA,NA,NA,NA,NA,NA
376,"ISR","Israel",0.0221391320941598,0.0221391320941598,0.0221391320941598,0.0221391320941598,0.0250003752124897,0.0250003752124897,0.0272754735117764,0.0272754735117764,0.0272754735117764,0.0341243899045069,0.0341243899045069,0.0341243899045069,0.0341243899045069,0.0341243899045069,0.0341243899045069,0.0341243899045069,0.0341243899045069,0.0341243899045069
380,"ITA","Italy",1.06971232253602,1.06972613022147,5.39835631352009,5.40881152902163,5.47226616685668,5.47671229718679,5.57455023376272,5.57520930891611,5.58821928594281,5.58821929697826,5.61346053857796,5.61968433236953,5.62081578734408,5.62081609763588,5.62449154279206,5.62449154279206,5.62449154279206,5.62449154279206
388,"JAM","Jamaica",0.669955946195615,0.669955946195615,0.669955946195615,0.669955946195615,0.669955946195615,0.669955946195615,0.675196633666632,0.675196633666632,0.675196633666632,0.675196633666632,0.681978917143812,0.68227696358055,0.68227696358055,0.68227696358055,0.68227696358055,0.68227696358055,0.68227696358055,0.68227696358055
392,"JPN","Japan",6.40072925766554,6.40072925766524,6.40088256386426,6.40465426861379,6.60262007649857,6.64605686585621,6.64852855441539,6.64852877589175,6.65005013185313,6.65051442305655,6.65059469081779,6.65063189263571,6.65063189264036,6.65710823260779,7.19204321924974,7.21108348184076,7.21108348184064,7.21108348184064
400,"JOR","Jordan",31.7612621627481,31.7612621627481,31.7612621627481,31.7612621627481,31.7612621627481,31.7612621627481,31.7612621627481,31.7612621627481,31.7612621627481,31.7612621627481,31.7612621627481,31.7612621627481,31.7612621627481,31.7612621627481,31.7612621627481,31.7612621627481,31.7612621627481,31.7612621627481
398,"KAZ","Kazakhstan",0.884389811486035,0.884389811486035,0.884389811486035,0.884389811486035,0.884389811486035,0.884389811486035,0.884389811486035,0.884389811486035,0.884389811486035,0.884389811486035,0.884389811486035,0.884389811486035,0.884389811486035,0.884389811486035,0.884389811486035,0.884389811486035,0.884389811486035,0.884389811486035
404,"KEN","Kenya",0.726022614809066,0.726022614809066,0.726022614809066,0.726022614809066,0.726022614809066,0.728001257766835,0.728136204499683,0.728136204499683,0.728136204499683,0.728136204499683,0.729830900971424,0.729830900971424,0.733528159767246,0.796419167019089,0.796419167019089,0.796419167019089,0.796419167019089,0.796419167019089
296,"KIR","Kiribati",0.0180214502500876,0.0180214502500876,0.0180214502500876,0.0180214502500876,0.0180214502500876,0.0180214502500876,0.0180214502500876,11.2766057128511,11.2766057128511,11.2766057128511,11.2766057128511,11.2766057128511,11.2766057128511,11.2766057128511,11.2766057128511,11.2766057128511,11.2766057128511,11.2766057128511
689,"XKX","Kosovo",NA,NA,NA,NA,NA,NA,NA,NA,NA,NA,NA,NA,NA,NA,NA,NA,NA,NA
414,"KWT","Kuwait",0.118841475982197,0.118841475982197,0.118841475982197,0.118841475982197,0.118841475982197,0.118841475982197,0.118841475982197,0.118841475982197,0.118841475982197,0.118841475982197,0.118841475982197,1.12775724604351,1.12775724604351,1.12775724604351,1.12775724604351,1.12775724604351,1.12775724604351,1.12775724604351
417,"KGZ","Kyrgyzstan",NA,NA,NA,NA,NA,NA,NA,NA,NA,NA,NA,NA,NA,NA,NA,NA,NA,NA
418,"LAO","Laos",NA,NA,NA,NA,NA,NA,NA,NA,NA,NA,NA,NA,NA,NA,NA,NA,NA,NA
428,"LVA","Latvia",0.9402875126123,0.9402875126123,0.9402875126123,2.40715845832463,2.40715845832463,2.4167905340605,2.4167905340605,2.4167905340605,2.4167905340605,2.4167905340605,2.4167905340605,16.3333291145008,16.3333290478738,16.3333290478738,16.3370514523827,16.3370514523827,16.3370514523827,16.3370514523827
422,"LBN","Lebanon",0.000333605937168044,0.000333605937168044,0.000333605937168044,0.000333605937168044,0.000333605937168044,0.000333605937168044,0.000333605937168044,0.000333605937168044,0.000333605937168044,0.000333605937168044,0.000333605937168044,0.000333605937168044,0.000333605937168044,0.000333605937168044,0.000333605937168044,0.000333605937168044,0.000333605937168044,0.000333605937168044
426,"LSO","Lesotho",NA,NA,NA,NA,NA,NA,NA,NA,NA,NA,NA,NA,NA,NA,NA,NA,NA,NA
430,"LBR","Liberia",NA,NA,NA,NA,0.0812352825599664,0.0812352825599664,0.0812352825599664,0.106347617724753,0.106347617724753,0.106347617724753,0.106347617724753,0.106347617724753,0.106347617724753,0.106347617724753,0.106347617724753,0.106347617724753,0.106347617724753,0.106347617724753
434,"LBY","Libya",0.00271228303169015,0.00271228303169015,0.00271228303169015,0.00271228303169015,0.00271228303169015,0.00271228303169015,0.00271228303169015,0.00271228303169015,0.00271228303169015,0.00271228303169015,0.00271228303169015,0.00271228303169015,0.00271228303169015,0.00271228303169015,0.00271228303169015,0.00271228303169015,0.00271228303169015,0.00271228303169015
438,"LIE","Liechtenstein",NA,NA,NA,NA,NA,NA,NA,NA,NA,NA,NA,NA,NA,NA,NA,NA,NA,NA
440,"LTU","Lithuania",3.51863972713029,3.51863972713029,3.51863972713029,3.51863972713029,3.51863972713029,7.86182763261932,9.94415394458103,9.94415394458103,9.94415394458103,9.94415394458103,9.98579905323547,9.98579905323547,9.98579905323547,9.98579905323547,14.6418564893553,14.6418564893553,19.2606126073462,19.2606126073462
442,"LUX","Luxembourg",NA,NA,NA,NA,NA,NA,NA,NA,NA,NA,NA,NA,NA,NA,NA,NA,NA,NA
446,"MAC","Macao",NA,NA,NA,NA,NA,NA,NA,NA,NA,NA,NA,NA,NA,NA,NA,NA,NA,NA
807,"MKD","Macedonia",NA,NA,NA,NA,NA,NA,NA,NA,NA,NA,NA,NA,NA,NA,NA,NA,NA,NA
450,"MDG","Madagascar",0.0128085193368557,0.0128085193368557,0.124111854421946,0.124111854421946,0.124111854421946,0.124111854421946,0.124111854421946,0.214876111085769,0.214876111085769,0.265202829233191,0.30897835516366,0.336773983000622,0.46236299889895,0.462594151862361,0.462594151862361,0.462594151862361,0.462594151862361,0.462594151862361
454,"MWI","Malawi",NA,NA,NA,NA,NA,NA,NA,NA,NA,NA,NA,NA,NA,NA,NA,NA,NA,NA
458,"MYS","Malaysia",0.551004111561924,0.554742730654757,0.554742730654757,0.554742730654757,0.557879911430699,0.557879911430699,0.56172905597463,0.56172905597463,0.56172905597463,0.626522279975436,0.626522279975436,0.626522279975436,0.626522279975436,0.626522279975436,0.626522279975436,0.626522279975436,0.626522279975436,0.626522279975436
462,"MDV","Maldives",0.0286145037818418,0.0286145037818418,0.0286145037818418,0.0286145037818418,0.0286145037818418,0.0293247264414068,0.0293247264414068,0.0313164023551581,0.0313164023551581,0.0313164023551581,0.0398385387426216,0.0398385387426216,0.0517094817750366,0.0518849626358729,0.0518849626358729,0.0518849626358729,0.0518849626358729,0.0518849626358729
466,"MLI","Mali",NA,NA,NA,NA,NA,NA,NA,NA,NA,NA,NA,NA,NA,NA,NA,NA,NA,NA
470,"MLT","Malta",0.0245585193481865,0.0245585193481865,0.0245585193481865,0.0245585193481865,0.0245585193481865,0.0246001584223124,0.0398269413489206,0.0399213602342142,0.0399213602342142,0.0399213602342142,0.0399213602342142,0.354988911182482,0.354988911182482,0.354988911182482,0.354988911182482,0.354988911182482,0.354988911182482,6.59208160314866
584,"MHL","Marshall Islands",0.00469535465698696,0.00469535465698696,0.00469535465698696,0.186861935790257,0.186861935790257,0.188814186105463,0.188814186105463,0.236220881522705,0.236220881522705,0.236220881522705,0.236220881522705,0.237044835179051,0.237044835179051,0.237120712745042,0.237151972288121,0.237151972288121,0.237151972288121,0.237151972288121
474,"MTQ","Martinique",NA,NA,NA,NA,NA,NA,NA,NA,NA,NA,NA,NA,NA,NA,NA,NA,NA,NA
478,"MRT","Mauritania",3.70501457524511,3.71137317820411,3.71137317820411,3.71137317820411,3.71137317820411,3.71137317820411,3.71137317820411,3.71137317820411,3.71137317820411,3.71137317820411,3.71137317820411,3.71137317820411,3.71137317820411,3.71137317820411,3.71137317820411,3.71137317820411,3.71137317820411,3.71137317820411
480,"MUS","Mauritius",6.53980677951375e-05,0.000679850527544901,0.000679850527544901,0.000679850527544901,0.000679850527544901,0.000679850527544901,0.000679850527544901,0.000679850527544901,0.000679850527544901,0.000679850527544901,0.000679850527544901,0.000679850527544901,0.000679850527544901,0.000679850527544901,0.000679850527544901,0.000679850527544901,0.000679850527544901,0.000679850527544901
175,"MYT","Mayotte",NA,NA,NA,NA,NA,NA,NA,NA,0.000392460434113447,0.000392460434113447,0.000392460434113447,99.0992765794927,99.0992765794927,99.0992765794927,99.0992765794927,99.0992765794927,99.0992765794927,99.0992765794927
484,"MEX","Mexico",0.792226860926769,1.18800775138164,1.18800775138164,1.1974219863808,1.24204100465087,1.68479202089617,1.85489167106562,1.87171350052145,2.00480897564482,2.04347694115738,2.16343989957355,2.16738731425625,2.16744640455863,2.17288972792935,2.17288972792935,2.17288972792935,2.17288972792935,22.2603214307131
583,"FSM","Micronesia",0.0139138695754054,0.0139138695754054,0.0139138695754054,0.0139138695754054,0.0139138695754054,0.0139138695754054,0.0139723169917392,0.0139723169917392,0.0140107413430976,0.0140107413430976,0.0140107413430976,0.0140107413430976,0.0140107413430976,0.0140107413430976,0.0140107413430976,0.0140107413430976,0.0140107413430976,0.0140107413430976
498,"MDA","Moldova",NA,NA,NA,NA,NA,NA,NA,NA,NA,NA,NA,NA,NA,NA,NA,NA,NA,NA
492,"MCO","Monaco",0.0603900121400439,0.0603900121400439,0.0603900121400439,0.0603900121400439,0.0603900121400439,0.0603900121400439,0.0603900121400439,0.0603900121400439,0.0603900121400439,0.0603900121400439,0.0603900121400439,0.0603900121400439,0.0603900121400439,0.0603900121400439,0.0603900121400439,0.0603900121400439,0.0603900121400439,0.0603900121400439
496,"MNG","Mongolia",NA,NA,NA,NA,NA,NA,NA,NA,NA,NA,NA,NA,NA,NA,NA,NA,NA,NA
499,"MNE","Montenegro",NA,NA,NA,NA,NA,NA,NA,NA,NA,NA,NA,NA,NA,NA,0.00621026430351558,0.00621026430351558,0.00621026430351558,0.00621026430351558
500,"MSR","Montserrat",NA,NA,NA,NA,NA,NA,NA,NA,NA,NA,NA,NA,NA,NA,NA,NA,NA,NA
504,"MAR","Morocco",0.0551486161306602,0.0551486161306602,0.0551486161306602,0.0551486161306602,0.0581774146700085,0.125118009786153,0.138829310320663,0.177133440742857,0.177133440742857,0.177133440742857,0.177133440742857,0.177133440742857,0.177133440742857,0.177990883361301,0.177990883361301,0.177990883361301,0.177990883361301,0.177990883361301
508,"MOZ","Mozambique",0.222044780966283,0.222044780966283,0.222044780966283,0.253082075388143,0.253082075388143,0.317813656656295,0.317813656656295,0.317813656656295,0.317813656656295,0.317813656656295,0.317813656656295,0.317813656656295,0.317813656656295,2.2538504481924,2.2538504481924,2.2538504481924,2.2538504481924,2.2538504481924
104,"MMR","Myanmar",0.0506479994088448,0.0506479994088448,0.0506479994088448,0.0506479994088448,0.0506479994088448,0.0506479994088448,0.0506479994088448,0.0506479994088448,0.0506479994088448,0.0506479994088448,0.0506479994088448,0.0506479994088448,0.0506479994088448,0.0506479994088448,0.0506479994088448,0.0506479994088448,0.0506479994088448,0.0506479994088448
516,"NAM","Namibia",0.00370155864976949,0.00370155864976949,0.00370155864976949,0.00370155864976949,0.00370155864976949,0.00370155864976949,0.00370155864976949,0.00370155864976949,0.00370155864976949,0.00370155864976949,1.68697123450385,1.68697123450385,1.68697123450385,1.68697123450385,1.68697123450385,1.68697123450385,1.68697123450385,1.68697123450385
520,"NRU","Nauru",NA,NA,NA,NA,NA,NA,NA,NA,NA,NA,NA,NA,NA,NA,NA,NA,NA,NA
524,"NPL","Nepal",NA,NA,NA,NA,NA,NA,NA,NA,NA,NA,NA,NA,NA,NA,NA,NA,NA,NA
528,"NLD","Netherlands",6.62764894743221,11.7129049261424,11.7129049261424,11.7129049261424,11.7129049261424,11.7129054383618,11.7129054383478,11.7129054383478,11.7129054387763,21.1109048754596,21.1455934600138,21.1455937240111,21.1455937240111,21.1455937240111,21.1455937240111,21.1455937240111,21.1455937240111,21.1455937240111
530,"ANT","Netherlands Antilles",NA,NA,NA,NA,NA,NA,NA,NA,NA,NA,NA,NA,NA,NA,NA,NA,NA,NA
540,"NCL","New Caledonia",0.0462128809960041,0.117233907333835,0.117233907333835,0.117233907333835,0.117233907333835,0.117233907333835,0.117233907333835,0.117233907333835,0.117233907333835,1.43575672817154,1.97173845575485,1.97173845575485,1.97173845575485,1.97173845575485,2.14391613713292,96.58448788611,96.58448788611,96.58448788611
554,"NZL","New Zealand",0.193439403098863,0.193439403098863,2.2426460578605,2.2426460578605,2.36442628395757,2.36468125232155,2.36710182427051,2.36790041792603,29.6464842332691,29.6469546502079,29.6469546502079,29.6469546502079,29.6470448373466,29.6470448373466,29.6470448373466,29.6578010428008,29.6578010428008,29.6578010428008
558,"NIC","Nicaragua",2.88757631682215,2.88757631682215,3.00039002479857,3.00039002479857,3.00039002479857,3.00039002479857,3.00039002479857,3.00039002479857,3.00039002479857,3.00039002479857,3.00039002479857,3.00039002479857,3.00039002479857,3.00039002479857,3.00039002479857,3.00039002479857,3.00039002479857,3.00039002479857
562,"NER","Niger",NA,NA,NA,NA,NA,NA,NA,NA,NA,NA,NA,NA,NA,NA,NA,NA,NA,NA
566,"NGA","Nigeria",0.0167196959049371,0.0167196959049371,0.0167196959049371,0.0167196959049371,0.0167196959049371,0.0167196959049371,0.0167196959049371,0.0167196959049371,0.0167196959049371,0.0167196959049371,0.0167196959049371,0.0167196959049371,0.0167196959049371,0.0167196959049371,0.0167196959049371,0.0167196959049371,0.0167196959049371,0.0167196959049371
570,"NIU","Niue",0.0100722810477174,0.0100722810477174,0.0100722810477174,0.0100722810477174,0.0100722810477174,0.0100722810477174,0.0100722810477174,0.0100722810477174,0.0100722810477174,0.0100722810477174,0.0100722810477174,0.0100722810477174,0.0100722810477174,0.0100722810477174,0.0100722810477174,0.0100722810477174,0.0100722810477174,0.0100722810477174
574,"NFK","Norfolk Island",1.21653397948341e-05,1.21653397948341e-05,1.21653397948341e-05,1.21653397948341e-05,1.21653397948341e-05,1.21653397948341e-05,1.21653397948341e-05,1.21653397948341e-05,1.21653397948341e-05,1.21653397948341e-05,1.21653397948341e-05,1.21653397948341e-05,1.21653397948341e-05,43.8765723450559,43.8765723450559,43.8765723450559,43.8765723450559,43.8765723450559
408,"PRK","North Korea",NA,NA,NA,NA,NA,NA,NA,NA,NA,NA,NA,NA,NA,NA,NA,NA,NA,NA
580,"MNP","Northern Mariana Islands",0.0016974234481807,0.00264261507020946,0.00281395597524003,0.00281395597524003,0.00281395597524003,0.00281395597524003,0.00281395597524003,0.00281395597524003,0.00281395597524003,0.00281395597524003,27.1552478576994,27.1552478576994,27.1552478576994,27.1552478576994,27.1552478576994,27.1552478576994,27.1552478576994,27.1552478576994
578,"NOR","Norway",0.208659994656925,0.212063590420816,0.212063590420816,0.299756033003123,0.306412556771453,0.337381985855025,0.557385818988739,0.558378301281783,0.558379481389805,0.558513342289124,0.613659507073382,0.625475475710457,0.625475475710457,0.680232223666884,0.722086782290663,0.722086782290663,0.72209082689111,0.72209082689111
512,"OMN","Oman",0.121791442357567,0.121791442357567,0.121791442357567,0.121791442357567,0.121791442357567,0.121791442357567,0.121791442357567,0.121791442357567,0.121791442357567,0.121791442357567,0.121791442357567,0.121791442357567,0.121791442357567,0.121791442357567,0.121791442357567,0.121791442357567,0.121791442357567,0.121791442357567
586,"PAK","Pakistan",0.251653078044004,0.251653078044004,0.458830035999998,0.890302948872878,0.890302948872878,0.890302948872878,0.890302948872878,0.890302948872878,0.890302948872878,0.890302948872878,0.890302948872878,0.890302948872878,0.890302948872878,0.890302948872878,0.890302948872878,0.890302948872878,0.890302948872878,0.890302948872878
585,"PLW","Palau",0.0445555832105195,0.0445555832105195,0.0445555832105195,0.0445555832105195,0.0445555832105195,0.0445555832105195,0.0477505626503114,0.0477505626503114,0.0477505626503114,0.0477505626503114,0.0477505626503114,0.0477505626503114,0.0477505626503114,0.0477505626503114,0.0477505626503114,0.0477505626503114,81.7746548943039,81.7746548943039
591,"PAN","Panama",1.08064728275421,1.08064728275421,1.08064728275421,1.08064728275421,1.16736371315763,1.16736371315763,1.16736371315763,1.16736371315763,1.16736371315763,1.16736371315763,1.16736371315763,1.17388527919293,1.17388527919293,1.17388527919293,1.17388527919293,1.17388527919293,1.17388527919293,1.17388527919293
598,"PNG","Papua New Guinea",0.180207896435372,0.180245271511246,0.180245271511246,0.180289786357212,0.180289786357212,0.180289786357212,0.180293968598026,0.180333691227047,0.180333691227047,0.180333691227047,0.180333691227047,0.180333691227047,0.180333691227047,0.180333691227047,0.180333691227047,0.180333691227047,0.180333691227047,0.180333691227047
600,"PRY","Paraguay",NA,NA,NA,NA,NA,NA,NA,NA,NA,NA,NA,NA,NA,NA,NA,NA,NA,NA
604,"PER","Peru",0.249788732376354,0.249788732376354,0.249788732376354,0.249788732376354,0.249788732376354,0.249788732376354,0.249788732376354,0.249788732376354,0.249788732376354,0.249903896064561,0.40702015933639,0.40702015933639,0.40702015933639,0.40702015933639,0.40702015933639,0.40702015933639,0.40702015933639,0.40702015933639
608,"PHL","Philippines",1.20486787311814,1.24468011609773,1.37478952228085,1.3756104676264,1.38418031091745,1.38421089967964,1.38500520486299,1.38558381020256,1.38561143902412,1.38566851308972,1.38566851308972,1.38602083244841,1.38602083244841,1.38774786059393,1.38774786059393,1.38774786059393,1.38774786059393,1.4327372007386
612,"PCN","Pitcairn",NA,NA,NA,NA,NA,NA,NA,NA,NA,NA,NA,NA,NA,NA,NA,NA,NA,100.434616070392
616,"POL","Poland",0.911614794807687,0.911614800400762,3.70021018244791,14.4547558480843,14.457862177554,15.8149671309915,18.0355933007855,24.1340232588121,24.1342576948536,24.1342576948536,24.1342842059277,24.1342842059277,24.1342842059277,24.1343041381556,24.1343041381556,24.1343041381556,24.1343041381556,24.1343041381556
620,"PRT","Portugal",0.306514397716556,0.307284155158868,0.307284155158868,0.307284155158868,0.307827156586199,0.308473973656792,0.308640834670291,0.374299333758582,0.60687692002587,0.61305770799908,0.61305770799908,0.61305770799908,0.942739043392134,0.942739043392134,0.942739043392134,0.942769160163669,2.51026816118905,2.51026816118905
630,"PRI","Puerto Rico",1.72632771145539,1.72975362559329,1.77961270806304,1.77961270806304,1.77961270806304,1.78004427063454,1.78004427063454,1.78004427063454,1.78004427063454,1.78004427063454,1.78004427063454,1.78004427063454,1.78004427063454,1.78004427063454,1.78004427063454,1.78004427063454,1.78004427063454,1.78004427063454
634,"QAT","Qatar",0.156315383070592,0.156315383070592,0.156315383070592,0.156315383070592,0.156315383070592,0.156315383070592,0.156315383070592,0.156315383070592,0.156315383070592,0.156315383070592,0.156315383070592,0.156315383070592,0.156315383070592,0.156315383070592,0.156315383070592,0.156315383070592,0.156315383070592,0.156315383070592
178,"COG","Republic of Congo",3.57602421696767,3.57602421696767,3.57602421696767,3.57602421696767,3.57602421696767,3.57602421696767,3.57602421696767,3.57602421696767,3.57602421696767,3.57602421696767,3.57602421696767,3.57602421696767,3.57602421696767,3.57602421696767,3.57602421696767,3.57602421696767,3.57602421696767,3.57602421696767
638,"REU","Reunion",NA,NA,NA,NA,NA,NA,NA,NA,0.00575703818704804,0.00575703818704804,0.00575703818704804,0.00575703818704804,0.00575703818704804,0.00575703818704804,0.00575703818704804,0.00575703818704804,0.00575703818704804,0.00575703818704804
642,"ROU","Romania",6.06172617455103,6.06172617455103,6.06172617455103,6.06172617455103,6.06172617455103,6.06172617455103,6.06172617455103,6.91221040491581,7.64244237797534,7.64244237797534,7.64244237797534,7.64244237797534,8.14697799246729,8.14697799246729,8.14697799246729,8.14697799246729,8.14697799246729,8.14697799246729
643,"RUS","Russia",2.88149837300168,2.88149837300168,2.88149837300168,2.89355672089781,2.90472673144289,2.90472673144289,2.90472673144289,2.90472673144289,2.90472673144289,2.90472673144289,2.90668692017352,2.90668692017352,2.90668692017352,2.90668692017352,2.90668692017352,2.90668692017352,2.90668692017352,2.90668692017352
646,"RWA","Rwanda",NA,NA,NA,NA,NA,NA,NA,NA,NA,NA,NA,NA,NA,NA,NA,NA,NA,NA
654,"SHN","Saint Helena",NA,NA,NA,NA,NA,NA,NA,NA,NA,NA,NA,NA,NA,NA,NA,NA,NA,NA
659,"KNA","Saint Kitts and Nevis",0.191820241253194,0.191820241253194,0.191820241253194,0.191820241253194,0.191820241253194,0.191820241253194,0.191820241253194,0.191820241253194,0.191820241253194,0.191820241253194,0.191820241253194,0.191820241253194,0.191820241253194,0.191820241253194,0.191820241253194,0.191820241253194,0.191820241253194,0.191820241253194
662,"LCA","Saint Lucia",0.171344960645753,0.171344960645753,0.171344960645753,0.176888588149657,0.176888588149657,0.176888588149657,0.176888588149657,0.176888588149657,0.245229829928058,0.245229829928058,0.245229829928058,0.245229829928058,0.245229829928058,0.245229829928058,0.245229829928058,0.245229829928058,0.245229829928058,0.245229829928058
666,"SPM","Saint Pierre and Miquelon",NA,NA,NA,NA,NA,NA,NA,NA,NA,NA,NA,NA,NA,NA,NA,NA,NA,NA
670,"VCT","Saint Vincent and the Grenadines",0.228250790487615,0.228250790487615,0.228250790487615,0.228250790487615,0.228250790487615,0.228250790487615,0.228250790487615,0.228250790487615,0.228250790487615,0.228250790487615,0.228250790487615,0.228250790487615,0.228250790487615,0.228250790487615,0.228250790487615,0.228250790487615,0.228250790487615,0.228250790487615
882,"WSM","Samoa",0.0878402659636243,0.0884985663618755,0.0886724225704438,0.0890078749586166,0.0894364406403833,0.0895866417432293,0.0899641502588469,0.0908582089243648,0.0919099991374397,0.0919099991374397,0.0919099991374397,0.0919099991374397,0.0919099991374397,0.0919099991374397,0.0919099991374397,0.0919099991374397,0.0919099991374397,0.0919099991374397
674,"SMR","San Marino",NA,NA,NA,NA,NA,NA,NA,NA,NA,NA,NA,NA,NA,NA,NA,NA,NA,NA
678,"STP","Sao Tome and Principe",NA,NA,NA,NA,NA,NA,NA,0.00390435201299867,0.00390435201299867,0.00390435201299867,0.00390435201299867,0.00390435201299867,0.00390435201299867,0.00390435193668306,0.00390435193668306,0.00390435193668306,0.00390435193668306,0.00390435193668306
682,"SAU","Saudi Arabia",1.1657758791728,1.1657758791728,1.1657758791728,1.1657758791728,1.1657758791728,1.1657758791728,1.1657758791728,1.1657758791728,1.1657758791728,1.1657758791728,1.1657758791728,1.1657758791728,1.1657758791728,1.1657758791728,1.1657758791728,1.1657758791728,1.1657758791728,1.1657758791728
686,"SEN","Senegal",0.532503274687471,0.532503274687471,0.532503274687471,0.532503274687471,0.532503274687471,0.909787393949735,0.909787393949735,0.909787393949735,0.909787393949735,0.909787393949735,0.909787393949735,0.909787393949735,0.909787393949735,0.909787393949735,0.909787393949735,0.909787393949735,0.909787393949735,0.909787393949735
688,"SRB","Serbia",NA,NA,NA,NA,NA,NA,NA,NA,NA,NA,NA,NA,NA,NA,NA,NA,NA,NA
690,"SYC","Seychelles",0.0194171598609321,0.0194171598609321,0.0194171598609321,0.0194171598609321,0.0194171598609321,0.0194332242747397,0.0194332242747397,0.0194332242747397,0.0194332242747397,0.0194332242747397,0.0194332242747397,0.0329242986120692,0.0329242986120692,0.0329242986120692,0.0329242986120692,0.0329242986120692,0.0329242986120692,0.0329242986120692
694,"SLE","Sierra Leone",0.39185920747038,0.39185920747038,0.39185920747038,0.39185920747038,0.39185920747038,0.39185920747038,0.39185920747038,0.39185920747038,0.39185920747038,0.39185920747038,0.39185920747038,0.39185920747038,0.39185920747038,0.550722984142451,0.550722984142451,0.550722984142451,0.550722984142451,0.550722984142451
702,"SGP","Singapore",0,0,0.000139336517673393,0.000139336517673393,0.000139336517673393,0.000139336517673393,0.000139336517673393,0.000139336517673393,0.000139336517673393,0.000139336517673393,0.000139336517673393,0.000139336517673393,0.000139336517673393,0.000139336517673393,0.000139336517673393,0.000139336517673393,0.000139336517673393,0.000139336517673393
534,"SXM","Sint Maarten",3.5972856276273,3.5972856276273,3.5972856276273,3.5972856276273,3.5972856276273,3.5972856276273,3.5972856276273,3.5972856276273,3.5972856276273,3.5972856276273,3.5972856276273,3.5972856276273,3.5972856276273,3.5972856276273,3.5972856276273,3.5972856276273,3.5972856276273,3.5972856276273
703,"SVK","Slovakia",NA,NA,NA,NA,NA,NA,NA,NA,NA,NA,NA,NA,NA,NA,NA,NA,NA,NA
705,"SVN","Slovenia",2.23779654466695,2.23779654466695,2.23779654466695,2.23779654466695,2.23779654466695,99.5471450279232,99.5471450279232,99.5471453384122,99.5471453384122,99.5471453384122,99.5471453384122,99.5471453384122,99.5471453384122,99.5471453384122,99.5510203623244,99.5510203623244,99.5510203623244,99.5510203623244
90,"SLB","Solomon Islands",0.0121248543771484,0.0121248543771484,0.0121248543771484,0.0132609305208273,0.0142322935096677,0.0149834358756765,0.0153080516091465,0.0156539811223941,0.0611514607293275,0.0695041471564868,0.0695041471564868,0.0695041471564868,0.0695041471564868,0.0695041471564868,0.0695041471564868,0.0695041471564868,0.0695041471564868,0.0695041471564868
706,"SOM","Somalia",0,0,0,0,0,0,0,0,0,0,0,0,0,0,0,0,0,0
710,"ZAF","South Africa",NA,0.124382742340893,0.131604073531009,0.131604073531009,0.131604073531009,0.285713573756111,0.285713573756111,0.285713573756111,0.285713573756111,0.287693316464827,0.287693316464827,0.287693316464827,0.303587829173364,0.303587829173364,11.2846609189772,11.2846609189772,11.2846609189772,11.2846609189772
410,"KOR","South Korea",0.762119429332909,1.09458076741108,1.09458076741108,1.097493920988,1.15167592807189,1.17048665961702,1.17051183483862,1.17176961765878,1.17270344788285,1.22546612828306,1.76158783540988,1.77349221184352,1.77351279322803,1.77369574303342,1.78307562166801,1.79201523374388,1.79201523374388,1.81810441239042
728,"SSD","South Sudan",NA,NA,NA,NA,NA,NA,NA,NA,NA,NA,NA,NA,NA,NA,NA,NA,NA,NA
724,"ESP","Spain",0.837599509920373,1.05166858353179,1.05580210289176,1.05711935847363,1.07839368306111,1.09851752214808,1.09852121604033,1.11227257474799,1.12729197319378,1.36505735387063,1.41084264990805,1.41084264990852,1.4108425736701,1.41084257506133,1.41084079440291,7.3177310038797,8.54157930269282,8.54157930269282
144,"LKA","Sri Lanka",0.0583342203021304,0.0583342203021304,0.0583390232501852,0.0587615321143876,0.059142895197292,0.059142895197292,0.0630414215921222,0.0630414215921222,0.0630414215921222,0.0630414215921222,0.0630414215921222,0.0775460004964364,0.0775460004964364,0.0775460004964364,0.0775460004964364,0.0775460004964364,0.0775460004964364,0.0775460004964364
275,"PSE","State of Palestine",NA,NA,NA,NA,NA,NA,NA,NA,NA,NA,NA,NA,NA,NA,NA,NA,NA,NA
729,"SDN","Sudan",0.0145948944215479,0.0145948944215479,0.0145948944215479,0.0145948944215479,0.0145948944215479,0.0145948944215479,0.0145948944215479,0.0145948944215479,0.0145948944215479,0.0145948944215479,10.7680264915467,10.7680264915467,10.7680264915467,10.7680264915467,10.7680264915467,10.7680264915467,10.7680264915467,10.7680264915467
740,"SUR","Suriname",1.57220866320831,1.57220866320831,1.57220866320831,1.57220866320831,1.57220866320831,1.57220866320831,1.57220866320831,1.57220866320831,1.57220866320831,1.57220866320831,1.57220866320831,1.57220866320831,1.57220866320831,1.57220866320831,1.57220866320831,1.57220866320831,1.57220866320831,1.57220866320831
744,"SJM","Svalbard and Jan Mayen Islands",6.46087503600236,6.46087503600236,6.46087503600236,6.71658005543517,7.10669718983871,7.10669718983871,7.14107254769599,7.14107254769599,7.14107254769599,7.14107254769599,7.14156554360653,7.61953080686515,7.61953080686515,7.62092906456175,7.62092906456175,7.62092906456175,7.62092906456175,7.62092906456175
748,"SWZ","Swaziland",NA,NA,NA,NA,NA,NA,NA,NA,NA,NA,NA,NA,NA,NA,NA,NA,NA,NA
752,"SWE","Sweden",4.12298811095023,4.74149711515763,4.84132175919312,5.48826189102865,5.49031120664752,5.49693243028922,5.59302291149628,5.62610245236786,5.92436191560832,7.33670507848508,7.3381196350807,7.3393163298808,7.45544441258333,8.2457673759473,8.33549842204624,8.34442968319781,8.34841598292858,8.34841598292858
756,"CHE","Switzerland",NA,NA,NA,NA,NA,NA,NA,NA,NA,NA,NA,NA,NA,NA,NA,NA,NA,NA
760,"SYR","Syria",0.238861567397548,0.238861567397548,0.238861567397548,0.238861567397548,0.238861567397548,0.238861567397548,0.238861567397548,0.238861567397548,0.238861567397548,0.238861567397548,0.238861567397548,0.238861567397548,0.238861567397548,0.238861567397548,0.238861567397548,0.238861567397548,0.238861567397548,0.238861567397548
158,"TWN","Taiwan",0.0403770956515444,0.0403770956515444,0.0436435374061212,0.0442005958277626,0.0442005958277626,0.0452874703305404,0.0452874703305404,0.0452883256556477,0.884158373331863,0.884158373331863,0.888375584917237,0.888375584917237,0.888375584917237,0.888586387299775,0.888586387299775,0.889331332101022,0.889331332101022,0.889331332101022
762,"TJK","Tajikistan",NA,NA,NA,NA,NA,NA,NA,NA,NA,NA,NA,NA,NA,NA,NA,NA,NA,NA
834,"TZA","Tanzania",0.330468598640364,0.848965927705187,0.848965927705187,0.848965927705187,0.848965927705187,2.17451844733033,2.17451844733033,2.17451844733033,2.17451844733033,2.17451844733033,2.17451844733033,2.17573138186636,2.17573138186636,2.17573138186636,2.17573138186636,2.17573138186636,2.17573138186636,2.17573138186636
764,"THA","Thailand",1.58526146535737,1.58526146535737,1.74448933059251,1.86305740787973,1.86305740787973,1.86305740787973,1.86305740787973,1.86305740787973,1.86305740787973,1.86305740787973,1.89730456743794,1.89730456743794,1.89730456743794,1.89730456743794,1.89730456743794,1.89730456743794,1.89730456743794,1.89730456743794
626,"TLS","Timor-Leste",NA,4.60770595721232e-05,4.60770595721232e-05,4.60770595721232e-05,4.60770595721232e-05,4.60770595721232e-05,4.60770595721232e-05,4.60770595721232e-05,0.000237874220063715,0.792241472457084,0.792241472457084,0.792241472457084,0.792241472457084,0.792241472457084,0.792241472457084,0.792241472457084,0.792241472457084,0.792241472457084
768,"TGO","Togo",0,0,0,0,0,0,0,0,0,0,0,0,0,0,0,0,0,0
772,"TKL","Tokelau",0.00162687587414857,0.00162687587414857,0.00162687587414857,0.00162687587414857,0.00162687587414857,0.00162687587414857,0.00162687587414857,0.00162687587414857,0.00162687587414857,0.00162687587414857,0.00162687587414857,0.00162687587414857,0.00162687587414857,0.00162687587414857,0.00162687587414857,0.00162687587414857,0.00162687587414857,0.00162687587414857
776,"TON","Tonga",1.50444982671443,1.50444982671443,1.50584197696051,1.50584197696051,1.50584197696051,1.50584197696051,1.50584197696051,1.50584197696051,1.50584197696051,1.50798232300945,1.50798232300945,1.50798232300945,1.50798232300945,1.50798232300945,1.50798232300945,1.50798232300945,1.50798232300945,1.50798232300945
780,"TTO","Trinidad and Tobago",0.0119437831102643,0.0119437831102643,0.0119437831102643,0.0119437831102643,0.0119437831102643,0.0119437831102643,0.0535126171902722,0.0535126171902722,0.0535126171902722,0.0535126171902722,0.0535126171902722,0.0535126171902722,0.0535126171902722,0.0535126171902722,0.0535126171902722,0.0535126171902722,0.0535126171902722,0.0535126171902722
788,"TUN","Tunisia",0.0530133176282327,0.0530133176282327,0.135485844413599,0.135485844413599,0.135485844413599,0.135485844413599,0.135485844413599,0.135485844413599,0.550152445945378,0.550152445945378,0.550152445945378,0.550152445945378,0.550152445945378,0.925639864269861,0.925653996528899,0.925653996528899,0.925653996528899,0.925653996528899
792,"TUR","Turkey",0.109269636868933,0.109269636868933,0.109269636868933,0.109269636868933,0.109269636868933,0.109269636868933,0.147428706099158,0.147428706099158,0.147428706099158,0.147428706099158,0.147428706099158,0.147428706099158,0.147428706099158,0.147428706099158,0.147428706099158,0.147428706099158,0.147428706099158,0.147428706099158
795,"TKM","Turkmenistan",3.65667623883264,3.65667623883264,3.65667623883264,3.65667623883264,3.65667623883264,3.65667623883264,3.65667623883264,3.65667623883264,3.65667623883264,3.65667623883264,3.65667623883264,3.65667623883264,3.65667623883264,3.65667623883264,3.65667623883264,3.65667623883264,3.65667623883264,3.65667623883264
796,"TCA","Turks and Caicos Islands",0.172550089945613,0.172550089945613,0.172550089945613,0.172550089945613,0.172550089945613,0.172550089945613,0.172550089945613,0.172550089945613,0.172550089945613,0.172550089945613,0.172550089945613,0.172550089945613,0.172550089945613,0.172550089945613,0.172550089945613,0.172550089945613,0.172550089945613,0.172550089945613
798,"TUV","Tuvalu",0.00766615644830125,0.00766615644830125,0.00766615644830125,0.00766615644830125,0.00766615644830125,0.00766615644830125,0.00766615644830125,0.00815607809977299,0.00815607809977299,0.00815607809977299,0.00815607809977299,0.00815607809977299,0.00815607809977299,0.00815607809977299,0.00815607809977299,0.00815607809977299,0.00815607809977299,0.00815607809977299
800,"UGA","Uganda",NA,NA,NA,NA,NA,NA,NA,NA,NA,NA,NA,NA,NA,NA,NA,NA,NA,NA
804,"UKR","Ukraine",3.29908079431168,3.29908079431168,3.29908079431168,3.29908079431168,3.29908079431168,3.30390778731614,3.30390778731614,3.30390778731614,3.30390778731614,3.30390778731614,3.30390778731614,3.30390778731614,3.30390778731614,3.30390778731614,3.30390778731614,3.30390778731614,3.30390778731614,3.30390778731614
784,"ARE","United Arab Emirates",0.0575587439907073,0.0575587439907073,0.0575587439907073,0.0575587439907073,0.0575587439907073,0.05924862812922,0.05924862812922,0.05924862812922,6.58911541707246,6.58911541707246,10.0783804816208,10.0783804816208,10.0783804816208,10.0783804816208,10.0953465393323,10.4767792135677,10.4767792135677,10.4767792135677
826,"GBR","United Kingdom",1.94042948096884,1.95349801479241,2.01952106744304,2.03844585569986,2.03995949137949,2.04032335633739,2.04247198780066,2.05869057995062,2.61487669848639,2.9936214941908,3.19457328722595,5.11532733656116,6.79364858684795,8.00580698940078,9.225217265015,17.1952977248183,17.1952978098706,18.566325229046
840,"USA","United States of America",14.3934093854024,15.3242173711287,15.3646857874693,24.3629682920897,24.3629700705148,24.3629852941708,24.3630026012337,37.8768275728861,37.8775950427359,40.8424595086591,40.8424595093606,40.84529509328,40.8459744228759,40.8541046643544,40.8541046643544,40.8541046643544,40.8541046643544,40.8544288368527
850,"VIR","United States Virgin Islands",0.284013175499126,0.284013175499126,0.409343695118472,0.409343695118472,0.799206949104621,0.799206949104621,0.799206949104621,0.799206949104621,0.799206949104621,0.799206949104621,0.799206949104621,0.799206949104621,0.819954681834604,0.819954681834604,0.819954681834604,0.819954681834604,0.819954681834604,0.819954681834604
858,"URY","Uruguay",0.825637908827139,0.825637908827139,0.825637908827139,0.825637908827139,0.825637908827139,0.825637908827139,0.825637908827139,0.830030008890014,0.830030008890014,0.830030008890014,0.872478949955675,1.04586324973285,1.04586324973285,1.04586324973285,1.04586324973285,1.04586324973285,1.04586324973285,1.04586324973285
860,"UZB","Uzbekistan",NA,NA,NA,NA,NA,NA,NA,NA,NA,NA,NA,NA,NA,NA,NA,NA,NA,NA
548,"VUT","Vanuatu",0.00766714590876106,0.00766714590876106,0.00845466003291179,0.00845466003291179,0.00845466003291179,0.00845466003291179,0.00845466003291179,0.00845466003291179,0.00845466003291179,0.00845466003291179,0.00845466003291179,0.00845466003291179,0.00845466003291179,0.00845466003291179,0.00845466003291179,0.00845466003291179,0.00845466003291179,0.00845466003291179
862,"VEN","Venezuela",2.16727171642578,2.16727171642578,2.16727171642578,2.16727171642578,2.16727171642578,2.16727171642578,2.16727171642578,2.16727171642578,2.16727171642578,2.16727171642578,2.16727171642578,2.16727171642578,2.16727171642578,2.16727171642578,2.16727171642578,2.16727171642578,2.16727171642578,2.16727171642578
704,"VNM","Viet Nam",0.0858273779833859,0.547668304126696,0.550497033457075,0.892816602863761,0.897835033461174,1.01151093394065,1.01151093394065,2.07939314655321,2.07939314655321,2.07939314655321,2.10115990491028,2.10115990491028,2.10115990491028,2.10115990491028,2.10136334464374,2.10137919865674,2.10137919865674,2.10137919865674
876,"WLF","Wallis and Futuna Islands",NA,NA,NA,NA,NA,NA,NA,NA,NA,NA,NA,NA,NA,NA,NA,NA,NA,NA
732,"ESH","Western Sahara",NA,NA,NA,NA,NA,NA,NA,NA,NA,NA,NA,NA,NA,NA,NA,NA,NA,NA
887,"YEM","Yemen",0.283482047894392,0.283482047894392,0.283482047894392,0.283482047894392,4.45284316142525,4.45284316142525,4.45284316142525,4.45284316142525,4.45284316142525,4.45284316142525,4.45284316142525,4.45284316142525,4.45284316142525,4.45284316142525,4.45284316142525,4.45284316142525,4.45284316142525,4.45284316142525
894,"ZMB","Zambia",NA,NA,NA,NA,NA,NA,NA,NA,NA,NA,NA,NA,NA,NA,NA,NA,NA,NA
716,"ZWE","Zimbabwe",NA,NA,NA,NA,NA,NA,NA,NA,NA,NA,NA,NA,NA,NA,NA,NA,NA,NA
