"code","iso","country","NOT.raw.1990","NOT.raw.1991","NOT.raw.1992","NOT.raw.1993","NOT.raw.1994","NOT.raw.1995","NOT.raw.1996","NOT.raw.1997","NOT.raw.1998","NOT.raw.1999","NOT.raw.2000","NOT.raw.2001","NOT.raw.2002","NOT.raw.2003","NOT.raw.2004","NOT.raw.2005","NOT.raw.2006","NOT.raw.2007","NOT.raw.2008","NOT.raw.2009","NOT.raw.2010","NOT.raw.2011","NOT.raw.2012","NOT.raw.2013","NOT.raw.2014"
4,"AFG","Afghanistan",2.98405482,3.082194099,3.041732978,3.089065857,2.920712637,3.047666116,3.286951591,3.611277766,3.921105241,4.210405616,3.667836791,3.250581129,3.782142967,3.984654206,3.900080344,4.070240082,4.048482656,3.87419993,4.131147704,4.506289578,4.983122652,5.085866393,6.257945533,5.523843873,5.488616613
8,"ALB","Albania",1.546325687,1.186905909,1.125686331,1.193632453,1.430897275,1.421489197,1.273992236,1.221150475,1.264146815,1.215455154,1.309237793,1.241072705,1.393124917,1.410795629,1.367753041,1.372843853,1.317691441,1.372470429,1.239300617,1.237556405,1.248336093,1.273346926,1.32184766,1.255560293,1.277737926
12,"DZA","Algeria",4.305164517,4.265071076,4.442005136,4.533009795,4.343227455,4.273348114,4.379632535,4.241579956,4.839407978,4.771925899,4.83490142,4.851690365,4.70336971,4.899748055,5.5750361,4.937111145,5.31191,5.442676656,5.040953011,5.706510667,5.936091623,6.056517209,6.584320096,6.383427783,8.01088077
16,"ASM","American Samoa",NA,NA,NA,NA,NA,NA,NA,NA,NA,NA,NA,NA,NA,NA,NA,NA,NA,NA,NA,NA,NA,NA,NA,NA,NA
20,"AND","Andorra",0.000835268,0.000868516,0.000901764,0.000935012,0.00096826,0.001001507,0.001015139,0.00102877,0.001042402,0.001056033,0.001069664,0.001100511,0.001131357,0.001162203,0.001193049,0.001223896,0.001250916,0.001277937,0.001304958,0.001331979,0.001359,0.001362392,0.001365785,0.001369177,0.00137257
24,"AGO","Angola",19.85373345,19.8942404,19.94487615,19.8936188,19.84574675,19.8461762,20.57253672,19.74334194,22.77737855,21.08113607,20.22110859,18.45339339,19.2381294,21.10540611,22.41765761,22.43835632,19.7970757,21.39147628,20.30837586,20.71442694,21.75082561,23.39719422,20.42206162,22.19375013,20.84442784
660,"AIA","Anguilla",NA,NA,NA,NA,NA,NA,NA,NA,NA,NA,NA,NA,NA,NA,NA,NA,NA,NA,NA,NA,NA,NA,NA,NA,NA
28,"ATG","Antigua and Barbuda",0.0131516,0.0132977,0.0134792,0.0138981,0.0144003,0.0149063,0.0152591,0.015688,0.0159636,0.0162719,0.0161585,0.01654966,0.01685022,0.01727498,0.01731284,0.0174337,0.017519566,0.017781532,0.017669897,0.017670863,0.012424028,0.012508881,0.012567833,0.012641586,0.012714138
32,"ARG","Argentina",37.8252129,37.50106192,38.37123114,37.89193976,39.09074628,38.8855876,39.63123538,39.50946106,39.04762324,40.16517072,41.5131042,43.69341914,42.50056407,47.03034291,46.14206194,45.10639858,47.15552338,49.30927779,48.56712059,42.2447598,43.8740028,44.27037446,43.35114372,45.74435918,46.64552363
51,"ARM","Armenia",0.763552615,0.717877318,0.753444844,0.668326416,0.596728788,0.58354196,0.587931104,0.566524848,0.550901992,0.526133036,0.52617598,0.53340778,0.62113238,0.60276758,0.65626988,0.63334798,0.658083941,0.653875402,0.651263364,0.644879425,0.620860886,0.631540521,0.672019456,0.765630591,0.760722526
533,"ABW","Aruba",NA,NA,NA,NA,NA,NA,NA,NA,NA,NA,NA,NA,NA,NA,NA,NA,NA,NA,NA,NA,NA,NA,NA,NA,NA
36,"AUS","Australia",80.47424908,79.80726047,78.75582716,78.26269605,78.20460444,78.08503733,74.05583089,74.05947084,78.0230484,96.47376056,103.1957172,104.0222339,99.05070973,67.68772384,82.76441935,64.55365046,83.21754732,75.22400847,61.46046853,66.18746349,54.74026235,103.7705213,104.223803,66.71333443,77.30479833
40,"AUT","Austria",5.20481967,5.151841319,5.065702268,5.040640617,4.992841966,4.988052814,5.062440039,5.064050964,5.086894589,5.080651814,5.034988239,4.903804959,5.066017478,5.722197697,4.325953516,4.203339136,4.165082617,4.088017199,4.19363648,4.141058261,4.244071443,4.285573787,4.204294932,4.189729276,4.24346732
31,"AZE","Azerbaijan",2.868119914,2.733233396,2.670897197,2.437401195,2.317401993,2.311302692,2.236228953,2.346144515,2.379603977,2.447183538,2.4660713,2.655771078,2.775372056,2.851631534,2.982311412,3.02641889,3.161442504,3.177671218,3.363066833,3.404254147,3.395425161,3.464021694,3.552554227,3.57998746,3.635181893
44,"BHS","Bahamas",0.044576772,0.044288923,0.045023075,0.044311327,0.043173278,0.04829173,0.051892588,0.048789746,0.059968004,0.053540262,0.05671922,0.034369488,0.030744455,0.019794023,0.07529769,0.051529958,0.038898378,0.037457298,0.084458918,0.042279638,0.028983657,0.085493245,0.035743032,0.073740419,0.034121706
48,"BHR","Bahrain",0.033749677,0.034006908,0.034781538,0.034414969,0.0345691,0.034244631,0.035863069,0.036757107,0.039769545,0.037520483,0.037640921,0.038579074,0.158057027,0.04329288,0.044142333,0.072896186,0.135383897,0.055106309,0.062544421,0.057366632,0.068555844,0.05673081,0.057918977,0.062676544,0.06079591
50,"BGD","Bangladesh",17.49224313,18.32102973,18.64328253,19.04731663,19.72834313,21.04195013,21.60037313,21.08296524,21.12362074,22.44210035,22.60570005,23.04822332,23.62644439,23.13031355,23.26838632,24.03482409,25.11469736,25.20903233,27.30852581,26.79801948,27.33812415,28.43766797,27.75213428,25.86390759,25.69619121
52,"BRB","Barbados",0.051827,0.0517092,0.0505438,0.0489457,0.0499707,0.0544054,0.055881012,0.054259924,0.052680537,0.051274249,0.049738361,0.046254049,0.036959138,0.037353826,0.052749815,0.042529303,0.041705189,0.041128075,0.043967161,0.037473147,0.038062533,0.040477166,0.042871099,0.043274231,0.038736764
112,"BLR","Belarus",13.86305114,13.03253127,12.79429062,12.41089307,11.84056762,11.72301757,11.72303454,11.74505921,11.63526058,11.55221405,11.37521552,11.35192272,11.37558842,11.29338861,11.53958141,11.9073697,12.39534905,12.24236349,12.80312113,13.02538178,12.84948292,13.389436,13.28032689,12.95564417,12.57342905
56,"BEL","Belgium",9.035423107,9.211224649,9.294484327,9.448609107,9.605596143,9.811784645,9.886653208,9.829148109,9.842224794,9.944784747,8.817926524,8.521827945,9.354048365,8.977699686,8.786392407,8.481447527,8.377062435,8.317278742,8.524426049,8.316370356,8.334830663,8.352815575,8.339324888,8.3323231,8.352518112
84,"BLZ","Belize",0.179541437,0.178908475,0.186866214,0.181459652,0.17881599,0.171652728,0.173030567,0.161383306,0.195848445,0.186683084,0.196809123,0.162475409,0.219465496,0.368114982,0.163749269,0.234606155,0.178439486,0.250210116,0.218846347,0.214917778,0.182227808,0.263493913,0.209129318,0.299359023,0.231097728
204,"BEN","Benin",2.128277514,2.147583378,2.171281241,2.191501605,2.292451169,2.238171232,2.329312304,2.394646876,2.705398149,2.596890121,2.661359593,2.384967462,2.906570732,2.536166002,2.430610771,3.025501641,2.610570006,2.693863772,2.595561537,2.609557803,2.593558368,2.597507412,2.542321256,2.6945751,2.731993744
60,"BMU","Bermuda",NA,NA,NA,NA,NA,NA,NA,NA,NA,NA,NA,NA,NA,NA,NA,NA,NA,NA,NA,NA,NA,NA,NA,NA,NA
64,"BTN","Bhutan",0.122553794,0.121151934,0.115156374,0.117018613,0.118167453,0.128175493,0.125554874,0.126393456,0.130423837,0.139290019,0.1185592,0.112166168,0.111244836,0.112758005,0.116912973,0.125328141,0.120069839,0.148647937,0.117972335,0.118502634,0.124720332,0.118317485,0.129220338,0.116768791,0.113612844
68,"BOL","Bolivia",6.717551776,6.853959098,6.968996819,7.10191094,7.268768662,7.412210283,7.49598817,7.826953657,8.167769543,9.93436033,7.105609217,6.010094024,7.025137331,7.248258138,12.31057374,10.25603845,8.607140346,9.72866384,8.385652334,7.627150428,15.95878582,10.4410077,9.615050879,9.251369957,9.050569735
70,"BIH","Bosnia and Herzegovina",1.305224916,1.205613024,0.994776464,0.961814822,0.904198779,0.841088537,0.957017265,1.256249493,1.637433422,1.87607305,2.122938779,1.969558681,1.929668483,1.891244185,2.038352187,1.962696689,1.922375953,1.892974317,1.778482181,2.076546545,2.012184408,2.151196275,2.131402041,2.094293308,2.196945575
72,"BWA","Botswana",5.949061561,5.779675681,5.6717585,5.58052082,5.760711739,6.108256359,7.656666267,7.693533776,7.476279284,6.954092393,6.438503502,6.277814918,7.894765335,3.596680552,3.195678269,3.929700485,4.947384784,4.330163583,7.322919382,3.449579481,8.309077279,10.33919089,4.686579801,5.009733811,3.769624222
76,"BRA","Brazil",114.4247096,118.0621843,120.5714875,122.8270783,126.6742966,128.7124587,123.6316723,128.1106873,136.7310471,135.6111087,130.989481,136.4077633,146.2193707,154.7466405,161.0793874,166.1452386,160.4479908,178.4440109,164.2876321,167.4127184,191.924527,184.1991346,191.1663441,182.5917981,187.8469755
92,"VGB","British Virgin Islands",NA,NA,NA,NA,NA,NA,NA,NA,NA,NA,NA,NA,NA,NA,NA,NA,NA,NA,NA,NA,NA,NA,NA,NA,NA
96,"BRN","Brunei Darussalam",0.082949786,0.08372147,0.086100353,0.077731437,0.07729202,0.077733404,0.069987231,0.084920757,0.270836384,0.082771511,0.090352637,0.093061407,0.095191576,0.103465846,0.105793015,0.110063184,0.103148484,0.109570483,0.108446482,0.123297381,0.12246318,0.109696328,0.119880175,0.125684123,0.13890877
100,"BGR","Bulgaria",8.339033574,7.678745127,5.90071038,5.184372133,5.119314086,4.340912839,4.275717872,4.228705205,3.890334738,3.636148271,3.663666304,3.874210085,4.483256567,4.579935849,4.34915263,3.903493412,3.64894432,4.006381528,4.343413836,4.754472644,4.793321752,5.446436741,5.10300233,5.597930919,5.607050208
854,"BFA","Burkina Faso",5.237136478,5.441822716,5.592654453,5.74016779,5.915653627,6.099712665,6.316417995,6.625922725,6.944729054,7.079830984,6.988574014,6.733756961,7.259236708,8.396297355,8.378333802,8.819149049,8.44005302,8.57375089,8.681241561,8.799371031,9.193888702,9.145288131,8.950365859,9.456723588,9.482902517
108,"BDI","Burundi",1.13464367,1.144281072,1.163438374,1.153673176,1.105702778,1.12993348,1.127620149,1.145533919,1.124972788,1.144532958,1.156904527,1.192622302,1.167601676,1.185352651,1.224381125,1.2473427,1.280695509,1.297240018,1.390651127,1.421107337,1.507069346,1.581959302,1.651426659,1.724367916,1.773123072
116,"KHM","Cambodia",3.434505331,3.521587736,3.747559641,3.869435046,3.857695251,4.065477456,3.909144421,4.140526087,4.949946253,4.896739018,4.417406384,3.743732063,4.015117042,4.116011721,4.979374,4.39140588,4.596970695,5.17376031,4.735538425,4.59657624,4.930094256,5.362261373,5.052366591,5.033439808,5.275341926
120,"CMR","Cameroon",64.23475623,64.19667445,64.22572537,64.23744489,64.29391021,64.30935613,64.34648699,64.53741386,65.75327893,65.4429034,66.02772157,65.48554568,65.29585939,66.03623171,65.21723712,66.15801663,65.73570577,65.54825561,65.09688854,65.12928058,64.62139682,64.80205498,64.80509685,65.48970491,65.13713677
124,"CAN","Canada",54.6616492,55.51213767,56.34923955,57.35990372,57.8107033,59.62055037,58.11841802,54.32478166,59.5762279,53.45872574,49.07384528,48.19915092,55.71296056,55.31593169,54.75518173,55.85363396,54.48739026,55.57207496,55.14060167,49.42575307,58.08192917,57.53050203,57.7275915,66.56269096,63.41725223
132,"CPV","Cape Verde",0.056929559,0.063786227,0.084927295,0.085086864,0.068324832,0.0907846,0.060244616,0.071016933,0.082343449,0.087376365,0.082557882,0.086625185,0.085161288,0.085775391,0.090229494,0.094447598,0.100917205,0.107122213,0.114866421,0.118810229,0.123130637,0.068200319,0.069554701,0.071034783,0.071450265
136,"CYM","Cayman Islands",NA,NA,NA,NA,NA,NA,NA,NA,NA,NA,NA,NA,NA,NA,NA,NA,NA,NA,NA,NA,NA,NA,NA,NA,NA
140,"CAF","Central African Republic",23.70204626,24.14173913,24.47459801,24.80969628,25.16352806,25.53205153,26.22915703,27.54427992,29.84902202,28.57805021,30.09646921,28.25135198,27.52690816,31.47285253,29.5204993,31.33608618,31.46034494,32.20148551,33.36043837,30.87843524,32.606458,33.60372026,31.72639252,33.45721718,33.10631383
148,"TCD","Chad",7.638042859,7.728749542,7.812519025,7.856361908,7.930493991,8.063819574,8.396020309,8.747846244,9.723447679,10.16509871,10.39120985,8.732799582,9.566824014,9.885260247,9.556682879,10.04709871,9.694192421,9.91502703,9.718587639,8.750191048,9.030015058,9.707917112,9.565099866,9.407859621,8.734769975
152,"CHL","Chile",5.027913662,5.057530135,5.279232508,5.539798481,5.842520754,6.085275928,6.193294322,6.303870617,6.210048511,6.336440406,6.3044386,6.333331932,6.515700164,6.339531896,6.966154928,6.72606846,6.845693523,7.245893285,7.735368848,7.52038891,7.523096873,7.161569615,7.211102757,6.8571332,6.566844242
156,"CHN","China",302.2944859,307.3664765,312.8049646,301.3937609,314.6985685,352.1988015,369.0226935,356.5130549,355.8187741,368.5169676,358.1954351,365.4426876,365.8089073,370.4911575,384.7609825,393.8474776,402.5450822,409.4990877,416.6134144,422.9089381,430.7324028,426.7948989,431.7664751,433.8124029,438.1163851
170,"COL","Colombia",18.99533699,18.97671888,18.94509996,19.27309814,19.56086132,19.5380366,19.65211966,19.74484021,20.06685707,19.29964252,19.87540147,19.84355351,20.07386094,20.67053377,20.3959432,21.27010573,21.85879558,22.92411874,22.13819149,22.60634224,22.91506649,22.15246334,21.43802249,21.41698694,22.2148572
174,"COM","Comoros",0.042731607,0.042920667,0.043112626,0.043813186,0.044330746,0.045127705,0.045094936,0.045790868,0.050190999,0.05245723,0.047013161,0.047749847,0.048345134,0.04557002,0.044989106,0.048024792,0.046798218,0.046904844,0.04985267,0.047781496,0.048543722,0.049379307,0.049351692,0.051054377,0.049900462
184,"COK","Cook Islands",0.039455503,0.039419617,0.039551331,0.040086045,0.040417659,0.040559473,0.040006136,0.039166198,0.038381661,0.037591424,0.036728087,0.035480167,0.034415847,0.032448527,0.031430307,0.030382287,0.02959139,0.028624093,0.027865795,0.027019998,0.026097201,0.025431648,0.024785495,0.024107043,0.02343499
188,"CRI","Costa Rica",1.852919404,1.889137393,1.887897182,1.854784071,1.814305159,1.699046648,1.792581386,1.847942323,1.89870186,1.687377998,1.582322035,1.47816942,1.348054805,1.51419159,1.476315475,1.69281996,1.580393076,1.631467292,1.685063407,1.741019623,1.670644439,1.854727822,1.845175705,1.871033689,1.885930372
384,"CIV","Cote d'Ivoire",3.943642192,3.973191988,3.997608483,4.059209578,4.103060174,4.123378269,3.874111359,3.850983249,3.755446839,3.438460729,3.247957418,3.07860695,3.450134482,3.193265213,2.708908145,3.303277177,3.184301077,3.139370478,3.130513079,3.02214648,2.949706381,2.962167564,3.020896748,3.331182632,3.036815515
191,"HRV","Croatia",2.671312396,2.490425443,2.726073948,2.429430984,2.38814812,2.328899556,2.352674674,2.705355292,2.366631109,2.368208527,2.483158245,2.410145229,2.620996213,2.524827497,2.735242381,2.564826265,2.999080029,3.082535394,3.406013859,2.282524223,2.376967388,2.528780175,2.426543263,2.32625665,2.290204637
192,"CUB","Cuba",6.800862285,6.315572162,5.87706844,5.074153718,4.591174396,4.304920673,4.283123147,4.41317312,4.318744594,4.107107467,4.088065941,4.177150103,3.862607865,3.622376827,3.65955889,3.459809952,3.62583939,3.697722027,3.755880465,3.659356903,3.702846641,3.924449411,3.871250182,3.862709052,4.143202523
531,"CUW","Curacao",NA,NA,NA,NA,NA,NA,NA,NA,NA,NA,NA,NA,NA,NA,NA,NA,NA,NA,NA,NA,NA,NA,NA,NA,NA
196,"CYP","Cyprus",0.255950726,0.253189709,0.289602893,0.292496777,0.299720961,0.288967945,0.301384066,0.282556788,0.291860009,0.29691923,0.272214351,0.279691488,0.302431124,0.325940661,0.302723097,0.287579234,0.266433762,0.271060989,0.255261917,0.268782145,0.284662573,0.275672815,0.286856957,0.254752498,0.24353674
203,"CZE","Czech Republic",8.222351009,6.72247238,6.359821383,6.050254072,6.02237168,5.858205889,6.084200502,5.827863214,5.715398726,5.681624839,5.902107351,6.298675803,5.471530054,5.576481406,5.709581858,5.695009109,5.613724515,5.697380521,5.537075927,5.399549433,5.332428939,5.457005027,5.917634914,5.946526601,6.012084789
180,"COD","Dem. Rep. Congo",18.60694195,18.51734741,18.54960918,18.51415025,18.50133281,18.41532178,18.41365375,19.97268523,20.7505197,18.18733717,17.14778595,16.76577247,16.3389298,17.78478982,19.38783554,18.83146867,20.44353312,16.60386747,18.32094652,18.67694857,19.55091612,19.36455401,16.76550229,18.38132138,17.92414437
208,"DNK","Denmark",7.425198746,7.250409335,6.876860423,6.933718911,6.7764712,6.695535588,6.690435856,6.690622325,6.594859094,6.390124162,6.378197131,6.101223517,5.474286104,5.641584391,5.170099178,4.954426165,4.953649079,4.992609693,5.140868307,4.986179922,4.953227536,4.953879398,4.93673946,4.904408523,4.919861385
262,"DJI","Djibouti",0.203180323,0.204788406,0.205587988,0.209689871,0.216652153,0.232145136,0.242400411,0.244515786,0.249474362,0.259358437,0.259427113,0.258793201,0.258573389,0.259637978,0.261930466,0.262481555,0.259619424,0.259668993,0.260192462,0.260857331,0.2610041,0.260436553,0.262716307,0.26284596,0.263998813
212,"DMA","Dominica",0.028277522,0.029431568,0.027003613,0.027054658,0.025867304,0.021219049,0.020288219,0.020769588,0.020784658,0.020805528,0.020829497,0.020820774,0.015396051,0.015973227,0.016542804,0.01684308,0.015409244,0.018413508,0.015758572,0.015286236,0.0152307,0.015821035,0.015640371,0.016133007,0.015115842
214,"DOM","Dominican Republic",2.03357525,2.180181573,2.147536896,2.161390818,2.212037241,2.239541763,2.374091835,2.478979608,2.48317718,2.300048752,2.269614824,2.424766913,2.733352103,2.642720892,2.869843482,2.938637171,3.074471392,3.279642014,3.260544835,3.348273756,3.497643177,3.4720265,3.383899622,3.420352545,3.471634968
218,"ECU","Ecuador",3.778070468,3.95079013,4.073468791,4.212016753,4.321349114,4.407865776,4.620232594,4.886639813,4.844205531,4.503725049,4.354373967,5.50356913,4.785769493,4.687840155,4.869941118,4.67765848,4.881083026,4.586052872,4.991691617,5.037694263,5.388900308,5.561678044,5.442160979,5.306070615,5.39908695
818,"EGY","Egypt",13.61794607,13.85405821,13.54333705,14.08457169,12.82780553,14.32912477,14.21736736,13.59053436,13.97984705,13.77717205,14.17604884,14.55147095,14.75282475,18.33429746,17.08801306,17.90462957,15.27892188,15.99984249,19.1259667,16.40455671,17.72898782,17.61394813,17.36220563,17.77589924,17.48644505
222,"SLV","El Salvador",1.322370785,1.36882626,1.399081036,1.383296411,1.359563586,1.284197261,1.489179184,1.515327507,1.368086831,1.434863854,1.355342377,1.438018217,1.406243158,1.408608199,1.50203404,1.652299881,1.600386473,1.710270765,1.796540358,1.70036965,1.713019043,1.673336482,1.683519922,1.536432161,1.569313701
226,"GNQ","Equatorial Guinea",0.013381443,0.013608961,0.013847279,0.014086397,0.014276415,0.014496733,0.014781824,0.015094916,0.015402207,0.015742598,0.016056289,0.01632991,0.01648513,0.016678851,0.016879771,0.017088492,0.017320615,0.017562238,0.01882156,0.018018483,0.018401206,0.019710746,0.019067985,0.019423625,0.019654164
232,"ERI","Eritrea",3.274498085,3.277983373,3.314015686,3.024143795,2.982733834,3.002667773,3.037934198,3.112299522,3.082881247,3.007264571,2.959615595,2.848124406,2.778691517,2.789821528,2.758638038,2.770090449,2.720094765,2.749768481,2.662839997,2.591000912,2.543230028,2.578778287,2.596601346,2.616718905,2.632723764
233,"EST","Estonia",2.157313966,2.034139624,2.562371722,2.425213303,2.274430985,2.191837066,2.150238032,2.158050198,2.185380864,2.13887583,2.159027296,2.111432473,2.09100955,2.110223527,2.119896105,2.089103282,2.102421464,2.125572446,2.196657429,2.138052111,2.133939693,2.153312565,2.189326836,2.200187608,2.242092179
231,"ETH","Ethiopia",26.10149459,26.14890159,26.74864156,24.30050073,24.68849337,24.87905661,26.07298622,27.10184352,29.51215402,29.69566092,28.04455422,28.4151499,32.62093858,31.56759427,32.50787255,34.13400723,35.47812463,39.13992383,40.33852324,42.06466584,43.96640545,43.25504414,44.95945044,45.83996854,48.08330893
234,"FRO","Faeroe Islands",NA,NA,NA,NA,NA,NA,NA,NA,NA,NA,NA,NA,NA,NA,NA,NA,NA,NA,NA,NA,NA,NA,NA,NA,NA
238,"FLK","Falkland Islands",NA,NA,NA,NA,NA,NA,NA,NA,NA,NA,NA,NA,NA,NA,NA,NA,NA,NA,NA,NA,NA,NA,NA,NA,NA
242,"FJI","Fiji",0.350576341,0.34456297,0.342242598,0.367579127,0.384479756,0.407154284,0.404356898,0.410322811,0.399230824,0.371509838,0.348889651,0.368678028,0.383684305,0.336152283,0.37301596,0.359865337,0.345815848,0.34848826,0.365555271,0.346660083,0.338954594,0.343409081,0.347043667,0.347224254,0.345205141
246,"FIN","Finland",11.96792274,11.6646325,11.69591446,11.76448432,11.91191788,11.93396464,11.71175339,11.54953995,11.26058371,11.05896827,10.86559702,10.43640175,10.17678088,9.699961706,9.365853733,9.14474496,8.837905115,8.933578769,9.126566823,8.719198577,8.815519831,8.414319809,8.420349987,8.535173665,8.629100542
250,"FRA","France",64.5379682,65.68885389,63.14229058,63.24644527,64.25582046,65.39047795,64.27401542,61.59868709,58.78243446,56.48886632,52.08352819,51.60065386,50.04196452,49.31512679,48.99833715,47.08677232,46.41108663,47.02846495,45.19328606,43.28799678,43.28729359,42.2413258,42.8475126,42.80488211,46.05991661
254,"GUF","French Guiana",NA,NA,NA,NA,NA,NA,NA,NA,NA,NA,NA,NA,NA,NA,NA,NA,NA,NA,NA,NA,NA,NA,NA,NA,NA
258,"PYF","French Polynesia",NA,NA,NA,NA,NA,NA,NA,NA,NA,NA,NA,NA,NA,NA,NA,NA,NA,NA,NA,NA,NA,NA,NA,NA,NA
266,"GAB","Gabon",1.081662868,1.084285307,1.085471947,1.085755687,1.079249427,1.067408467,0.905038181,0.768056396,0.619134711,0.469338525,0.30274134,0.279394885,0.30383553,0.314252876,0.350749021,0.328112966,0.344258562,0.364239958,0.372290753,0.352869949,0.344757445,0.372043394,0.423378444,0.466336193,0.401039842
270,"GMB","Gambia",0.35877953,0.373346571,0.371531512,0.372723853,0.374145694,0.375869535,0.370457969,0.360905603,0.375502137,0.419701671,0.418958905,0.417551481,0.382100558,0.382499234,0.450651911,0.439187187,0.510978746,0.475143504,0.474626162,0.46394322,0.475522879,0.473430231,0.399983083,0.429147435,0.452923287
268,"GEO","Georgia",2.237431725,2.060817936,2.277163181,1.893284023,1.567714666,1.456394108,1.534165798,1.627141289,1.670717079,1.78336737,1.86432746,1.847133446,1.843927432,1.835978819,1.894562305,1.934882091,1.892505678,1.777006664,1.711459951,1.728702138,1.701843224,1.913167216,1.974768407,2.139435899,2.19138399
276,"DEU","Germany",73.2578795,72.10824254,70.26133339,69.82763064,71.26947788,71.73187093,67.48284242,63.6346248,59.81314719,56.24948498,50.79143567,50.65231866,50.13906406,49.93983966,50.06437226,49.86085835,48.66327543,50.24358731,49.72190919,50.15774997,51.45178805,48.57613713,47.13576871,45.99192209,45.41455467
288,"GHA","Ghana",4.033505115,4.124782314,4.099073714,4.133649213,4.144919312,4.165863111,4.095431837,4.269076662,5.098023387,4.310710213,4.991984738,4.999476405,4.588026471,5.084965038,4.163214304,5.666754271,5.461075837,4.946035702,5.045627168,4.776030033,4.834187899,5.379945762,5.162545826,5.692456389,5.543736652
292,"GIB","Gibraltar",NA,NA,NA,NA,NA,NA,NA,NA,NA,NA,NA,NA,NA,NA,NA,NA,NA,NA,NA,NA,NA,NA,NA,NA,NA
300,"GRC","Greece",8.275019942,8.183314466,7.94978869,7.456971715,7.551612339,7.294550363,7.452832571,7.236120779,7.208247887,7.084904795,7.101548903,6.871189968,6.810924134,6.8925505,6.542788965,6.336736931,6.071105902,5.936060373,6.059315744,5.584716215,5.918312486,6.570482769,5.936216051,6.358993233,6.476794416
304,"GRL","Greenland",NA,NA,NA,NA,NA,NA,NA,NA,NA,NA,NA,NA,NA,NA,NA,NA,NA,NA,NA,NA,NA,NA,NA,NA,NA
308,"GRD","Grenada",0.006773253,0.006655785,0.006667417,0.00664595,0.006798682,0.006886914,0.006720895,0.006607376,0.006530857,0.006750438,0.006229819,0.00630762,0.00654112,0.006654421,0.006630321,0.006600722,0.006934475,0.006990528,0.00717168,0.007276733,0.007049386,0.00708386,0.007114035,0.007100309,0.007131183
312,"GLP","Guadeloupe",NA,NA,NA,NA,NA,NA,NA,NA,NA,NA,NA,NA,NA,NA,NA,NA,NA,NA,NA,NA,NA,NA,NA,NA,NA
316,"GUM","Guam",NA,NA,NA,NA,NA,NA,NA,NA,NA,NA,NA,NA,NA,NA,NA,NA,NA,NA,NA,NA,NA,NA,NA,NA,NA
320,"GTM","Guatemala",2.765754262,2.921955618,3.039958373,3.171694028,3.163655983,3.205329438,3.212987475,3.225664113,3.71082125,3.421309187,3.740615624,3.34844405,3.310730876,4.408858202,3.757301527,4.746745153,3.942562287,4.237108021,3.871681955,4.427446689,4.352037023,4.616839932,4.652678241,4.78647015,4.544306259
324,"GIN","Guinea",2.400782474,2.479437299,2.553780023,2.646475948,2.759877572,2.867738097,2.863620595,2.925838294,3.461030592,3.14797299,3.304898789,3.338025731,3.973486973,3.640813415,3.706174257,3.948734099,4.098340088,3.904426677,4.524521465,4.395923554,4.335631643,4.255498143,4.799091643,4.776212443,4.608072043
624,"GNB","Guinea-Bissau",0.48768214,0.490924105,0.50133677,0.511547536,0.520199601,0.529201266,0.523590228,0.51932939,0.581650453,0.690036715,0.617104177,0.608278115,0.609966352,0.634896089,0.556000227,0.509384064,0.644180237,0.58251211,0.590781283,0.604247655,0.679713328,0.685466747,0.773491965,0.710790884,0.739799902
328,"GUY","Guyana",0.753065882,0.803793499,0.800080217,0.803482934,0.792310551,0.828512368,0.807809528,0.829138788,0.972801449,0.789612409,0.737417269,0.714944754,0.739186239,1.029038824,0.839758908,0.900414893,0.799155477,0.80755646,0.881317444,0.901541227,0.776089211,0.741656709,0.918207706,0.882678404,0.998172302
332,"HTI","Haiti",1.120285271,1.194126849,1.338124827,1.288593106,1.292852984,1.313582363,1.340144797,1.440368032,1.495376667,1.500271702,1.667630737,1.669296688,1.632907939,1.64672959,1.648046241,1.662850892,1.663897084,1.686318076,1.687628069,1.708970261,1.726092753,1.732360452,1.727776451,1.74571725,1.748104249
336,"VAT","Holy See",NA,NA,NA,NA,NA,NA,NA,NA,NA,NA,NA,NA,NA,NA,NA,NA,NA,NA,NA,NA,NA,NA,NA,NA,NA
340,"HND","Honduras",2.006609652,2.070291612,2.065671771,2.029107931,1.975480491,2.299604951,2.168452309,2.467924467,2.579441825,2.453759683,2.716712841,2.404095214,2.069825888,2.752608062,2.537540736,2.91330061,2.808309085,2.76899556,2.562987235,2.721604511,2.707986486,3.021870914,2.876553142,2.98041517,2.990951698
344,"HKG","Hong Kong",NA,NA,NA,NA,NA,NA,NA,NA,NA,NA,NA,NA,NA,NA,NA,NA,NA,NA,NA,NA,NA,NA,NA,NA,NA
348,"HUN","Hungary",10.06836612,9.187576227,7.406765034,7.244315041,6.987031848,6.471973355,7.082723037,7.13338592,7.104305302,7.381022185,7.411940167,7.827597248,7.509400229,7.328939311,7.876157292,7.572142973,7.300191031,6.892497389,6.870581448,5.995674106,5.541397464,5.807627695,5.637984227,6.066582158,6.024983689
352,"ISL","Iceland",0.257400593,0.254436894,0.244423394,0.252623794,0.250219294,0.240934494,0.25725697,0.264208745,0.27469472,0.284617396,0.280789571,0.255985283,0.268395994,0.264634305,0.261457417,0.264411628,0.28441321,0.293808093,0.304765575,0.256194358,0.25673434,0.262879512,0.265537584,0.254964657,0.275784029
356,"IND","India",152.8014773,157.2927111,161.9186762,165.8113964,171.9255272,175.2865316,180.8910772,186.7732969,191.4532589,195.5050813,192.1957408,196.3474684,190.3289015,198.3466846,205.2759956,215.1375589,225.4408796,235.2759776,239.6077788,244.9084426,254.1233546,261.8104043,260.2752975,260.4719419,262.5743926
360,"IDN","Indonesia",74.2826337,74.48788098,76.69191776,75.62103734,77.25121082,79.41153471,76.19289667,111.2132842,86.37538609,74.37440855,72.76551651,73.46898241,87.83110661,78.27939101,86.26947741,82.2163304,95.59285472,80.35774543,82.09612795,95.98140636,84.46054357,91.2179018,93.28496822,91.11782944,104.1585117
364,"IRN","Iran",18.17855038,18.97165013,20.52416938,19.45648573,20.14942108,20.61814763,21.09874376,22.12888,22.85511403,22.26576807,22.2602887,22.63844971,23.02605222,23.58171914,25.88518835,25.66309966,27.5648518,26.39695974,25.70162438,25.33837292,23.11542377,21.95551605,22.71819693,22.63773072,22.8481214
368,"IRQ","Iraq",3.778566996,2.486260521,3.054203347,4.040809272,3.924124598,3.639081923,3.575215257,3.758626891,3.920722725,3.823390559,3.830401793,5.496944601,2.50469741,2.313059718,2.872294127,3.409007135,3.355423977,3.269792019,3.622229761,4.288618003,4.155261745,4.399209965,4.461786485,4.716889805,4.697072025
372,"IRL","Ireland",9.75125725,9.666887683,9.706978116,10.03220815,10.21375608,10.17117731,9.981274299,10.09263728,10.53584587,10.49867495,10.13689593,9.943896424,10.38146692,9.736778406,9.573191497,9.263687388,9.040779781,8.793745774,8.848196867,9.15262366,8.672883953,8.603495026,9.116066599,9.065586072,8.877164545
833,"IMN","Isle of Man",NA,NA,NA,NA,NA,NA,NA,NA,NA,NA,NA,NA,NA,NA,NA,NA,NA,NA,NA,NA,NA,NA,NA,NA,NA
376,"ISR","Israel",1.034641046,1.015176467,1.069390589,1.090470411,1.157651833,1.179635354,1.284185672,1.27880289,1.305848108,1.215200826,1.269051744,1.270565502,1.24426896,1.304903218,1.316232376,1.318615534,1.363174426,1.456989019,1.379748112,1.327335205,1.330143597,1.433427759,1.451138621,1.477995982,1.444645944
380,"ITA","Italy",29.88081638,29.82192993,29.85858549,29.70133945,29.57319241,29.57352467,30.16505396,30.01829865,30.37453074,30.75314793,30.75992492,29.22425824,30.12690765,29.65287437,29.98299058,29.19871719,27.68826609,26.48284699,24.39331408,21.73634978,20.32255938,20.31689212,21.40144826,21.0223817,20.97444044
388,"JAM","Jamaica",0.537915113,0.555476391,0.550775969,0.562841048,0.566551326,0.568732104,0.564965434,0.566687063,0.569180192,0.579741422,0.591205951,0.586548163,0.581793475,0.611215386,0.597766198,0.58474231,0.506464343,0.498840275,0.517935208,0.530283141,0.539552373,0.540388049,0.557923424,0.5513753,0.552192975
392,"JPN","Japan",27.3583416,27.49511791,28.01753031,28.47358032,28.95138043,28.85498754,28.04112925,27.27997916,26.44776727,25.84139179,25.2851676,24.34213792,23.78980585,22.93897977,22.22214979,21.24524272,20.98035297,20.84128872,20.41910718,20.03787033,19.97812038,19.39503498,19.24510958,19.64505679,19.30171699
400,"JOR","Jordan",0.451156826,0.564332411,0.623996795,0.61983118,0.558256264,0.582417748,0.588138645,0.608434141,0.593592238,0.547693634,0.54189973,0.511794971,1.045114312,0.839804953,0.632240593,0.676691334,0.593402493,0.802455552,0.783603311,0.62473867,0.700443029,0.828666847,0.804128665,0.816058982,0.8644938
398,"KAZ","Kazakhstan",18.73290025,17.62540499,15.47520806,14.63785295,13.91706555,11.71262664,10.48741041,9.278098281,7.662189351,7.153237421,6.83727159,7.435275474,11.26709846,8.230233943,9.555055727,9.732972711,10.76113591,9.249422501,10.0053222,9.562179991,11.00880399,10.04065606,9.914182439,8.951344216,10.24344359
404,"KEN","Kenya",11.14364581,10.78393593,10.74254296,10.64130328,10.77856121,10.62297044,10.15087826,10.13505778,10.43303501,10.94569443,10.19585245,10.27548977,10.60467969,11.49464031,11.87399933,12.08942924,11.41140693,17.38044622,17.46642561,16.8249833,17.01417669,17.75208459,17.8703874,17.4446731,16.90283421
296,"KIR","Kiribati",0.002207693,0.002231842,0.002275291,0.002318641,0.00233639,0.00233214,0.002436098,0.002449656,0.002463214,0.002476772,0.00283993,0.003002346,0.003290461,0.003302977,0.003377193,0.003449709,0.00347298,0.003678651,0.003794722,0.003881693,0.003971064,0.004057043,0.004126222,0.004152601,0.00420128
689,"XKX","Kosovo",NA,NA,NA,NA,NA,NA,NA,NA,NA,NA,NA,NA,NA,NA,NA,NA,NA,NA,NA,NA,NA,NA,NA,NA,NA
414,"KWT","Kuwait",0.160276349,0.077771393,0.080508737,0.124612581,0.145848626,0.16003957,0.199518698,0.197865027,0.209330756,0.230587885,0.221228713,0.250151327,0.38564004,0.265279954,0.262378568,0.566622981,0.41331481,0.262310739,0.365493069,0.287836398,0.295137827,0.295307809,0.337164091,0.307705074,0.321577256
417,"KGZ","Kyrgyzstan",2.449407957,2.301022657,2.071409716,1.909733224,1.689700832,1.36707114,1.324354852,1.297062864,1.346896076,1.361298188,1.3802025,1.4086309,1.2991665,1.4510463,1.4320851,1.4713752,1.479764158,1.505450916,1.535734474,1.694388432,1.70232849,1.73347402,1.775838751,1.861183781,1.900923911
418,"LAO","Laos",2.087203038,2.114946035,2.210808932,2.215921029,2.290571426,2.340491022,2.387578094,2.289431467,2.732594839,2.333679911,2.195520783,1.820380931,2.185803479,2.025839728,3.225853176,2.710986624,2.215724787,3.484206851,2.207361114,2.458785277,4.21762254,2.36881176,3.06762728,3.151533101,3.104350921
428,"LVA","Latvia",2.735952951,2.576462003,3.068670591,2.741829804,2.366535618,2.072827332,2.09270095,2.089833269,2.125558387,2.078257706,2.013595324,2.08594782,2.091900817,2.012764513,2.107233909,2.136353005,2.149219631,2.202321957,2.244436783,2.24803611,2.271917936,2.29179218,2.361734024,2.401124568,2.453489813
422,"LBN","Lebanon",0.397776959,0.412847203,0.434273347,0.470360991,0.431515935,0.52412408,0.51782333,0.527627681,0.546252832,0.541019983,0.553308534,0.59126803,0.536853425,0.524797021,0.542678116,0.487200812,0.486758667,0.521158622,0.547984777,0.571839132,0.589346288,0.657263214,0.67718334,0.660688467,0.663367493
426,"LSO","Lesotho",0.673642624,0.662873656,0.718600089,0.713755821,0.704551254,0.673674186,0.6514706,0.637583714,0.627797928,0.810087542,0.782986857,0.863234307,0.673197258,0.774740909,0.668165959,0.79324491,0.71531223,0.812822249,0.700233969,0.704086589,0.750269708,0.681437794,0.689467679,0.741563965,0.73018615
430,"LBR","Liberia",0.184370489,0.168335751,0.168977413,0.158742875,0.155903037,0.156628599,0.15984176,0.168666221,0.178761582,0.175954543,0.177569305,0.171375783,0.167320061,0.175451539,0.171383917,0.184778795,0.18842159,0.203327286,0.231092581,0.312283877,0.258412872,0.265757756,0.31175514,0.274884624,0.276648408
434,"LBY","Libya",1.13087875,1.122418422,1.040748495,1.063038268,1.004577541,1.075685014,1.025930228,1.001203142,1.085728755,1.165603769,1.008216283,0.973662546,1.34995001,1.138596873,1.306150937,1.5431979,1.370518657,1.645434713,1.482630469,1.479067625,1.287330782,1.571586866,1.620984951,1.313659235,1.30542822
438,"LIE","Liechtenstein",0.007288344,0.007347063,0.007291682,0.007201901,0.00732722,0.007415239,0.007594945,0.00751775,0.007454656,0.007205061,0.007134967,0.007196812,0.007219558,0.007181203,0.007127848,0.007234994,0.007476818,0.007631743,0.007702667,0.007748991,0.007606416,0.007530215,0.007604613,0.007365012,0.007511311
440,"LTU","Lithuania",5.400905112,5.071280658,5.231040504,4.481110586,4.148386767,3.895531049,4.30791039,4.490142931,4.640045273,4.758150514,4.928905155,4.983452708,4.61215456,4.953525713,5.228623966,5.056541518,4.870256825,4.415372031,4.243941838,4.052721844,4.020209151,3.697826614,3.854200276,3.903234539,4.106875402
442,"LUX","Luxembourg",0.298961967,0.304098877,0.303786449,0.307646921,0.311675937,0.318602186,0.328011839,0.329626654,0.335397685,0.346437948,0.259044987,0.265225299,0.437352911,0.355332623,0.383507235,0.375458547,0.368165137,0.362736428,0.363249318,0.359497308,0.358164998,0.358947035,0.352004672,0.354835009,0.426393146
446,"MAC","Macao",NA,NA,NA,NA,NA,NA,NA,NA,NA,NA,NA,NA,NA,NA,NA,NA,NA,NA,NA,NA,NA,NA,NA,NA,NA
807,"MKD","Macedonia",1.172191966,1.073383344,0.786276141,0.777532177,1.017973512,0.939649448,0.937162905,0.877598162,0.826713819,0.775794877,0.750151634,0.674780443,0.643884653,0.650535363,0.699401173,0.689710783,0.686769593,0.695811403,0.656435714,0.640941024,0.656317834,0.65667844,0.626037947,0.640868053,0.652590359
450,"MDG","Madagascar",8.568201538,8.586939924,8.62468101,8.679699996,8.685680182,8.739641468,9.008803423,8.598080077,8.962272032,8.659077286,8.05340044,7.861037342,6.939496544,8.188866046,7.185864449,8.990929851,8.30436756,8.949926169,8.271855179,8.656030988,8.723862897,8.86841167,8.644557843,8.983851616,8.504875189
454,"MWI","Malawi",1.549212209,1.666736559,1.674372308,1.705571358,1.367824108,1.552499757,1.673982633,1.672909008,1.752002183,1.724670958,1.794635733,1.621949694,1.894598056,2.176015518,2.11897828,2.268379942,2.333796569,2.563402996,2.841510522,2.750508949,3.294444576,3.261272882,3.706151389,3.910346296,3.860228503
458,"MYS","Malaysia",7.892367925,7.986395171,8.306108716,8.398900361,8.371282107,8.446014952,8.14727985,8.834354148,11.19280515,8.852041043,8.821233041,8.715140121,9.7611846,9.64739078,10.84541096,11.40941884,10.83863867,11.6240847,12.96515412,13.72872435,11.73520648,8.762871282,10.54852568,10.46758098,11.45494718
462,"MDV","Maldives",0.001549842,0.001612551,0.001675761,0.00173887,0.001801779,0.001864688,0.00194794,0.002040992,0.002123944,0.002207396,0.002289948,0.002348577,0.002463906,0.002545935,0.002652564,0.002800693,0.003440974,0.004416356,0.003268237,0.003856118,0.0038575,0.003485833,0.004709165,0.004654498,0.004812531
466,"MLI","Mali",7.496391336,7.464814683,7.482981431,7.568824778,7.631272325,7.727204572,7.480299782,7.716584292,8.960202102,9.504333512,9.053885121,9.676860328,9.130437635,9.004789142,11.41486065,10.72898325,11.02860125,11.14429315,12.07245785,11.29507044,12.26269444,12.57459241,12.62854118,12.94289825,14.42910323
470,"MLT","Malta",0.054322995,0.055392305,0.059401015,0.058360825,0.058262235,0.056828145,0.056189578,0.057155712,0.057122746,0.052966979,0.052271713,0.053022492,0.052904171,0.05369955,0.052672128,0.053446307,0.055703199,0.05325669,0.052598882,0.049629174,0.048795865,0.046664059,0.057382153,0.066870047,0.069766841
584,"MHL","Marshall Islands",0,0.000335238,0.000340722,0.000346206,0.000351691,0.000357175,0.000362869,0.000368564,0.000374258,0.000379952,0.000385647,0.000396549,0.000407452,0.000418355,0.000429257,0.00044016,0.000450235,0.000460309,0.000470384,0.000480458,0.000490532,0.000499965,0.000509397,0.00051883,0.000528262
474,"MTQ","Martinique",NA,NA,NA,NA,NA,NA,NA,NA,NA,NA,NA,NA,NA,NA,NA,NA,NA,NA,NA,NA,NA,NA,NA,NA,NA
478,"MRT","Mauritania",1.953281756,2.024419461,1.935669567,1.970323772,1.929951777,1.940481883,2.138163046,2.20787881,2.372301373,2.548895537,2.7478277,2.799255741,2.674631083,2.702504024,2.846187465,2.845603807,2.843394447,2.887255187,2.584048927,2.837223867,2.958938307,2.800940373,2.884710939,2.983358804,2.90751747
480,"MUS","Mauritius",0.238368299,0.239952527,0.244845054,0.240462282,0.256731409,0.263391737,0.273713949,0.269374262,0.275477675,0.292416787,0.2989015,0.264638803,0.282729006,0.280847509,0.278353812,0.274577115,0.269449877,0.280241739,0.274271201,0.274020263,0.268179725,0.288633142,0.300377459,0.283500976,0.299080694
175,"MYT","Mayotte",NA,NA,NA,NA,NA,NA,NA,NA,NA,NA,NA,NA,NA,NA,NA,NA,NA,NA,NA,NA,NA,NA,NA,NA,NA
484,"MEX","Mexico",39.0164405,37.68655361,38.03839602,38.16728672,38.20484073,37.42402884,37.97140047,38.4474087,42.15570374,40.27825457,40.8949326,41.16242353,39.53123866,42.26336519,42.53500062,46.50146245,45.94891036,47.33761867,47.00876909,48.2831474,48.97816191,50.78821934,50.54943807,51.0339684,51.22343622
583,"FSM","Micronesia",0,0.002420659,0.002416891,0.002413123,0.002409356,0.016563988,0.016596226,0.016586663,0.0165625,0.016601337,0.016587174,0.016651223,0.016645972,0.016651521,0.01663897,0.016649519,0.016667436,0.016829054,0.016831772,0.016841489,0.016818107,0.01700352,0.017009433,0.017116146,0.006589959
498,"MDA","Moldova",2.402863258,2.242663732,1.8296317,1.79155137,1.60279984,1.58726571,1.464940688,1.158399766,0.983080144,0.878977622,0.8335231,1.004098196,0.920929792,0.859611988,0.934753584,0.91812508,0.880516099,0.838235817,0.893235736,0.794623655,0.852383173,0.920688617,0.85627696,0.994787103,1.130763546
492,"MCO","Monaco",NA,NA,NA,NA,NA,NA,NA,NA,NA,NA,NA,NA,NA,NA,NA,NA,NA,NA,NA,NA,NA,NA,NA,NA,NA
496,"MNG","Mongolia",7.656616822,7.833115067,7.781149211,7.708504056,7.603541201,7.926100145,8.197652184,9.334994522,8.936814661,8.861129899,9.293142237,8.022963614,7.42531669,7.245767566,7.166596443,7.494306619,8.429881143,9.258328668,9.469102293,9.143034217,7.831715742,8.724212968,9.889578393,9.814187719,10.91318484
499,"MNE","Montenegro",0.305585122,0.278243837,0.215821074,0.210552579,0.212529051,0.245751686,0.24949211,0.2670485,0.249322499,0.233175271,0.212339687,0.234558693,0.227455313,0.206946559,0.272389015,0.251253728,0.167209202,0.17231764,0.153956278,0.146881317,0.144560455,0.141726705,0.167837855,0.138213305,0.142205555
500,"MSR","Montserrat",NA,NA,NA,NA,NA,NA,NA,NA,NA,NA,NA,NA,NA,NA,NA,NA,NA,NA,NA,NA,NA,NA,NA,NA,NA
504,"MAR","Morocco",6.968676195,6.823691309,6.340588123,6.048499937,6.474553252,6.045975966,6.736820409,6.767901251,6.947672494,7.221878037,7.27436178,7.382546266,7.710182152,7.742938837,8.036592323,8.430794809,8.83751128,8.253040252,8.347772923,8.219772994,8.386461065,8.754058813,8.29625186,9.213707807,8.940479355
508,"MOZ","Mozambique",8.700499816,8.77903788,8.853677344,8.955958709,9.033920973,9.443814137,9.663301435,8.558281032,9.833560629,9.272412927,8.277323424,9.213947697,8.395603069,10.31004784,9.430025214,10.50103279,9.557029783,10.48628628,11.54076328,10.11291697,12.05260537,10.28274777,10.94228536,11.66705656,11.70092356
104,"MMR","Myanmar",13.64104098,13.6976985,13.92165191,14.18337743,14.68329934,14.92595075,15.1915807,14.98216295,16.2865503,16.81782845,15.9151396,14.27350344,14.14115818,15.62042272,19.43915435,16.90386429,17.42231534,21.06230549,17.73925354,19.91494429,21.63078294,19.38490255,20.63778416,20.82234347,22.77847918
516,"NAM","Namibia",3.583705093,3.65970964,3.588521188,3.505606135,3.500403483,3.48488233,3.386353912,3.256392194,3.568225876,3.561681458,3.96420194,3.53410355,3.17013846,3.065326871,3.262845881,3.549939091,4.235875552,3.698934413,3.206812874,4.232052835,3.947129696,5.611469222,5.792608248,3.529688574,3.0743374
520,"NRU","Nauru",0.00059947,0.000609025,0.00061858,0.000628135,0.00062979,0.000631445,0.00063335,0.000635256,0.000637161,0.000639066,0.000640971,0.0006432,0.000645429,0.000647657,0.000649886,0.000652114,0.00065392,0.000663625,0.000673331,0.000675136,0.000676941,0.000678786,0.00068063,0.000682474,0.000684318
524,"NPL","Nepal",4.807571826,4.882927684,4.907172442,5.0046992,5.179876159,5.385653717,5.528858887,5.624404956,5.844741126,5.858458096,5.858508066,5.798161669,5.670734472,5.791952675,5.916137779,5.924353082,6.01122137,6.059164659,6.287467248,6.586109137,6.821043326,7.080739605,7.379657083,7.525456162,7.708126041
528,"NLD","Netherlands",16.44965035,16.52373429,16.52641043,16.34644388,16.42564822,16.41682746,16.24864397,15.91753568,15.52408409,15.46504369,14.9642372,14.8209689,14.51897639,14.27602499,14.30816488,14.16698737,13.17109903,11.95215848,11.07057433,10.07435618,9.083991138,8.972331954,9.487264371,8.966581888,9.398549004
530,"ANT","Netherlands Antilles",NA,NA,NA,NA,NA,NA,NA,NA,NA,NA,NA,NA,NA,NA,NA,NA,NA,NA,NA,NA,NA,NA,NA,NA,NA
540,"NCL","New Caledonia",NA,NA,NA,NA,NA,NA,NA,NA,NA,NA,NA,NA,NA,NA,NA,NA,NA,NA,NA,NA,NA,NA,NA,NA,NA
554,"NZL","New Zealand",15.3769685,15.13793866,14.95311141,14.85292737,15.31329632,15.71553338,15.24609488,15.17283927,14.84038307,15.11666637,15.14985947,15.30894366,15.79509745,16.14311694,15.72631933,15.81907762,15.63818825,15.51746969,14.88148672,14.74457366,14.65635479,14.84299461,15.07496603,15.06166265,15.19385167
558,"NIC","Nicaragua",2.202080679,1.829227686,1.978146592,2.137528199,2.072137405,1.957426711,1.908004396,2.027375381,2.162591966,2.24668925,2.310232435,2.24748369,2.444805845,2.7184868,2.482256755,2.67876031,2.676573291,2.679101473,2.647895954,2.760528535,2.735343717,2.874665787,2.950545858,2.796669929,2.914279
562,"NER","Niger",3.806046,3.9780809,4.1767301,4.3397219,4.551584201,4.750854901,4.985660154,5.097891608,5.474682062,5.694656215,5.953984469,6.301947514,6.545816259,6.822762304,7.013636049,7.412978194,7.672569093,8.065462492,8.436157291,8.723735189,9.159224488,8.920593511,9.463313235,9.848719758,10.36764888
566,"NGA","Nigeria",26.38198618,26.75535396,27.13417034,27.80571602,28.1571535,28.29844008,29.45832492,29.92301757,32.33780471,32.36007486,33.2604643,36.43490074,34.84095177,36.43013571,37.08458654,40.23475498,39.76302253,38.45888378,37.71252713,35.74918838,38.04897563,38.36702553,39.74463624,40.90835194,40.69368995
570,"NIU","Niue",0.012256772,0.012527039,0.012795705,0.013065972,0.013342738,0.013611405,0.014386633,0.015155162,0.015921991,0.01669022,0.017458448,0.018436495,0.019394542,0.020352688,0.021310835,0.022276582,0.023435323,0.024600664,0.025757905,0.026915247,0.028072488,0.029136091,0.030199694,0.031263297,0.032013
574,"NFK","Norfolk Island",NA,NA,NA,NA,NA,NA,NA,NA,NA,NA,NA,NA,NA,NA,NA,NA,NA,NA,NA,NA,NA,NA,NA,NA,NA
408,"PRK","North Korea",11.83904039,11.92476961,11.79002223,11.63359074,9.359237264,7.685304383,7.336358382,7.837192282,7.712002081,7.83460178,7.881038879,8.207174879,7.134597779,7.295647978,7.461264678,7.532857778,7.416426903,7.273921528,7.265961253,7.159640478,7.073140703,7.326530361,7.42162252,7.498666878,7.687874837
580,"MNP","Northern Mariana Islands",NA,NA,NA,NA,NA,NA,NA,NA,NA,NA,NA,NA,NA,NA,NA,NA,NA,NA,NA,NA,NA,NA,NA,NA,NA
578,"NOR","Norway",5.987564587,5.928681028,5.848831369,5.77346201,5.734109451,5.694400592,5.752987154,5.784078017,5.79407198,5.826035342,5.821057205,5.805792992,5.78295698,5.817093168,5.824001555,5.814965643,5.64576556,5.507331877,5.389175894,5.120796211,4.935868529,4.988980755,4.974970382,4.973973609,5.036827735
512,"OMN","Oman",0.267431885,0.283528561,0.303781637,0.320208213,0.345438189,0.356546265,0.361669628,0.366736291,0.401115655,0.412497418,0.404190381,0.428679661,0.424997641,0.436926422,0.463781702,0.658595282,0.567848882,0.486939381,0.547448781,0.60271228,0.52019768,0.64324842,0.71294056,0.7922622,0.771801841
586,"PAK","Pakistan",30.35489461,30.71843958,32.37437685,33.16361653,34.1764032,36.57818007,36.71934051,37.88828864,38.38575878,39.74325961,40.69545795,41.14905875,42.36780476,43.56709836,44.96223817,47.37319087,48.93953964,48.86638612,51.01246339,55.39934256,54.46241403,55.28386321,53.7742819,57.40018478,57.83280637
585,"PLW","Palau",0,0.000516975,0.000530838,0.0005447,0.000558562,0.000572425,0.000586916,0.000601407,0.000615898,0.000630388,0.000644879,0.000650385,0.00065589,0.000661395,0.0006669,0.000672406,0.000676078,0.00067975,0.000683423,0.000687095,0.000690767,0.000693321,0.000695876,0.00069843,0.000700984
591,"PAN","Panama",1.147853352,1.1354431,1.199003648,1.222176695,1.183486943,1.175973591,1.232463067,1.150460343,1.175624918,1.145688194,1.13690407,1.241998526,1.236262682,1.237119239,1.210880695,1.244843251,1.259590665,1.228026279,1.283010192,1.295421606,1.32893232,1.327103866,1.341266312,1.431423259,1.351449405
598,"PNG","Papua New Guinea",5.595865666,5.603384074,5.621007282,5.62877839,5.637100498,5.643710905,5.103428028,11.81135545,5.166852374,5.156141796,5.119133719,5.070851468,5.839857216,5.431297564,6.695112713,5.151149861,5.649821951,5.146956141,5.402500131,5.239136221,5.457288011,5.086492984,5.099050557,5.26934773,5.461220504
600,"PRY","Paraguay",6.007816923,5.688907471,5.857614819,6.261221667,6.533278315,6.964564762,6.830433583,7.008050803,7.016835324,7.994707644,6.448161864,6.712173792,6.875866319,7.552814346,6.897948673,7.318580701,7.415636351,8.861226202,7.716175053,7.756837304,8.750681154,9.228913528,9.421960701,10.11734317,10.46794315
604,"PER","Peru",6.712625192,6.588112775,6.577724257,6.841591239,7.120409422,7.555051504,7.714700035,7.856880066,8.112815196,8.391959127,8.579940758,8.576837473,8.751067589,8.911437104,8.956232419,9.178472435,9.19080137,9.599313106,9.435837341,9.915120777,9.787617512,9.952684396,10.08279208,9.962260362,9.992362945
608,"PHL","Philippines",9.519782646,8.935669624,9.383338402,9.87512188,10.11561596,10.32700964,11.20429081,11.94588639,10.99469816,11.69482204,11.90464862,12.10604149,11.89290387,12.83145255,13.38949662,12.9210275,12.41162708,12.89498246,12.28214593,12.56558981,13.59030429,13.04284633,12.50265658,11.69957103,14.41128157
612,"PCN","Pitcairn",NA,NA,NA,NA,NA,NA,NA,NA,NA,NA,NA,NA,NA,NA,NA,NA,NA,NA,NA,NA,NA,NA,NA,NA,NA
616,"POL","Poland",26.37870388,25.95219935,25.15482263,25.2401352,25.61665007,25.83910865,25.80955641,26.48363237,25.51888983,25.11687989,24.84548255,24.6302859,24.40376935,25.1534908,25.23771485,25.8656371,25.50964986,25.70407112,24.61248328,23.45564354,23.1810974,23.24335122,23.84102564,23.42953496,27.33756607
620,"PRT","Portugal",4.393776553,4.39231321,4.317074568,4.344538625,4.393988282,4.405103239,4.486862373,4.361296107,4.43092784,4.330062574,4.238547908,4.092319134,4.49336366,4.308783186,4.241912812,4.338411238,3.831160943,3.815239949,3.687518155,3.51212586,3.442206866,3.384112399,3.308676431,3.423732664,3.435650097
630,"PRI","Puerto Rico",NA,NA,NA,NA,NA,NA,NA,NA,NA,NA,NA,NA,NA,NA,NA,NA,NA,NA,NA,NA,NA,NA,NA,NA,NA
634,"QAT","Qatar",0.14887849,0.159311575,0.171947659,0.185053643,0.222721727,0.232011512,0.20888058,0.214560848,0.217856416,0.224575184,0.231578652,0.248570829,0.279118606,0.312196184,0.665242161,0.416275638,0.396472601,0.879684264,0.452290227,0.73967209,1.050539553,1.468738786,1.577697519,1.210078452,1.166529784
178,"COG","Republic of Congo",0.919319785,0.921470592,0.918675399,0.917615706,0.915663313,0.91497032,0.82530505,0.851942979,0.846333809,0.859731038,0.724732568,0.554372967,0.610786166,0.855932365,0.873597464,1.008204363,1.09949971,0.864503457,0.932124004,0.896152752,0.990288799,1.16245879,1.524935581,1.813821672,1.304915163
638,"REU","Reunion",NA,NA,NA,NA,NA,NA,NA,NA,NA,NA,NA,NA,NA,NA,NA,NA,NA,NA,NA,NA,NA,NA,NA,NA,NA
642,"ROU","Romania",18.80728992,14.99842957,14.36064582,13.94905977,12.73828472,12.27536746,12.0978063,12.16580164,11.79579678,11.18297572,11.04007865,11.45260724,10.82490804,10.93521643,11.74017072,11.76670991,11.42922148,11.33196316,12.00960363,11.9987282,12.15039468,12.17065383,11.63287817,12.42037472,12.31011767
643,"RUS","Russia",125.1554923,118.0895945,106.9153202,99.31364521,86.55100844,80.27830947,79.33589053,68.5707871,69.24984877,63.27289974,64.86239581,66.13475768,74.64667796,82.25138714,59.74713722,60.74618079,65.09824008,62.68957947,85.41430345,64.26512144,66.25375923,71.01881358,80.89993063,68.79369369,76.80609354
646,"RWA","Rwanda",0.943930595,0.966148117,0.940300638,0.90391286,0.859503881,0.765134103,0.820160708,0.863903814,0.917964619,0.987242325,1.01962713,1.065531033,1.128896736,1.229798239,1.296780942,1.337823145,1.427635025,1.517094606,1.604182386,1.666332266,1.774317247,1.733073348,1.80187915,1.850291351,1.845966153
654,"SHN","Saint Helena",NA,NA,NA,NA,NA,NA,NA,NA,NA,NA,NA,NA,NA,NA,NA,NA,NA,NA,NA,NA,NA,NA,NA,NA,NA
659,"KNA","Saint Kitts and Nevis",0.013687016,0.014416707,0.014450998,0.016360588,0.015857679,0.01550227,0.01625327,0.01770797,0.01818597,0.01874727,0.01954737,0.01964129,0.01460941,0.016021229,0.015044649,0.015478169,0.015150149,0.015577129,0.016160409,0.016212089,0.016344269,0.016361292,0.059890914,0.062101836,0.065701158
662,"LCA","Saint Lucia",0.034594177,0.038673106,0.038782035,0.038818063,0.051782792,0.064713021,0.07767245,0.081910778,0.033517507,0.032490235,0.031394663,0.031436925,0.018800487,0.019274048,0.01969741,0.019993672,0.019599399,0.020746726,0.020986153,0.021635281,0.022682208,0.022064241,0.021749575,0.018941408,0.020190742
666,"SPM","Saint Pierre and Miquelon",NA,NA,NA,NA,NA,NA,NA,NA,NA,NA,NA,NA,NA,NA,NA,NA,NA,NA,NA,NA,NA,NA,NA,NA,NA
670,"VCT","Saint Vincent and the Grenadines",0.0125806,0.0121455,0.0121673,0.015501,0.0155993,0.0157526,0.015630985,0.015636271,0.017616656,0.017553942,0.017443727,0.017349011,0.008712094,0.008263178,0.008263261,0.008349845,0.008419544,0.008706343,0.008829743,0.009033442,0.008776941,0.008579321,0.008146102,0.007670582,0.007595462
882,"WSM","Samoa",0.040543207,0.040873174,0.039763041,0.040772108,0.041605874,0.040949441,0.041031386,0.041092431,0.041880975,0.04838812,0.061913965,0.066929026,0.044526488,0.046320949,0.046156111,0.046236472,0.046313294,0.046488315,0.046587936,0.046566657,0.046535979,0.052535469,0.04653496,0.04656665,0.04663714
674,"SMR","San Marino",NA,NA,NA,NA,NA,NA,NA,NA,NA,NA,NA,NA,NA,NA,NA,NA,NA,NA,NA,NA,NA,NA,NA,NA,NA
678,"STP","Sao Tome and Principe",0.013191308,0.013822656,0.014421304,0.014366552,0.0147248,0.015031348,0.015482001,0.015885955,0.016129308,0.016565061,0.017258315,0.018257619,0.019367324,0.020292829,0.020811134,0.021469838,0.021824502,0.022725066,0.02381173,0.024729994,0.024893058,0.025480519,0.02633398,0.027602442,0.028360403
682,"SAU","Saudi Arabia",4.496244142,4.710621849,4.876919756,4.695148063,4.431687969,4.063400476,4.214074748,4.47440702,4.624069892,4.644709264,4.854601536,4.986918943,4.26985405,5.335614058,5.380287165,5.164062472,5.429550706,5.68042704,5.060503073,4.575530507,5.072339441,6.02085248,7.261116019,6.845083958,6.746660797
686,"SEN","Senegal",5.427254947,5.553876485,5.628806923,5.77297716,5.857851398,5.883227736,5.96883483,6.039589724,6.304209818,7.030000412,7.349786906,7.713484064,6.944306221,6.427790079,7.290218736,7.612018394,7.96364126,7.391533627,7.862031893,7.57563156,8.491765726,8.580288755,7.862370484,8.424901813,8.148306942
688,"SRB","Serbia",5.570449727,5.091512893,4.063353568,3.93076193,3.911851425,4.383225957,4.445080026,4.710837827,4.412671321,4.159890641,3.779435018,4.234138982,4.154021032,3.889325255,4.970717369,4.685884025,4.451918278,4.897672265,4.277899953,4.93279514,4.116294028,4.237859746,4.868570964,4.824632482,4.4086429
690,"SYC","Seychelles",0.008349885,0.008589406,0.008131727,0.008498549,0.00905517,0.009542291,0.008954548,0.009744006,0.009230463,0.009309821,0.009495778,0.009071872,0.006109966,0.006542359,0.005759353,0.005785347,0.005694682,0.006030217,0.005363052,0.004729687,0.004362522,0.004841553,0.004226184,0.003952415,0.004279246
694,"SLE","Sierra Leone",0.594981468,0.590447142,0.603696015,0.620085189,0.629822463,0.615318636,0.553190465,0.546155194,0.557935423,0.519740352,0.490304681,0.432481541,0.478330302,0.522115262,0.557876922,0.566783382,0.767205366,0.697953349,0.811215232,0.813582216,0.809301799,0.90267702,1.26564064,1.175724261,1.125853281
702,"SGP","Singapore",0.244317023,0.366305109,0.489893496,0.614721382,0.747790469,0.879688755,0.901163289,0.915637924,0.942485558,0.968815593,0.980349727,0.991997435,1.017170543,1.067021551,1.095463859,1.107101367,1.1414722,1.159365333,1.163834765,1.160218198,1.166570531,1.199499885,1.213419538,1.227162092,1.250234245
534,"SXM","Sint Maarten",NA,NA,NA,NA,NA,NA,NA,NA,NA,NA,NA,NA,NA,NA,NA,NA,NA,NA,NA,NA,NA,NA,NA,NA,NA
703,"SVK","Slovakia",4.275160721,3.575457138,3.398319723,3.211482922,3.046949802,2.975838881,2.986050755,2.916004129,2.875687004,2.595975878,2.646650152,2.780061676,2.834871799,2.841248522,2.987039945,2.969895369,2.733278021,2.454054874,2.184970427,1.91248828,1.646641033,1.76032174,1.786914947,1.860121555,1.997625562
705,"SVN","Slovenia",1.222458249,1.129318644,1.0310305,0.990166414,1.009769727,0.942350141,0.885104944,0.950451146,0.948682049,0.927069652,0.941854955,0.958608553,0.942602451,0.946518249,0.902784947,0.885094045,0.887160792,0.884605939,0.874229386,0.870280033,0.87756348,0.877016801,0.865810823,0.869611144,0.888925165
90,"SLB","Solomon Islands",0.016955627,0.017055775,0.017253324,0.017461172,0.01744902,0.017527068,0.017659939,0.01783161,0.01791868,0.018052951,0.018272122,0.018458804,0.018645387,0.018788769,0.019404352,0.019623634,0.020131184,0.020608233,0.020800983,0.020950132,0.020923681,0.0210462,0.021431119,0.021730237,0.021856856
706,"SOM","Somalia",6.989582757,5.914269796,5.190449635,5.911720173,6.626400212,6.822682751,6.982081472,7.128119093,7.013708114,6.933018235,6.999167156,7.097809175,7.171010095,7.307770214,7.409563833,7.570472053,7.086411312,6.591470671,6.59574983,6.58581939,6.645424749,6.658169746,6.728779144,6.768576541,6.768942239
710,"ZAF","South Africa",20.30418597,20.46062508,20.21808799,20.7146157,20.57826281,20.49662082,21.49321289,21.69987517,22.43592435,22.06969712,21.8782254,21.61148328,22.44749477,21.23301655,20.86538104,21.64392163,20.99838295,21.87910847,22.36631779,22.44158531,22.72687083,22.67494256,22.72828189,22.81864942,22.77752165
410,"KOR","South Korea",16.67292133,16.39386938,16.47979793,16.39095328,16.32934964,16.33216709,16.5689974,17.0915864,16.73799461,16.65258142,16.63242743,16.43536742,16.43347701,16.3426374,16.9021336,17.26279769,17.20240718,18.07669437,18.32102666,18.68008545,19.26273304,19.61823125,20.68649525,20.64993706,21.09537366
728,"SSD","South Sudan",NA,NA,NA,NA,NA,NA,NA,NA,NA,NA,NA,NA,NA,NA,NA,NA,NA,NA,NA,NA,NA,NA,NA,NA,NA
724,"ESP","Spain",22.96450201,22.72470178,21.31876924,22.28164681,22.52387918,22.09069934,24.25909676,24.06314597,25.53821509,25.3069747,25.60242672,25.10946516,24.8127481,25.85425404,25.16882678,23.36156913,23.78792986,23.9390304,21.48362843,21.13717587,21.8267827,21.05744002,20.60097853,21.75823365,22.57956087
144,"LKA","Sri Lanka",2.53985412,2.48383704,2.56657316,2.67907568,2.7631208,2.720969019,2.695480319,2.746885818,2.772424518,2.982097517,2.953392416,2.957245681,3.181939745,2.997582009,3.072469973,3.278866337,3.25613152,3.164470503,3.556196486,3.371442469,3.333194552,3.635435175,3.380917098,3.221163421,3.789008644
275,"PSE","State of Palestine",NA,NA,NA,NA,NA,NA,NA,NA,NA,NA,NA,NA,NA,NA,NA,NA,NA,NA,NA,NA,NA,NA,NA,NA,NA
729,"SDN","Sudan",37.40642877,38.38080958,40.88654239,42.77237961,44.81248972,45.33522313,45.80064863,48.98293393,53.12079703,54.24772313,55.41374303,48.17374124,54.60999436,51.93020968,53.65172069,55.36407061,52.06792586,55.53990011,55.36476497,58.65160162,52.74958527,54.41124894,37.2461717,35.43063907,35.33268383
740,"SUR","Suriname",0.378570795,0.375483553,0.389469612,0.38596577,0.385514128,0.382405987,0.395046027,0.398985567,0.415978207,0.379011247,0.368669687,0.357198167,0.348130246,0.425064125,0.394975205,0.348040784,0.38674252,0.360892057,0.434412193,0.43686133,0.385676366,0.378529691,0.399604115,0.380081339,0.372366263
744,"SJM","Svalbard and Jan Mayen Islands",NA,NA,NA,NA,NA,NA,NA,NA,NA,NA,NA,NA,NA,NA,NA,NA,NA,NA,NA,NA,NA,NA,NA,NA,NA
748,"SWZ","Swaziland",0.543295729,0.550987021,0.568176212,0.494430904,0.474762396,0.486916487,0.494768318,0.478088249,0.50009108,0.467318211,0.456618642,0.415994292,0.408362842,0.439678592,0.461561842,0.466531192,0.424027601,0.522610109,0.527513618,0.423921327,0.473976735,0.46048056,0.480422184,0.489719008,0.478744033
752,"SWE","Sweden",6.497691743,6.206258075,6.313697407,6.539357939,6.443960971,6.280682103,6.410332404,6.368825005,6.209121307,6.111531608,6.078786909,5.94907325,5.88294839,5.791144931,5.758195171,5.576059012,5.487124103,5.549861494,5.678285785,5.364439975,5.461536766,5.520004295,5.383152324,5.458276854,5.702255383
756,"CHE","Switzerland",2.821590463,2.808512028,2.785574793,2.769645558,2.777393123,2.781560187,2.775428782,2.684447178,2.674065473,2.608001368,2.581216463,2.622476835,2.504856106,2.471835878,2.49771725,2.519760622,2.528134104,2.521872886,2.543298368,2.535733649,2.540647931,2.511258676,2.511463322,2.482627567,2.565967912
760,"SYR","Syria",3.604358469,3.475041522,3.541997074,3.410946327,3.674465079,3.971888131,4.010090645,4.055103458,4.202521372,4.181951586,4.072748299,3.839375524,4.096563348,4.458749473,4.575232697,5.063437322,5.391455205,5.377802088,4.916137371,4.584472155,3.739620338,4.194130987,4.036816737,3.654950887,3.258122436
158,"TWN","Taiwan",2.878,3.122,3.133,3.196,3.251,3.326,3.254,3.294,3.24,3.201,3.816,3.988,4.097,4.122,4.279,4.32,4.766,4.863,4.457,4.618,5.017,4.905,4.816,4.594,NA
762,"TJK","Tajikistan",2.035064865,1.918219631,1.613640221,1.378381495,1.322416169,1.272420643,1.177667844,1.216917646,1.092761447,0.969401548,0.96377135,1.001287576,0.970584703,1.03552853,1.268952356,1.350362983,1.58786608,1.643355976,1.826980373,1.92380207,1.933987666,1.991141523,2.102142979,2.144155335,2.227667392
834,"TZA","Tanzania",19.30523137,19.48721454,19.63674272,19.76089279,19.81312017,21.04522484,20.62045045,20.25233886,22.25862276,22.35231157,20.22318928,23.224436,22.19660853,25.58898075,24.98761758,26.6073383,24.08918904,25.97627678,26.26682472,26.72084095,27.51882339,27.92911252,29.13907316,29.7328646,29.55060413
764,"THA","Thailand",14.99204293,15.3988685,16.21536427,17.49448353,17.5096888,16.75492157,16.89693625,16.41404114,17.36092382,17.7886098,16.67229399,16.93729185,17.51413202,19.30583868,19.48751134,18.68210361,18.72996276,21.00369562,20.49589448,22.37053324,23.5291569,22.05394334,22.92014818,22.83705352,22.02357806
626,"TLS","Timor-Leste",NA,NA,NA,NA,NA,NA,NA,NA,NA,NA,NA,NA,NA,NA,NA,0.2075698,0.21099096,0.21118936,0.21426611,0.21733728,0.22111897,0.2233301597,0.2255413494,NA,NA
768,"TGO","Togo",1.177310405,1.128804578,1.069044851,1.061515524,1.046429897,0.98995127,1.057610148,1.192332025,1.419885003,1.302207781,1.318985659,1.326023753,1.326032548,1.391976643,1.223877637,1.726726932,1.393827188,1.356395743,1.504968199,1.498790155,1.52849181,1.661467311,1.557297512,1.652385413,1.747045613
772,"TKL","Tokelau",NA,NA,NA,NA,NA,NA,NA,NA,NA,NA,NA,NA,NA,NA,NA,NA,NA,NA,NA,NA,NA,NA,NA,NA,NA
776,"TON","Tonga",0.048522985,0.048718443,0.049686402,0.049763461,0.049522319,0.049041678,0.049690827,0.050032677,0.050502326,0.051658375,0.052798024,0.053478176,0.054316727,0.079060379,0.060390231,0.059516582,0.058769025,0.057680968,0.058982411,0.087186555,0.080340498,0.064108006,0.078705415,0.075818923,0.083734531
780,"TTO","Trinidad and Tobago",0.2520369,0.255966736,0.257986671,0.239323607,0.233715042,0.241713278,0.263428352,0.257902225,0.253071499,0.254902673,0.284275846,0.259911853,0.428659759,0.290655366,0.282378272,0.287026479,0.282121285,0.274018792,0.404408698,0.315686305,0.396872411,0.292630147,0.373239882,0.300334418,0.299348353
788,"TUN","Tunisia",2.077189714,2.278840583,2.293625752,2.354808421,2.13065249,2.070913358,2.474036495,2.304492731,2.504131867,2.602281503,2.625888739,2.607086233,2.420063627,2.604846421,2.613799715,2.739739208,2.73799665,2.686714092,2.723432834,2.951233376,2.811540918,2.817966912,2.941320407,2.782080201,3.041628696
792,"TUR","Turkey",26.28936988,26.11166084,28.0962884,30.04964096,28.51453862,29.65941309,29.7299168,29.72052012,30.84137714,30.96602845,30.31707827,27.65218774,27.04672181,27.07527329,26.83582916,26.67636413,26.81286669,26.12478825,23.9970945,26.21263676,24.82430852,24.62465564,27.74177657,29.60924549,28.91766392
795,"TKM","Turkmenistan",3.067811972,2.902285674,2.175556619,2.482007083,2.422749746,2.482562709,2.51514272,2.652054431,2.193452442,2.494069053,2.745688364,2.99501042,2.735846176,3.267318432,3.365641388,3.462547643,3.677441151,3.694731659,3.938873567,3.818507875,3.982257882,3.754824194,3.827644306,3.868698218,3.84392373
796,"TCA","Turks and Caicos Islands",NA,NA,NA,NA,NA,NA,NA,NA,NA,NA,NA,NA,NA,NA,NA,NA,NA,NA,NA,NA,NA,NA,NA,NA,NA
798,"TUV","Tuvalu",0.001060389,0.001193117,0.001209944,0.001167272,0.001195799,0.001195027,0.001217688,0.00123395,0.001234511,0.001271372,0.001270234,0.001272492,0.001315451,0.001316009,0.001316568,0.001318826,0.00132258,0.001329335,0.001333089,0.001333543,0.001322298,0.001322889,0.001323481,0.001324072,8.04e-05
800,"UGA","Uganda",7.181243385,7.386127444,7.510244403,7.687472262,7.631621121,7.77951448,7.787256232,8.293979784,8.903621736,8.621173088,8.59665854,8.676957125,8.90801241,10.01783,9.78340168,11.01080987,9.376120282,10.9468953,13.22145171,12.97239093,13.70498935,13.50750215,14.38407645,14.28536216,14.37825486
804,"UKR","Ukraine",47.85605433,44.68742987,38.70797622,34.07725315,31.48742548,28.3137586,24.75225218,24.21907875,21.92924152,20.74007449,20.23577626,20.75107264,21.50787092,19.6219559,20.20321539,19.88023057,20.83284177,21.96594558,24.80255459,24.1451197,25.3794587,27.24966446,26.78581441,28.88123917,29.18944832
784,"ARE","United Arab Emirates",2.809050274,2.954447604,3.098882435,3.220042465,3.364400495,3.493964325,3.602939422,3.699020319,3.799060716,3.911517513,4.00022121,4.319789442,4.745693273,5.145924005,5.281259637,5.498939869,5.982304722,6.258424575,6.357574928,6.940932081,6.932407434,7.1222733,7.334799766,7.576863633,7.804290399
826,"GBR","United Kingdom",59.25480403,56.1891388,53.30426867,51.23730724,49.99818271,47.92443148,46.93729752,44.33523096,41.876139,39.64457914,36.43927358,35.11983513,34.43557148,33.40689462,32.46006567,31.39187082,31.03580586,30.43009511,29.77462015,29.7809534,29.59766774,29.38963043,29.22606013,29.70708552,30.73799461
840,"USA","United States of America",271.9119087,274.5551204,282.1714469,288.8079037,293.079788,296.6586447,298.514682,294.1773107,293.5044574,290.1177414,282.9218342,278.8480067,275.5145959,278.0158933,276.8489231,269.2423888,272.4405107,279.9303555,272.0132537,268.4256991,269.6826451,276.6900113,281.1229812,280.576482,281.02779
850,"VIR","United States Virgin Islands",NA,NA,NA,NA,NA,NA,NA,NA,NA,NA,NA,NA,NA,NA,NA,NA,NA,NA,NA,NA,NA,NA,NA,NA,NA
858,"URY","Uruguay",6.980759999,7.240162253,7.491103806,7.626136559,7.543319213,7.420438566,7.682779717,7.511666868,7.303371219,7.12782727,6.919723621,7.050377324,7.030093827,7.46127683,7.755518433,7.793913336,8.239178947,8.090304659,8.245734271,8.240176882,8.121635294,8.126170709,7.993558224,8.241826139,8.204886154
860,"UZB","Uzbekistan",11.28439234,10.70233662,8.8548237,8.2742351,8.2698918,8.2542179,7.5041573,10.2959235,10.1441223,10.0222496,9.9231287,9.7750397,6.3324778,6.7012224,6.978673,7.3041374,11.13181411,11.22968541,11.66723962,12.33342393,13.01960413,13.41985502,13.72849261,14.26276699,14.81145158
548,"VUT","Vanuatu",0.109730298,0.113752479,0.12128936,0.12899034,0.130057521,0.130332102,0.131099916,0.131778431,0.132527445,0.13308366,0.125962375,0.119535645,0.120741514,0.125623984,0.129089954,0.132670624,0.135031179,0.160146635,0.162645691,0.152894446,0.156983102,0.162247344,0.164721187,0.166574029,0.169212171
862,"VEN","Venezuela",11.14120368,11.37821502,11.24932266,10.99727679,11.22389683,11.34770837,11.32303785,11.41461853,12.0789102,11.36339008,12.23120066,12.44751546,12.58379646,14.14287846,13.07540596,13.53183266,13.06450517,13.53829067,13.98631948,13.72915459,13.0296039,12.22921024,13.57889798,14.23462062,14.16495666
704,"VNM","Viet Nam",12.60119539,13.97524282,13.87887214,14.38914947,16.6571715,16.57086272,17.96036883,17.58313704,19.85055155,20.13909066,20.99073947,19.1311379,20.32287893,21.38600656,23.81311419,21.27588383,21.12019669,22.66595876,21.59725512,25.24396769,23.11802476,21.55671881,22.77888415,25.5637591,24.44501655
876,"WLF","Wallis and Futuna Islands",NA,NA,NA,NA,NA,NA,NA,NA,NA,NA,NA,NA,NA,NA,NA,NA,NA,NA,NA,NA,NA,NA,NA,NA,NA
732,"ESH","Western Sahara",NA,NA,NA,NA,NA,NA,NA,NA,NA,NA,NA,NA,NA,NA,NA,NA,NA,NA,NA,NA,NA,NA,NA,NA,NA
887,"YEM","Yemen",2.299202842,2.17032929,2.229005739,2.260255787,2.260450135,2.294363583,2.365368133,2.538564784,2.646517535,2.686340085,2.765394736,2.909785273,2.907829609,3.126384846,3.259468083,3.22919392,3.35171869,3.615826961,3.638009032,3.692640203,3.837091373,3.825023857,3.86881534,4.020825324,4.056027307
894,"ZMB","Zambia",38.53735655,38.1423746,37.77729365,37.2919942,36.59733044,35.97880839,36.45122068,35.10794407,35.79163745,33.73656434,33.57413393,34.6487128,34.17835607,36.72458354,39.07512401,42.16897739,38.7586856,39.57631571,41.16866253,39.21504264,42.51080945,42.11606261,42.94002517,44.60601033,44.82326759
716,"ZWE","Zimbabwe",6.626379961,6.013843281,6.028834001,5.36160262,5.52567104,5.406553659,6.366317033,6.274824506,6.541703379,6.630407952,6.121292626,6.347098505,5.430460384,5.446509163,5.802098341,5.50228522,5.614331798,5.767245176,6.091165754,6.167585632,6.24448651,6.308609801,5.788626392,5.652922083,5.969895475
