"code","iso","country","PME.raw.2008","PME.raw.2009","PME.raw.2010","PME.raw.2011","PME.raw.2012","PME.raw.2013","PME.raw.2014","PME.raw.2015"
4,"AFG","Afghanistan",13.2613703711028,10.5070193678088,11.9254917992997,11.9669335238947,13.4089859372335,13.0235426258493,12.202900269504,15.2331373925291
8,"ALB","Albania",9.91456241845252,9.0140325231416,9.7203388625195,9.99026037049364,10.2651756651053,9.68780141972711,9.35465328037018,11.8006311055162
12,"DZA","Algeria",6.13864963857647,4.66263225592084,5.44148668630056,5.29028024253686,5.60143102104524,5.39731969635051,6.05306868895224,8.62353881361364
16,"ASM","American Samoa",0.0996477096229008,0.0995110126673868,0.0995110126673868,0.0995110126673868,0.0995110126673868,0.101269413610556,0.199022025334774,0.29726660794566
20,"AND","Andorra",5.69507307443319,5.48002120253945,5.17332453040299,6.07921658888297,6.22985398301282,4.65276580886596,4.82347282551932,5.48241619027087
24,"AGO","Angola",14.9600373189745,14.9761165620395,15.6991407130886,16.2108561919653,16.2679389179446,18.9731269175185,16.1052421938627,17.966577051805
660,"AIA","Anguilla",0.414694166001156,0.476304601985796,0.5,0.5,0.476304601985796,0.576304616388568,0.400000011316463,0.438389564015359
28,"ATG","Antigua and Barbuda",0.52096742404377,0.496396264817205,0.539891263446349,0.497683674570299,0.491718501509541,0.587773528979597,0.415489814784579,0.547520823265443
32,"ARG","Argentina",7.46935208633797,7.19274214510513,6.81733203015603,7.51069028720525,6.68355304826591,7.80055520281937,7.17773828590911,8.50464128147024
51,"ARM","Armenia",16.6454194220475,14.0137594454223,18.589896422969,15.2603026055584,16.8102595796624,16.8813008865059,15.5926487554947,18.1509586835224
533,"ABW","Aruba",1.21152899144582,1.50276220115627,1.30973747149824,1.35550445548567,1.41763303273431,1.38697919742712,1.29057906924514,1.58708611417097
36,"AUS","Australia",2.46194503708383,2.91916289495322,2.40094488242473,2.73939887382217,2.96545707845994,2.68693462316165,2.54901905272303,3.03345755999092
40,"AUT","Austria",12.5966864354718,13.9080085471912,13.7038659241484,13.4909661838713,13.0279013766215,14.0803463873162,15.3970729739215,14.0832298042424
31,"AZE","Azerbaijan",16.5819164073764,14.2536080227485,16.9386057875105,14.845245933949,15.7370839980845,16.1719658756868,16.9298263227348,20.1184986582666
44,"BHS","Bahamas",1.68389463996465,1.37633993024739,1.54642836289303,1.60581256524308,1.69606487644984,1.7454888883207,1.66153443723532,1.37666497231715
48,"BHR","Bahrain",19.0500000839421,21.450001214443,17.2500018449146,16.0333310300586,17.9416637163131,17.5500002469951,13.3000001775466,17.499999933571
50,"BGD","Bangladesh",47.492199806246,54.6832541487556,47.6710692506944,47.5291248750705,54.2636285833225,48.2391109065863,58.190187259432,60.2743338405001
52,"BRB","Barbados",0.53403708618716,0.529371046234992,0.535736302400767,0.48702782967858,0.520929195874383,0.584614147762036,0.516692287399054,0.691719154180709
112,"BLR","Belarus",12.3162231695828,14.7640427104475,16.9598007848732,13.7161112985837,14.2905218614707,13.5216132900899,15.024155221273,15.7490508696706
56,"BEL","Belgium",13.1212166049899,13.6611239633055,15.4805470004778,13.4198014277087,13.7715183294217,12.5240608153507,13.2270102297859,13.5094809095023
84,"BLZ","Belize",2.17423187633588,2.55354047319778,2.9730164739619,4.48781326526437,4.04424762435017,5.21285763293011,2.69781088787227,2.18993510670275
204,"BEN","Benin",11.6377792617085,10.8869769203282,14.3357945756388,12.2130798785182,13.4841268286747,13.278612569509,9.99165035633337,13.20769914428
60,"BMU","Bermuda",1.22209138594795,1.03407739186196,1.12808444505489,1.03407739186196,1.12808444505489,1.04295687250744,1.12808444505489,0.860284211677544
64,"BTN","Bhutan",20.6231536511307,25.1925654924795,20.5881740740953,18.6882189650526,22.939952358913,21.8321737829012,24.2066704326949,23.9241904379603
68,"BOL","Bolivia",8.79320708007171,7.20223462995357,14.4700409156317,9.00275176832168,9.53962490574728,10.5204170549514,10.2771821923398,7.58602135964387
70,"BIH","Bosnia and Herzegovina",10.3088664438078,11.0740080691964,11.6390854819935,12.3666945952421,11.7496372468049,11.0234498919722,12.0954513381696,13.3970359631522
72,"BWA","Botswana",15.1392435913901,12.6379859193764,17.7327605540317,14.1998835542422,14.3034675204573,14.6420477457523,13.3933887553305,20.3169219082432
76,"BRA","Brazil",7.68489260603967,7.50707332164334,8.83467129299986,8.23703161855159,8.53845806389408,8.07021819756465,8.63122648737782,9.60387709825734
92,"VGB","British Virgin Islands",0.495547253370819,0.578959219977096,0.594325915789357,0.585753915999939,0.495299637360583,0.594359588036012,0.487615414452339,0.521115708987434
96,"BRN","Brunei Darussalam",7.89369221806464,13.3620477505025,7.96731613823796,7.74351980840649,11.7289763173604,8.06012480853753,7.2402496598855,9.70749437748124
100,"BGR","Bulgaria",11.6558683933099,9.6387306052622,13.0896022587088,11.2320083612133,11.6325471443209,11.7802356720343,11.8845077271411,12.4259691823945
854,"BFA","Burkina Faso",4.22658719694878,4.26535115362984,5.07649504421355,5.46501801783622,5.8102792788519,4.675313068472,5.19949282454032,6.15764738692773
108,"BDI","Burundi",17.4666403345579,15.9988286865722,15.6046614414141,17.5090539657663,21.4037213463529,20.4288276565827,18.9080519555504,19.8589075441451
116,"KHM","Cambodia",15.5634628951871,14.7433132711494,15.8318228314382,13.6876708257999,16.9921380880119,19.1007746385031,18.1965795031942,17.4928525871758
120,"CMR","Cameroon",11.7771787888456,12.5521932307038,15.5830875254564,13.1361487434395,13.6333497176664,12.898656502895,12.3986293083187,13.6584549957235
124,"CAN","Canada",6.70062279230873,6.35076077190836,6.58077513513375,6.57446807805243,6.9965424984702,6.44686514413669,6.41598849791093,7.40081254971211
132,"CPV","Cape Verde",1.28829517472144,1.17753104580409,0.895128454395806,1.29189805148705,1.27725406363346,1.08751359784858,1.08751359784858,1.6811269071813
136,"CYM","Cayman Islands",1.93606124203765,1.84726690113496,1.89026748521368,1.90027183732056,3.08038369010748,2.65579065941917,2.33555720207403,2.07623314310063
140,"CAF","Central African Republic",14.129217772136,15.1926498572547,16.757469490019,17.1123358840575,15.3413473304858,16.2549772329433,14.7050798946662,15.8994880373044
148,"TCD","Chad",4.98091326201866,6.02954861484603,5.84323727493833,5.57581402939254,5.32206907721146,5.13798255969969,4.38604465606308,5.98401547064702
152,"CHL","Chile",13.1375427327889,12.8671129989374,12.3169264941415,13.575662779943,12.6425534749114,12.8441510675191,12.6476931825011,15.4195815467787
156,"CHN","China",44.4458787424151,43.9934605653296,44.1163993740051,41.627499613111,39.2204794671708,45.163530219061,43.033179539629,43.7522468490888
170,"COL","Colombia",6.51764849367582,7.47273594028201,9.70573623871555,6.39352889193306,9.99062238015213,8.232753495347,7.63826605266103,7.11808663081005
174,"COM","Comoros",1.55824931765806,1.68783743096519,1.88630441587949,1.96399579256819,2.01876537656707,1.91370952944239,1.95866128575418,2.19711379346665
184,"COK","Cook Islands",0.199306408913254,0.197838175661344,0.182439978577086,0.09972346863724,0.19797870402257,0.19944693727448,0.202943579768155,0.292381586083274
188,"CRI","Costa Rica",3.03201491683512,2.82366741330824,1.83671049288351,1.90194401545993,3.61343671220863,3.59835092926431,4.61008953946981,3.27805644978003
384,"CIV","Cote d'Ivoire",9.29034321453234,9.21094434018413,10.6143554868007,12.6309062235572,11.9131578739125,9.72880338040811,7.76339572449604,12.1963245041942
191,"HRV","Croatia",10.6055734841443,12.1343354332665,12.4271056166434,12.8770040233567,11.6730136741491,11.91788359609,13.1588958640825,14.9956349833935
192,"CUB","Cuba",2.82731658722917,2.90698724536761,2.91940878870603,3.16283648168439,4.55134826887465,4.30590636522295,3.45122311207255,2.91111965105746
531,"CUW","Curacao",NA,NA,NA,NA,NA,NA,NA,NA
196,"CYP","Cyprus",8.75812002836063,6.2097287335135,7.38695323098777,6.59379919523687,7.91018417339854,8.67357365157276,9.35308565360927,12.4170867067175
203,"CZE","Czech Republic",15.1158687297486,18.1137760760658,21.5094508252958,17.8378599202307,17.0930755246523,17.1523772126597,18.5748734713487,19.118246865475
180,"COD","Dem. Rep. Congo",19.948510447949,20.0439606237449,20.8577210827172,21.5856011343324,23.5175388365905,24.2709242214938,22.4661258470479,27.6458077308576
208,"DNK","Denmark",6.81684213085502,8.21286005419974,8.85952646932134,10.0856111461767,7.25995250974623,7.20863298008975,11.5871196202736,8.79144150741637
262,"DJI","Djibouti",6.92222621289105,6.41511204573543,6.92312631661144,8.34027497565299,7.12061138119689,7.08395273915919,6.29545376383306,8.76020826382176
212,"DMA","Dominica",0.804431011985398,0.788537197412659,0.900670625272513,0.735853956856437,0.801437653425171,0.773955284234513,0.66641800509983,1.01894158961904
214,"DOM","Dominican Republic",2.74027793720754,2.78885046441135,3.21635608567803,2.8703656675407,3.26359726230317,2.88629056978446,2.74224234899475,2.84813240128588
218,"ECU","Ecuador",7.0664310144038,7.70270406603624,10.9593217310696,7.34809433470975,14.7871054806823,9.48553510319884,7.30453642386594,7.39934373153124
818,"EGY","Egypt",7.90931503407546,7.34749508840418,7.62944742448863,6.21437577356596,6.96159603964845,7.79217490737278,7.6436194578062,10.8796989368198
222,"SLV","El Salvador",7.60662434162748,7.06955169330779,7.13697184254732,9.74141162983895,9.95697533069074,11.2361049433211,6.97952159966113,7.76070889544949
226,"GNQ","Equatorial Guinea",12.0024368234419,11.1646999466069,15.6492330436938,15.0229498379178,12.386122186185,11.5304858613424,13.7612500990914,13.8006188703624
232,"ERI","Eritrea",6.46722273630449,6.28349595111958,6.84013656555712,6.84385101432057,6.13112188009515,7.25576708187029,5.50578752702804,7.39971605548698
233,"EST","Estonia",7.03999241824688,8.23539395015772,9.74891196344166,7.52548670010799,7.11325384038912,7.18312051462621,10.7657380680279,6.26435338656805
231,"ETH","Ethiopia",10.8226545266097,10.4380686167121,11.9706937806919,13.5104718700348,12.3147004203308,12.6816196879543,10.773460283974,17.2615478149687
234,"FRO","Faeroe Islands",1.50419094774566,1.31735210304781,1.11768618287403,1.40103272587133,1.15361165199568,1.21850073169438,1.69494124322851,0.974223942461695
238,"FLK","Falkland Islands",0.285800187791555,0.268218693260082,0.290652041616905,0.310241057965068,0.27642256075022,0.269202449414905,0.269917403696015,0.281990704112393
242,"FJI","Fiji",0.183882537582947,0.196909318404039,0.174894553158553,0.116949992901244,0.18698367016637,0.189923027472959,0.192929686751682,0.199231784812544
246,"FIN","Finland",5.83578796360444,7.10642185398742,7.49064685616343,6.81890084090815,5.42526767162815,5.28080360836973,8.76120374358808,5.33029011091528
250,"FRA","France",11.018106096772,11.595976850761,11.6314978761716,11.5040387274909,11.5337701258174,11.274056715836,11.1931742526819,10.6999577188289
254,"GUF","French Guiana",0.799459643034475,0.626518480519658,0.571703225622598,0.559248967793325,0.861463720973202,0.89443103924188,0.745283061852142,0.89553002185473
258,"PYF","French Polynesia",0.14618320356752,0.105497387970413,0.107954982713991,0.108778213622065,0.168435757333098,0.194186032269469,0.196885251415098,0.370649785897489
266,"GAB","Gabon",16.5199870000125,14.4719165489063,17.5661071166787,16.3628022691587,15.2033931547186,16.8885936583632,18.1890266786558,18.0028217657176
270,"GMB","Gambia",3.81798980214902,3.59270270235176,3.75209482498387,3.7305614108101,4.09459020535485,3.6064126184363,3.47267458587474,4.93214562457181
268,"GEO","Georgia",14.2425042794898,11.4275364106599,15.4580697319038,12.1710286407314,12.6963625388678,12.75187947734,13.4672725970094,14.7795866623515
276,"DEU","Germany",11.7390118882249,12.4171877743286,15.2426980295505,12.7046317761873,12.3534122694834,12.0469496220995,15.1004058107628,13.1181688777119
288,"GHA","Ghana",11.9422738246786,12.7784857104082,14.3480389967986,13.814296988447,13.3941388201941,12.6609291854208,9.99030005781417,13.6733220866084
292,"GIB","Gibraltar",8.13779266589552,7.67186656592185,8.52927126594948,8.91906401194699,8.06334442352686,9.39317181672904,9.17349783966951,11.020102196859
300,"GRC","Greece",10.4982822813996,8.0065738007318,10.6819086150197,8.99316988038738,9.13174957947878,9.7878958120563,10.3947421356363,11.4760557498858
304,"GRL","Greenland",1.17015160496694,0.774315364487151,0.89754522603864,0.790612195143995,0.993511971239291,0.963257080777874,1.46253533963708,0.643692163865321
308,"GRD","Grenada",0.582805924075774,0.627260762270364,0.595699013842171,0.546391240727195,0.55752753940253,0.590314861185384,0.536681996539142,0.795828021837454
312,"GLP","Guadeloupe",NA,NA,NA,NA,NA,NA,NA,NA
316,"GUM","Guam",0.299912029643576,0.349492974595333,0.19994134731105,0.281771331155908,0.326922417526307,0.398074601278658,0.399882694622099,0.592193271696614
320,"GTM","Guatemala",8.24581868942461,9.42684385350555,7.9961347194376,9.59994358089883,10.5679228792461,12.3308428155497,7.52941975898648,7.93985676334794
324,"GIN","Guinea",5.92310946074488,5.73209577521675,5.7908986442939,6.89405318342717,7.66267495786702,5.24727854100983,4.55540989015117,7.06122629408373
624,"GNB","Guinea-Bissau",4.2831912845028,4.00312005424834,4.23671375175538,5.04935437186631,5.36003359497984,4.62945251014044,3.92865364899459,6.16726698600657
328,"GUY","Guyana",1.30992451929404,1.21673465249202,1.22322265734617,1.15216503952452,1.78788318833795,1.5831321387471,1.20928553797609,1.47572618207033
332,"HTI","Haiti",3.69077642602137,3.6152203245184,4.07450643864946,3.79048220748983,4.07774175939018,3.75226802568123,3.70007353995241,3.7902941287665
336,"VAT","Holy See",NA,NA,NA,NA,NA,NA,NA,NA
340,"HND","Honduras",5.7882066535547,5.78391735805721,6.03962506612825,8.83063018082283,8.64236538327787,9.76727516855969,4.89009853124479,4.90259783063744
344,"HKG","Hong Kong",31.8721431348547,31.0310736937174,26.3955480051571,26.4119435672584,25.5465384997205,26.4054690033915,27.8443962040703,23.6779043677469
348,"HUN","Hungary",12.8233634831024,16.5175790446207,18.7346419028179,17.9340322634838,15.2241433044377,15.3918532823282,15.5447358817692,20.2930469224164
352,"ISL","Iceland",1.26220599176487,1.27920604548541,1.24072469002303,1.28025867168408,1.0978051772451,1.19632544061334,1.35149510016194,1.00895573527823
356,"IND","India",47.2316410209512,45.3346702775148,43.1729769879169,41.6310484897227,40.1541432849609,44.9337428227753,47.3357585032276,49.1844896542459
360,"IDN","Indonesia",10.3018436320374,11.0771915033487,10.2636487212014,8.40911536192372,12.4096569155462,10.3620259250828,12.7256052539076,16.3527629350815
364,"IRN","Iran",12.0358991682669,12.0263364476331,12.4221181344395,11.9088443410924,12.1886504829895,12.0174764723531,11.357611192619,12.3071933936079
368,"IRQ","Iraq",15.1869242813525,14.9875901374259,14.8951090512351,14.5289694634058,14.17751700759,12.8995974881099,8.43400527067662,12.6877556254271
372,"IRL","Ireland",5.2258231005308,4.67718680928343,4.40105272522388,4.78882142913578,4.61531426153259,5.01304896685219,4.61230966267989,3.89556565882783
833,"IMN","Isle of Man",6.87688745481008,5.78723855381658,6.17395094477337,6.93611907938412,6.78126685213227,7.34262616633709,6.82761750681541,5.8192053933169
376,"ISR","Israel",8.60694583205151,7.43376676450977,7.42399912864602,6.74708635443217,7.80180051961468,8.65294636491662,8.52112848069342,9.8081369037035
380,"ITA","Italy",11.9487998130022,12.5753491286942,12.1252073291276,12.8846247602046,12.2585593750946,11.9324976781093,20.2391378307291,15.7201040187995
388,"JAM","Jamaica",2.08553936287669,2.30042861865409,2.13607084491253,2.13672213260057,3.14389453423376,2.68101941616303,2.41536230624913,2.13896262972695
392,"JPN","Japan",12.6785883390824,12.4272759156869,10.9181096377793,9.572347703535,8.92646483478781,11.782544098953,11.8144053244568,12.9322390661822
400,"JOR","Jordan",8.0997290436188,7.54867944868268,7.05091693280025,7.01277384835299,7.37711514677303,7.77777107005302,7.69695420758692,8.90125600148849
398,"KAZ","Kazakhstan",10.0688126614092,9.21343837066579,10.0122917354595,9.50055660575429,10.4570515975552,11.9980575848228,9.51701437108583,11.0045343415199
404,"KEN","Kenya",8.09179936935364,7.49704740198155,8.50233646033814,9.46686416750578,10.1932260723437,9.92020773229749,9.80722208506607,9.53470160686357
296,"KIR","Kiribati",0.19372077564592,0.118070923281283,0.160055963815347,0.152888731556057,0.105068419139872,0.160799442375,0.160677457449095,0.269356958310664
689,"XKX","Kosovo",NA,NA,NA,NA,NA,NA,NA,NA
414,"KWT","Kuwait",21.423038762676,20.0563870407784,19.8182638509357,20.4150297132969,18.9107218477287,17.8639176820964,11.3741322555581,18.9166161010797
417,"KGZ","Kyrgyzstan",12.5596374498615,10.0547078611861,12.4600355229381,11.1295184051295,10.5916673739497,13.5463403172501,10.6804215425068,12.8708565293963
418,"LAO","Laos",23.3133762582417,25.6947251407424,29.4780606153326,22.8971166288128,30.1262418552598,32.7018163006839,33.1146042864726,26.8663897540931
428,"LVA","Latvia",8.81165579350865,10.6802349133314,12.7940177185695,9.62235760695304,9.80838890218354,9.56973198679724,13.0154459379502,9.13624566704249
422,"LBN","Lebanon",9.94433445262443,8.21715105753261,8.40541500483965,7.99753670400491,8.89639789609782,9.00305124414584,9.08766274136487,11.3759998062287
426,"LSO","Lesotho",11.4133111053166,12.7350132670814,14.3328730060404,12.2723168640144,11.4013084607335,13.5223844925504,16.0946147125414,17.9495999125318
430,"LBR","Liberia",6.87360526120174,6.95149116958303,6.59161034750119,9.66027723559906,10.6278867698614,7.01931297987725,5.52244951109214,9.30035113362523
434,"LBY","Libya",4.08971797496141,3.66876150657536,4.23566038090335,3.37522569953945,3.45042342608783,4.18568616476288,3.29279237315546,6.51189325028679
438,"LIE","Liechtenstein",9.75877659255598,9.16269658114537,8.53977545938858,9.24524076657777,10.6180890989076,9.1026188375125,15.8289975174522,8.20742836592349
440,"LTU","Lithuania",10.708017476137,12.7779285760235,15.9816337870524,12.0652251664807,12.8241553621401,11.823724774347,14.9224815661238,12.5598669806165
442,"LUX","Luxembourg",10.1150443116347,10.1634108302995,12.5562822710352,10.8110407811649,10.766245141538,11.0565041837355,11.8298919132854,10.9089448315532
446,"MAC","Macao",37.7528611348249,36.2255208551795,33.3418010468228,31.3894495216165,29.2486720763063,30.1974746937517,33.3422941985001,27.9345999575489
807,"MKD","Macedonia",10.5977372611067,8.74092485926531,10.6415738945372,10.8301513307072,10.8263114782685,10.0750757599826,11.2807250714036,11.4750232284916
450,"MDG","Madagascar",2.75349158000409,3.32759120321157,3.39114572046754,3.75869971449616,3.45889764605539,4.35921434860684,3.8488649675553,4.74136650349458
454,"MWI","Malawi",11.1745696496865,11.2729975716616,11.2054995246779,11.8092373543343,13.4240130362692,11.0706529841625,11.3311744979235,12.4154177587503
458,"MYS","Malaysia",13.0655548141223,15.7252614086968,12.2539827485119,12.1022608632439,15.3384824909602,13.4306815052977,14.2015321248233,17.8536253248613
462,"MDV","Maldives",2.19786449366295,2.36326452067337,2.45745602877013,2.39621289993559,2.68148033483307,2.38979214064632,2.02456624951271,1.73194430976526
466,"MLI","Mali",3.06682680047733,2.85041527016007,3.44109626507698,3.93518819071716,4.22998869581031,3.06618471141304,3.13612985754413,4.38189528273941
470,"MLT","Malta",4.21753813816928,4.51356525267065,4.7259317236097,4.49398440620276,4.8195299811592,4.78346233266804,4.3159488960019,7.13278487554455
584,"MHL","Marshall Islands",0.0834594888190729,0.0828620299750162,0.0924706997833159,0.0814350017013923,0.0808972961443401,0.128133855050753,0.109525098448124,0.175400929548369
474,"MTQ","Martinique",0.853975207889345,0.899724063583342,0.913768701230213,0.823754116884513,0.911916547570408,0.88513383262829,0.711193552359208,1.01567386571849
478,"MRT","Mauritania",1.83576198558878,1.46757070702363,1.58893366782494,1.7429174305123,1.75929142784353,1.47386327966819,1.57950691724625,2.12539844803878
480,"MUS","Mauritius",0.299817971792685,0.358045692921542,0.383816472491034,0.383819469241873,0.389362149650561,0.395534899332462,0.395534899332462,0.371544412328098
175,"MYT","Mayotte",1.80016582019194,2.12477995477748,2.30529133495499,2.43876222162634,2.57157451007947,2.39926564722907,2.41242496485786,2.64298582057588
484,"MEX","Mexico",13.1763610803579,13.8554937719396,12.8384965291984,15.2534582745325,15.2232334980154,15.7035040327208,12.5004816740905,12.0163330770701
583,"FSM","Micronesia",0.104827891868843,0.106389841840519,0.105292306116903,0.045417697528505,0.104827891868843,0.196629653819946,0.183494310982906,0.32745674380736
498,"MDA","Moldova",10.7384072803244,13.146468156654,15.9922117898586,15.0411102288691,15.3599581130727,14.4961495852305,14.0210407106705,15.9841024722893
492,"MCO","Monaco",10.3766372203547,10.5766377788254,11.1532750831332,12.6766375105405,10.2766376711464,10.1000006077476,12.376637256856,10.7532755722514
496,"MNG","Mongolia",5.7745802487943,5.23085508667169,5.21576371824223,5.5937341937522,5.03072953899011,5.42157756079899,4.71633014184537,6.45525113722084
499,"MNE","Montenegro",8.20010757936043,7.60441458074588,8.89333219877344,9.00955715854313,9.42642399739396,8.22893416726164,8.2025910813606,10.0942957595382
500,"MSR","Montserrat",0.699752622960702,0.600000027797458,0.699999987554838,0.600000027797458,0.600000027797458,0.635579993053563,0.500063858546054,0.699999987554838
504,"MAR","Morocco",5.4764024085232,4.56555654250482,5.38731732444289,4.69670227791082,4.68870686469629,5.85826374116106,6.13420021294118,9.13816771458154
508,"MOZ","Mozambique",8.88032847765018,8.07430198860123,8.53245523252486,8.24789297001686,8.53947260811883,8.4422990003543,7.81555023936049,9.03958545403877
104,"MMR","Myanmar",19.5493828515544,21.6589131251797,20.6450211392268,18.2260535985036,21.8099389272322,25.9057571328546,25.7367429487185,22.906931075379
516,"NAM","Namibia",9.29083853886613,9.20129493063362,9.84429817033987,9.5983501028314,8.93044655123176,9.89970296674406,8.52512568579714,11.3897533368897
520,"NRU","Nauru",0.200000003411843,0.100000001705921,0.200000003411843,0.200000003411843,0.101169254227582,0.200000003411843,0.101169254227582,0.498830747574178
524,"NPL","Nepal",42.2492656594507,42.9545226390257,40.3453804323527,37.387366287666,42.0463893509917,41.3825682464896,46.726266048303,47.7423604596389
528,"NLD","Netherlands",12.7806396732511,12.6499627480393,15.1148549513303,13.3170342382762,12.8727603458512,10.9128284340506,14.0071542932468,13.3602950470817
530,"ANT","Netherlands Antilles",0.889349658318746,1.08358556900161,0.939556195541085,0.89810070032734,0.992723692089895,1.00206995897811,0.939403800671651,1.15480478850443
540,"NCL","New Caledonia",0.327344786282749,0.382451284443263,0.336090991589991,0.334036695027785,0.35094173727074,0.428401553718167,0.352383161893347,0.376297329957382
554,"NZL","New Zealand",1.54171244462844,1.56429774834166,1.59109848456484,1.77619742644729,1.62953327043029,1.64856773901464,1.60889106637809,1.55255947852105
558,"NIC","Nicaragua",3.06896030073181,3.30159180021359,3.17425723787377,3.8007132031891,5.51678319573336,5.07282489854212,3.03776852535709,2.48554417529291
562,"NER","Niger",4.1856591356423,3.60038260226157,4.03519514667289,4.75748677943632,4.68161834329388,4.01478313689196,4.03897564208675,5.69173370002441
566,"NGA","Nigeria",14.6664990107621,13.8848802789532,18.1192291315584,14.5311173660891,16.4021970238975,15.6750986756927,14.4472849844495,16.1277879544301
570,"NIU","Niue",0.0993219872915569,0.0993219872915569,0.0993219872915569,0.0993219872915569,0.122922715281198,0.198643974583114,0.198643974583114,0.297965969295847
574,"NFK","Norfolk Island",0.296311807706697,0.296311807706697,0.296311807706697,0.395082397662671,0.296311807706697,0.395082397662671,0.296311807706697,0.296311807706697
408,"PRK","North Korea",22.7295074191843,24.205685001517,20.3635290365696,18.9298954065844,17.4711829378826,22.8888956377921,22.9389687779596,29.0723943318841
580,"MNP","Northern Mariana Islands",0.389602671428841,0.394110726811994,0.295583051484718,0.298253372240055,0.393783277812918,0.394064011108613,0.394110726811994,0.669113003422963
578,"NOR","Norway",4.16326106282594,4.79203585201308,3.89512899267111,4.98558030606347,3.65421027180458,3.44933213130133,5.29371615495165,3.2229963274517
512,"OMN","Oman",10.6741442259721,9.32462424676618,9.50770863518418,9.58654021674376,9.61028516643138,9.40812536094958,7.72870942447427,10.2001526008871
586,"PAK","Pakistan",33.5912545418571,28.6619001996582,32.9733995713122,30.3411127992867,29.2269091011372,30.7064401531072,30.7361708635055,33.9766798466022
585,"PLW","Palau",0.185416109720838,0.277539185771751,0.183174212730524,0.105530214854294,0.239272045445861,0.317998389610675,0.322401962478353,0.973274100303285
591,"PAN","Panama",1.43477214082616,1.53756279666797,1.3788690213752,1.40197132453931,1.92413289920679,1.58800300906461,1.61165881981072,1.79690249532266
598,"PNG","Papua New Guinea",0.985378606210143,1.0742358161107,1.07596220703039,1.19626558830967,2.14277183470062,1.73423110828272,1.55932419113426,1.72473213923345
600,"PRY","Paraguay",7.48777934776707,7.1212667834473,9.71868253751227,7.69030935316015,8.37283698397459,6.76241568489216,7.76168488894159,11.6683282938257
604,"PER","Peru",13.7918950907549,13.5273900531557,16.3724558760077,15.2130179084908,17.110643452497,16.7130528503619,15.6011284404609,14.5477944780608
608,"PHL","Philippines",7.65865972098785,9.02781132999885,8.24357000270286,7.18299618963352,8.5001890713336,8.04992569318882,8.33912769687478,8.14202676914484
612,"PCN","Pitcairn",0.198634677962344,0.17921201598025,0.100000001545274,0.159228407276209,0.180086348997492,0.200000003090547,0.200000003090547,0.300000011217542
616,"POL","Poland",16.2222016604807,21.2152464270908,26.276296580377,21.0658315488965,20.330356138394,18.8521722916668,19.8291240457206,22.1895607078586
620,"PRT","Portugal",6.75666697121825,6.72431285235646,6.76194138381426,7.62776975093967,6.03809866834375,6.62354524551899,7.28705072280846,6.54666847896654
630,"PRI","Puerto Rico",1.35114686852963,1.42388379313513,1.50900881633235,1.45119427119882,1.40956313851711,1.50495065535938,1.22995186921295,1.31506987618857
634,"QAT","Qatar",22.0986692992587,24.0339712472911,19.826068733249,18.8011549146292,19.7583188482854,20.5817588411457,14.4762831979087,19.4320861196149
178,"COG","Republic of Congo",22.7015033591433,23.3715025488559,24.7358096626285,25.0935767382562,24.0863516602886,26.9260261088459,26.9424745739488,28.2412938161996
638,"REU","Reunion",0.397181855568971,0.397181855568971,0.397221684573343,0.397181855568971,0.442190220301553,0.477101196679896,0.45265240720267,0.406735518143238
642,"ROU","Romania",12.0680175438863,13.5887613475523,16.3858454782761,15.3740251658022,14.6454714499996,14.3567261173874,14.0032610568424,16.0678738714156
643,"RUS","Russia",11.9210338821361,13.4944892087398,15.0363861321522,11.5656887971419,12.7112719637205,13.5143607337771,12.386107503095,13.204155345434
646,"RWA","Rwanda",18.9719865102528,17.0525804446695,16.8314607440014,17.8575806232569,23.422622465373,21.5306243774638,19.5170199600082,21.4370167401613
654,"SHN","Saint Helena",0.858325937573521,0.746106202738839,0.843527612608319,0.750233296416275,0.874198228468816,1.30347320604255,1.00371092528152,0.64595321758655
659,"KNA","Saint Kitts and Nevis",0.596469157221416,0.583755204845014,0.62314041165549,0.597842096988082,0.561438507015798,0.61467952664866,0.469750982898128,0.597212501239132
662,"LCA","Saint Lucia",0.874973732602541,0.900297047255122,0.846173947954749,0.825048549686034,0.886015177970184,0.924733454293054,0.766914567341214,1.0309911718213
666,"SPM","Saint Pierre and Miquelon",1.66605550892836,1.44882676354317,1.54213163822813,1.54740201330981,1.47461013676934,1.64970388030088,1.62367742147695,1.65239496701915
670,"VCT","Saint Vincent and the Grenadines",0.60677012679059,0.60677012679059,0.613450317554975,0.593861474643944,0.61240480258156,0.605627149899937,0.597713594205805,0.788262018784301
882,"WSM","Samoa",0.0998497715843474,0.0998497715843474,0.100113603694751,0.100057834033365,0.0998497715843474,0.190465926785837,0.199699543168695,0.306339752567084
674,"SMR","San Marino",10.2547752501392,11.6023528864135,11.1811896843692,12.3011919635685,11.1426483824002,10.8873845197392,20.0450720571372,14.4018229568522
678,"STP","Sao Tome and Principe",8.82416310484981,8.57087128061023,8.34555863111378,9.05592330730545,6.52041340315461,9.41059560818548,10.3079639561298,9.54903288181993
682,"SAU","Saudi Arabia",12.2076654236774,12.2037259767992,11.1681576810541,11.2643670233748,11.3197911121687,11.6653320313397,9.03630233506349,13.848250188325
686,"SEN","Senegal",3.23643920310225,2.80697559353155,2.91610177957756,3.00419613314275,3.20454116932773,2.82481000997378,2.8832250639967,4.10931265447387
688,"SRB","Serbia",11.5872624047053,12.6753385535618,14.4221225413587,15.0380367285262,13.86640058227,12.7880247007026,13.6931158681476,15.2714426212138
690,"SYC","Seychelles",0.460774437932619,0.432261289959695,0.53198926838049,0.693911950982578,0.737400380270737,0.61203056630376,0.565556350737615,0.47743261187008
694,"SLE","Sierra Leone",6.28974875666904,6.74069623262713,5.81873087738847,7.75183171417637,8.765940352922,5.69487649695835,4.60310280890255,7.73225468844525
702,"SGP","Singapore",14.2964640124844,19.6201100100741,12.2235396924147,10.573268076885,15.8976712527834,14.364059485197,12.9827707032105,27.5086863995165
534,"SXM","Sint Maarten",0.458285293489289,0.520937390321406,0.541537130985764,0.541537130985764,0.45200256343749,0.547664368981259,0.430535430206547,0.530228520992918
703,"SVK","Slovakia",14.2336536675216,18.441558306434,20.845227123683,19.2303166833256,17.0257588683248,17.4253810960337,16.9443261416488,20.839835821102
705,"SVN","Slovenia",12.0330681098041,12.8059914508822,12.2776162425239,13.0150441055517,11.4053797632595,12.7051714375907,14.9100104825838,14.8276784851991
90,"SLB","Solomon Islands",0.207373095184144,0.210173346978679,0.205397763937945,0.141582945541623,0.174735317680081,0.235907649196672,0.26928462580139,0.769438641427538
706,"SOM","Somalia",3.51804758758186,3.06563795269213,3.52459545600626,3.80496927977502,3.45812222620199,2.97400339897206,2.76720984940204,3.86118914924318
710,"ZAF","South Africa",17.4397407756221,17.780327040339,19.0002162874977,17.4958388060159,16.5016693978232,17.6641296094328,17.4622720932753,23.2081482843794
410,"KOR","South Korea",23.5024269711963,25.6427781423382,21.5424179292425,19.6857055604415,18.8458936826051,26.1523075238903,24.8689392054985,28.3238838679808
728,"SSD","South Sudan",8.54521133805354,10.2620124629317,10.5005567890757,11.3592234914768,9.56341678391336,10.201015568257,8.14257873651649,12.0445687136433
724,"ESP","Spain",7.9312314724894,6.91288767849255,6.86677881987408,8.34254436791035,7.86541745113254,6.8905115358911,7.66536136499177,8.00427428346921
144,"LKA","Sri Lanka",8.25536998837396,7.45364959228507,6.94666619640366,6.94979683918746,7.39315144722574,8.0484638425526,7.12208180205243,6.28484365340264
275,"PSE","State of Palestine",9.07484731863522,8.13763986234837,7.85577964583187,7.33768130240536,8.16002675862639,9.03773230979882,8.84206174874095,10.1819887517133
729,"SDN","Sudan",4.80149917690497,5.77775253654181,5.6641749734222,5.89287134219865,5.04586358870134,5.94580818826964,4.8335357635596,5.82178077455968
740,"SUR","Suriname",1.02381335533962,0.83954279918336,0.756798475070794,0.854090448078523,1.41594662905833,1.25313936858611,0.823236329986164,1.017095141933
744,"SJM","Svalbard and Jan Mayen Islands",NA,NA,NA,NA,NA,NA,NA,NA
748,"SWZ","Swaziland",16.5599133254222,15.7898380387161,17.16261820335,15.241401713325,14.3089169506449,16.6146650872222,14.2792359101855,19.6095495238626
752,"SWE","Sweden",5.40318964400745,6.34581401759326,6.53343255765309,6.75187035501785,4.68972676863032,5.0084829932883,11.0591604271878,5.88877160041179
756,"CHE","Switzerland",11.9552820962922,12.1255084842695,11.4593156633918,11.3029684661513,13.0175074843099,11.3608684907773,17.8841057192356,10.9586353529321
760,"SYR","Syria",11.9997282878575,10.7525392907327,10.9301760588769,10.002744220932,10.5930713677421,11.3060966893586,10.3889818322253,13.3472347802582
158,"TWN","Taiwan",17.2577939924446,17.6803658960537,16.398184322908,16.0909676729455,14.5827467754176,16.4679502827448,16.1729104991446,16.2751100158445
762,"TJK","Tajikistan",29.5743124227942,23.2759537197676,25.0090823979237,28.5387812843391,23.8940343321255,27.3260784074941,25.9221636816674,29.7650606034597
834,"TZA","Tanzania",8.97635910655075,8.68712138996576,8.80020233187201,9.48500354313886,10.8817222230742,11.1107733745139,10.0658753156521,9.64239568112883
764,"THA","Thailand",26.716176736984,25.6745153612405,26.4453901908664,23.1703447036402,29.8431768086624,33.1883574454122,32.5112351466306,27.5051770566055
626,"TLS","Timor-Leste",2.39698943377642,3.972196565001,2.51209292119474,2.91635911576312,3.65685849399404,2.38756659078373,2.63150212315339,2.96704006872469
768,"TGO","Togo",11.8827068541461,11.3092957991778,14.4805253952073,12.9904595269351,13.1246874919891,12.7798203559588,10.337732943418,13.4546609637378
772,"TKL","Tokelau",0.667900088712593,0.530089008630455,0.507219372296229,0.666144322009253,0.810639218386163,0.94913596518502,0.905547734658397,1.38768786596558
776,"TON","Tonga",0.205273302247338,0.204241606387536,0.196472209109296,0.192408788803069,0.200699507286731,0.203463302228354,0.20507308411591,0.296198931096255
780,"TTO","Trinidad and Tobago",0.6091105417699,0.568047019205346,0.65867139114877,0.585680956046353,0.648409076623711,0.684785081035301,0.575902405707796,0.7869499686548
788,"TUN","Tunisia",4.85405153932255,3.61286723240175,4.92260155824197,4.43475518039999,4.1243526108021,4.65418677713333,3.80102905880474,6.66675268192099
792,"TUR","Turkey",11.3664285573602,8.4123412019901,12.2102360319405,8.67436942331399,9.76754452257468,11.2368092595886,10.903850711616,13.415945181519
795,"TKM","Turkmenistan",8.9533541119903,8.79120107669402,8.479018839371,9.60054619839578,8.55199419392516,9.4267366218282,9.05117876857963,10.5775458650651
796,"TCA","Turks and Caicos Islands",0.893798835048544,0.802582152649788,0.934196565523989,0.871681064015655,0.971890419381967,0.963940540889806,0.80790500424624,0.73456426773339
798,"TUV","Tuvalu",NA,NA,NA,NA,NA,NA,NA,NA
800,"UGA","Uganda",13.1340026461549,11.5301214553706,12.7374550220093,14.3155695931993,15.7211410329679,15.5011665665537,14.2106177523632,17.7316857003262
804,"UKR","Ukraine",10.7567430327461,13.1751541618551,14.8769740193563,13.7621719114509,13.711616973149,13.210527169744,12.8191969702172,15.5149971937035
784,"ARE","United Arab Emirates",17.6830533083255,16.9094165878975,16.5839922075875,15.5406485765447,15.6293950126237,15.8614171223933,12.2900055219857,16.8215204331794
826,"GBR","United Kingdom",10.6451414543423,9.35520170863684,8.78106069795287,9.97549664352373,9.21016405425527,9.69458831628394,9.0384053453376,8.27014084533903
840,"USA","United States of America",9.14462498261085,8.75011055763056,8.75454386789712,9.58472870096103,8.97518590540493,8.92840049887276,8.88980769997625,10.1487865294989
850,"VIR","United States Virgin Islands",0.544634803493393,0.642698012248335,0.643862866643533,0.625865005252274,0.584302354477641,0.689688789101357,0.519765487982055,0.606332319878032
858,"URY","Uruguay",5.45674370243255,5.5362136898123,4.86081663486095,5.9646823881456,5.42760800431785,6.26909856072691,6.2334743359244,6.55082773072038
860,"UZB","Uzbekistan",19.6202527843524,16.8212612869282,17.8077844439986,18.8883295096844,17.3440256123068,20.1853469521329,17.9921843888031,20.8689854662928
548,"VUT","Vanuatu",0.335893504517061,0.420153410961275,0.322623152038034,0.310859166035371,0.353761232266977,0.375157961285073,0.372102558730755,0.507118738372499
862,"VEN","Venezuela",2.95502144317051,3.01853015473854,3.99560556665344,3.20959579901155,4.52788002978545,3.57783650370915,2.90609779753648,3.31320578009413
704,"VNM","Viet Nam",21.4928869636519,19.083794918826,21.8777741131756,20.0177061916896,21.0528008569202,22.9579201313392,22.4530669667696,20.6267282459387
876,"WLF","Wallis and Futuna Islands",NA,NA,NA,NA,NA,NA,NA,NA
732,"ESH","Western Sahara",NA,NA,NA,NA,NA,NA,NA,NA
887,"YEM","Yemen",7.46537601394509,7.172317620971,6.28045584128139,8.12988510985391,7.84317031860519,7.72157609403381,5.90915691552077,8.33980003143768
894,"ZMB","Zambia",15.4042538142987,14.2415571321531,14.523174348999,14.809528183366,15.9092147048421,15.5177930728693,14.26486184945,17.5262507151717
716,"ZWE","Zimbabwe",12.6865304156502,10.6157030182753,11.7252556813264,11.6470105914849,12.4642659489655,11.7323200684522,11.6913423156338,13.3219985144307
