"code","iso","country","SPI.raw.1990","SPI.raw.1991","SPI.raw.1992","SPI.raw.1993","SPI.raw.1994","SPI.raw.1995","SPI.raw.1996","SPI.raw.1997","SPI.raw.1998","SPI.raw.1999","SPI.raw.2000","SPI.raw.2001","SPI.raw.2002","SPI.raw.2003","SPI.raw.2004","SPI.raw.2005","SPI.raw.2006","SPI.raw.2007","SPI.raw.2008","SPI.raw.2009","SPI.raw.2010","SPI.raw.2011","SPI.raw.2012","SPI.raw.2013","SPI.raw.2014"
4,"AFG","Afghanistan",0.436107829071539,0.436107829071539,0.436107829071539,0.436107829071539,0.436107829071539,0.436107829071539,0.436107829071539,0.436107829071539,0.436107829071539,0.436107829071539,0.436107829071539,0.439879641896204,0.439879641896204,0.439879641896204,0.439879641896204,0.439879641896204,0.439879641896204,0.439879641896204,0.439879641896204,0.521862043235408,0.521862043235408,0.521862043235408,0.521862043235408,0.521862043235408,0.521862043235408
8,"ALB","Albania",0.39518772678201,0.39518772678201,0.39518772678201,0.39518772678201,0.39518772678201,1.59997037596315,1.59997037596315,1.68379681126653,1.68379681126653,1.68379681126653,1.68379681126653,1.72809646101567,1.72809646101567,2.04756764894941,2.04756764894941,2.04756764894941,5.45462889289817,5.45462889289817,5.45462889289817,5.45462889289817,5.45462889289817,5.45462889289817,5.45462889289817,5.45462889289817,5.45462889289817
12,"DZA","Algeria",4.68153728022035,4.68153728022035,4.68153728022035,4.69415229044314,4.69415229044314,4.69415229044314,4.69415229044314,5.13548506607766,5.13548506607766,5.38089279574355,5.41310618831198,7.96814315124569,8.04471042496519,8.76770225041195,8.93802452785555,8.93802452785556,8.93802452785555,8.93802452785556,8.93802452785556,8.99746377984426,8.99746377984427,9.01183722387481,9.16784091380596,9.16784091380596,9.16784091380596
16,"ASM","American Samoa",NA,NA,NA,NA,NA,NA,NA,NA,NA,NA,NA,NA,NA,NA,NA,NA,NA,NA,NA,NA,NA,NA,NA,NA,NA
20,"AND","Andorra",NA,NA,NA,NA,NA,NA,NA,NA,NA,NA,NA,NA,NA,NA,NA,NA,NA,NA,NA,NA,NA,NA,NA,NA,NA
24,"AGO","Angola",5.87515582057562,5.87515582057562,5.87515582057562,5.87515582057562,5.87515582057562,5.87515582057562,5.87515582057562,5.87515582057562,5.87515582057562,5.87515582057562,5.87515582057562,5.87515582057562,5.87515582057562,5.87515582057562,5.87564541018891,5.8780472129324,5.88089356453411,5.88541537048847,5.88541537048847,5.88609049723899,5.88609049723899,5.88609049723899,5.88646586869878,5.88646586869878,5.88646586869878
660,"AIA","Anguilla",NA,NA,NA,NA,NA,NA,NA,NA,NA,NA,NA,NA,NA,NA,NA,NA,NA,NA,NA,NA,NA,NA,NA,NA,NA
28,"ATG","Antigua and Barbuda",NA,NA,NA,NA,NA,NA,NA,NA,NA,NA,NA,NA,NA,NA,NA,NA,NA,NA,NA,NA,NA,NA,NA,NA,NA
32,"ARG","Argentina",4.55272443884011,4.68793269024398,4.740068447651,4.99897057051966,5.03454772972907,5.09781777205103,5.30682112365316,5.39453840724353,5.39661845305303,5.55476421355597,5.69786716614921,5.91051503788131,7.09683929718638,7.09770810830957,7.39015560248883,7.39122310522777,7.39700913992716,7.40308935316309,7.40578482688434,7.47302062781041,7.47579111366666,7.47579111366666,7.53898057675492,7.53898057675492,7.53898057675492
51,"ARM","Armenia",5.91946043244849,5.91946043244849,5.91946043244849,8.98652003113967,8.98652003113967,8.98652003113967,8.98652003113967,8.98652003113967,8.98652003113967,8.98652003113967,8.98652003113967,8.98789086653557,9.09663523240949,9.11862946113932,9.11862946113932,9.11862946113932,9.11862946113932,9.28381675309035,9.28381675309034,9.90610567168163,9.90623578026419,9.90637518893943,9.90637518893943,9.90637518893943,9.90637518893943
533,"ABW","Aruba",NA,NA,NA,NA,NA,NA,NA,NA,NA,NA,NA,NA,NA,NA,NA,NA,NA,NA,NA,NA,NA,NA,NA,NA,NA
36,"AUS","Australia",10.902153128764,11.1472955401911,11.2389877764365,11.3099723245731,11.6755900961571,11.7235572015813,11.8427105268105,11.9110212345516,11.9734635836787,12.0893335863759,12.2664243184555,12.3295281540488,12.7881304640233,12.8805352637725,13.0090706283141,13.2551474058135,13.4459461965364,13.6848239081663,13.9196335903738,14.2975500402845,14.6364880544694,14.7751473560455,15.1999899241168,15.1999899241168,15.1999899241168
40,"AUT","Austria",13.118154636171,13.1472997279709,13.1487223428063,13.149112503998,13.1492498589098,13.1556713457373,13.1581315353474,13.1588052200523,13.1621265008596,13.1621518799547,13.162309267844,13.1623476309407,13.1652814910243,13.1652898957606,13.16531170136,13.16531170136,13.1653127188374,13.1653132275332,13.1653132275332,13.1653132275332,13.1653132275332,13.165329608259,13.165329608259,13.165329608259,13.165329608259
31,"AZE","Azerbaijan",8.45521188236937,8.46044804499115,8.46044804499115,10.1330839481273,10.1330839481273,10.1330839481273,10.1394084890697,10.1394084890697,10.1394084890697,10.1394084890697,10.1394084890697,10.3597728449099,10.3597728449099,11.738618107097,12.7132000491228,12.7341001065084,13.4463881964218,13.4463881964218,13.6641694828813,14.2132735361444,14.2132735361444,14.2132735361444,14.2132735361444,14.2132735361444,14.2132735361444
44,"BHS","Bahamas",4.37731915461025,4.37731915461025,4.40064319014389,4.40064319014389,5.75339497490522,5.75339497490522,5.75339497490522,5.75339497490522,5.75339497490522,5.75339497490522,5.75339497490522,5.75339497490522,11.1680384338343,11.1680384338343,11.1680384338343,11.1680384338343,11.1680384338343,11.1680384338343,11.1680384338343,11.1680384338343,11.1680384338343,11.1680384338343,11.1680384338343,11.1680384338343,11.1680384338343
48,"BHR","Bahrain",NA,NA,NA,NA,NA,NA,NA,NA,NA,NA,NA,NA,NA,NA,NA,NA,NA,NA,NA,NA,NA,NA,NA,NA,NA
50,"BGD","Bangladesh",1.1963613743495,1.1963613743495,3.35619370613122,3.35619370613122,3.35619370613122,3.35619370613122,3.39721570951829,3.39721620532179,3.39721620532179,3.45839724372343,3.58010074318469,3.5947846956907,3.5947846956907,3.5947846956907,3.60055263610717,3.60720072621277,3.63007213345381,3.65203492096801,3.65203492096801,3.72919059279638,3.9916180538515,3.99780892157046,3.99898579575052,4.00910527249407,4.00910527249407
52,"BRB","Barbados",NA,NA,NA,NA,NA,NA,NA,NA,NA,NA,NA,NA,NA,NA,NA,NA,NA,NA,NA,NA,NA,NA,NA,NA,NA
112,"BLR","Belarus",9.81037037281173,9.9392654997883,9.94908190137267,10.5317876409432,10.551448230559,10.8396992678215,10.8923649745548,10.9004526873298,10.9004526873298,10.9548205505467,10.9548205505467,11.6790910342946,11.7432892451567,11.7432892451567,11.8988566919945,11.9119632143968,11.9119632143968,11.9119632143968,11.9119632143968,11.9119632143968,12.0761035538633,12.0761035538633,12.291921871283,12.3419684547011,12.3419684547011
56,"BEL","Belgium",16.6042511315026,16.6494916448214,16.6606725822692,16.6755304070397,16.8068651452476,16.8200030264883,16.8916016512555,16.9201647889727,16.9329719299403,16.9352488093707,16.9812844667936,16.9863924359546,17,17,17,17,17,17,17,17,17,17,17,17,17
84,"BLZ","Belize",16.827562345526,16.8283451825802,16.8722802141786,16.8722802141786,16.8906296569566,16.8916172015591,16.9378917003761,16.9378917003761,16.9711113421165,16.9711113421165,16.9711275914113,16.9744142064818,16.9748180065719,16.9748180065719,16.9748180065719,16.97485522255,16.97485522255,16.9783957489273,16.9783957489273,16.9783957489273,16.9784121087476,16.9786364881733,16.9786364881733,16.9788162341999,16.9788162341999
204,"BEN","Benin",15.3983330487795,15.3983330487795,15.3983330487795,15.3983330487795,15.3983330487795,15.3983330487795,15.3983330487795,15.3983330487795,15.3983330487795,15.3983330487795,16.4807173765104,16.4807274342747,16.4807274342747,16.4807274342747,16.4807274342747,16.4807274342747,16.4807274342747,16.4807274342747,16.7315494749138,16.7315494749138,16.7315494749138,16.7315494749138,16.7315494749138,16.7315494749138,16.7315494749138
60,"BMU","Bermuda",NA,NA,NA,NA,NA,NA,NA,NA,NA,NA,NA,NA,NA,NA,NA,NA,NA,NA,NA,NA,NA,NA,NA,NA,NA
64,"BTN","Bhutan",9.29451846406363,9.29451846406363,9.29451846406363,12.9141915601731,12.9141915601731,16.8400437195998,16.8400437195998,16.8400437195998,16.8706008279814,16.9221064480132,16.9221064480132,16.9221064480132,16.9221064480132,16.9221064480132,16.9221064480132,16.9221064480132,16.9221064480132,16.9221064480132,16.9226199097314,16.9226199097314,16.9226199097314,16.9226199097314,16.9226918240629,16.9226918240629,16.9226918240629
68,"BOL","Bolivia",10.9997682776829,11.2092311205805,11.209813387624,11.4524938090056,11.4524938090056,13.1082529188293,13.1083035038719,13.5237127945529,13.875574656095,13.875574656095,13.9200581062732,13.9385454598304,14.3347333710208,14.3399093690608,14.4707196479407,14.4710075950589,14.4710075950589,14.4710075950589,14.4710075950589,14.4710075950589,14.472190828626,14.472190828626,14.472190828626,14.620167170343,14.620167170343
70,"BIH","Bosnia and Herzegovina",0.0883673235669721,0.0883673235669721,0.0883673235669721,0.0926112437579172,0.0926112437579172,0.143649061185753,0.143649061185753,0.143649061185753,0.143649061185753,0.143649061185753,0.145494309722665,0.152238877543488,0.152238877543488,0.152238877543488,0.152238877543488,0.161207372327715,0.161207372327715,0.199311518097179,1.5275448344577,1.5275448344577,1.52754483445769,1.52754483445769,1.5275448344577,1.89241068237273,1.89241068237273
72,"BWA","Botswana",14.7020014081347,14.7020014081347,15.0341855373305,15.109632327403,15.1111667313549,15.1111667313549,16.1935867856376,16.1935867856376,16.1951493484559,16.1951493484559,16.1951493484559,16.1951493484559,16.19637879531,16.1963823624387,16.1963823624387,16.1965105596535,16.1965105596535,16.1966004229074,16.1977089176381,16.1981919102002,16.1981919102002,16.1991396119384,16.1991396119384,16.1991396119384,16.1991396119384
76,"BRA","Brazil",7.54377512139509,7.79769468721637,7.91708667264577,11.0512849179571,11.5704156436797,11.8848816604738,12.114941407658,12.6333969929936,13.1823359775593,13.4254023749855,13.9782113270554,14.57038848599,14.8554432566509,14.8715296491877,14.951902464715,15.0320698165036,15.0735282093746,15.0980230875524,15.1210973557577,15.1444006158956,15.1706386007739,15.1793814732937,15.190101418991,15.1937868731227,15.1937868731227
92,"VGB","British Virgin Islands",NA,NA,NA,NA,NA,NA,NA,NA,NA,NA,NA,NA,NA,NA,NA,NA,NA,NA,NA,NA,NA,NA,NA,NA,NA
96,"BRN","Brunei Darussalam",16.5000945556402,16.9819915821122,16.9819915821122,16.9819915821122,16.9819915821122,16.9819915821122,16.9819915821122,16.9819915821122,16.9819915821122,16.9819915821122,16.9819915821122,16.9819915821122,16.9819915821122,16.9819915821122,16.9819915821122,16.9819915821122,16.9819915821122,16.9819915821122,16.9819915821122,16.9819915821122,16.9819915821122,16.9819915821122,16.9819915821122,16.9819915821122,16.9819915821122
100,"BGR","Bulgaria",5.82501241556899,5.8442728874783,5.88725049304796,5.8898651406431,5.94562994599384,6.79635753383557,6.80034795284032,6.94594868337756,6.95719487462148,6.9628795839491,7.12840105420464,7.35070447952133,16.8131171829642,16.8552608305289,16.9330319108442,16.9434691356003,16.9999802129967,16.9999939433886,16.9999939433886,16.9999939433886,17,17,17,17,17
854,"BFA","Burkina Faso",13.5499756238365,13.5499756238365,13.5499756238365,13.5499756238365,13.5499756238365,13.5499756238365,13.7844875685868,13.7844875685868,13.7844875685868,13.7844875685868,13.7844875685868,13.7844875685868,13.9329616839304,14.33412127791,14.33412127791,14.33412127791,14.33412127791,14.6995516845868,14.6995516845868,15.1161514701047,15.1161514701047,15.1161514701047,15.1161514701047,15.1191912421565,15.1191912421565
108,"BDI","Burundi",8.20324270209718,8.20324270209718,8.20324270209718,8.32578536347971,8.32578536347971,8.32578536347971,8.5072732648481,8.5072732648481,8.5072732648481,8.5072732648481,8.57629444566393,8.57629444566393,8.72563853404075,8.72563853404075,8.72563853404075,8.72563853404075,8.72563853404075,8.72563853404075,8.72563853404075,8.72563853404075,8.72563853404075,8.72563853404075,8.72563853404075,9.76698742524305,9.76698742524305
116,"KHM","Cambodia",0.166070868210607,0.166070868210607,0.166070868210607,15.3690542460322,16.6997585820407,16.7030978037224,16.7030978037224,16.7728029180532,16.7728029180532,16.8323504239641,16.8323504239641,16.8323504239641,16.8323504239641,16.8323504239641,16.8358407365967,16.8358407365967,16.8358407365967,16.8364903420109,16.8364903420109,16.8364903420109,16.8364903420109,16.8364903420109,16.8364903420109,16.8364903420109,16.8364903420109
120,"CMR","Cameroon",6.68159788053841,6.7148345376596,6.7148345376596,6.7148345376596,6.7148345376596,6.83358843304564,7.39778096844701,7.39778096844701,7.39778096844701,7.39778096844701,8.33845280044942,8.62027045047544,8.62540442473615,8.62540442473615,8.74181812107681,9.18368559542898,9.31111266302553,9.75190444606944,10.008513437919,10.5657735519202,10.7428191776903,10.7428191776903,10.7844949171608,10.7844949171608,10.7844949171608
124,"CAN","Canada",7.22246526211428,7.24779265394374,7.28677774451717,7.32894969856757,7.44147761359898,7.94042011421695,8.26138513837684,8.44113072187294,8.74894173970468,8.92373919042633,9.3269138164327,10.1700106024237,10.2806772332253,10.6443218996653,10.7578865639924,11.0104974189332,11.1750029114721,11.2497247192954,11.4075060415056,11.4889650657816,11.5476798223156,11.725058766061,11.9010523491836,12.1221789067794,12.1221789067794
132,"CPV","Cape Verde",4.27978532243376,4.27978532243376,4.27978532243376,4.27978532243376,4.27978532243376,4.27978532243376,4.27978532243376,4.27978532243376,4.27978532243376,4.27978532243376,4.27978532243376,4.27978532243376,4.27978532243376,4.27978532243376,4.27978532243376,4.3123087424692,4.3123087424692,4.3123087424692,4.3123087424692,4.3123087424692,4.3123087424692,4.3123087424692,4.3123087424692,4.34435241369552,4.34435241369552
136,"CYM","Cayman Islands",NA,NA,NA,NA,NA,NA,NA,NA,NA,NA,NA,NA,NA,NA,NA,NA,NA,NA,NA,NA,NA,NA,NA,NA,NA
140,"CAF","Central African Republic",13.8591035534173,13.8591035534173,14.134854754772,14.1376928010661,14.1376928010661,14.1376928010661,14.1376928010661,14.1376928010661,14.1376928010661,14.1376928010661,14.1376928010661,14.1376928010661,14.1376928010661,14.1376928010661,14.1376928010661,14.304562866976,14.304644825862,14.304644825862,14.304644825862,14.3060577474089,14.3060577474089,14.3060577474089,14.3060577474089,14.3060577474089,14.3060577474089
148,"TCD","Chad",12.4905862678472,12.4905862678472,12.4905862678472,12.4905862678472,12.4905862678472,12.4905862678472,12.4905862678472,12.4905862678472,12.4905862678472,12.4905862678472,12.4905862678472,13.1516786063391,13.1516786063391,13.1516786063391,13.1516786063391,14.0567414316025,14.1522588729592,14.1522588729592,14.2120979181743,14.2120979181743,14.2120979181743,14.2120979181743,14.218790753547,14.218790753547,14.218790753547
152,"CHL","Chile",9.6418827913847,9.6418827913847,9.6574624767874,9.65812469606253,9.75865949151905,9.86816906035606,9.94629238933312,9.94629238933312,10.1253179151174,10.1258545546036,10.1465760045483,10.1465760045483,10.1465760045483,10.1475341635111,10.1716143298129,10.5258194840079,10.5353683993069,11.0134716768101,11.0429666681704,11.1131650370105,11.4106772215584,11.4158627475989,11.4158627475989,11.4210576081798,11.4421548164621
156,"CHN","China",9.17556938748211,9.22201062150158,9.34199893748608,9.41401149734915,9.71283877571906,9.81052164356068,9.98078460445268,10.0952305752041,10.2669081091398,10.5461364030127,11.1627496253946,11.5613167973961,11.8220010773606,12.125968386711,12.1427386819764,12.1430323494181,12.2099077155409,12.2307975390976,12.2396409770783,12.2397476335203,12.2555317696198,12.2572787250757,12.2575672712648,12.2759346990286,12.2759346990286
170,"COL","Colombia",11.3868701758549,11.3975728549507,11.4155915911784,11.5183694026963,11.5183694026963,11.5189721527257,11.5227148331831,11.5489439730674,11.5955384206377,11.6696922512035,11.7155693093202,11.736650140047,11.8702100096881,11.8952967790985,11.8991167774361,12.347393171886,12.4049773997146,12.6967517049227,12.8349432911318,13.1654516792593,13.515235149946,14.3015106276604,14.3266769410996,14.3266769410996,14.3266769410996
174,"COM","Comoros",0,0,0,0,0,1.41415967381242,1.41415967381242,1.41415967381242,1.41415967381242,1.41415967381242,1.41415967381242,1.41415967381242,1.41415967381242,1.41415967381242,1.41415967381242,1.41415967381242,12.2712014130282,12.2712014130282,12.2712014130282,12.2712014130282,12.2712014130282,12.2712014130282,12.2712014130282,12.2712014130282,12.2712014130282
184,"COK","Cook Islands",NA,NA,NA,NA,NA,NA,NA,NA,NA,NA,NA,NA,NA,NA,NA,NA,NA,NA,NA,NA,NA,NA,NA,NA,NA
188,"CRI","Costa Rica",16.5299803599647,16.664819262728,16.6664022590377,16.6750618877777,16.72556957749,16.7534374599217,16.756149092214,16.7562007076786,16.7569668733117,16.7802702806087,16.8050805731196,16.8050805731196,16.8050805731196,16.8055264289876,16.8055264289876,16.8055264289876,16.8055264289876,16.8065246252371,16.8065246252371,16.8065246252371,16.8065863122114,16.8065863122114,16.8065863122114,16.8065863122114,16.8065863122114
384,"CIV","Cote d'Ivoire",16.8425644944905,16.8425644944905,16.8425644944905,16.8426769569261,16.8426769569261,16.842676956926,16.842676956926,16.8426769569261,16.842676956926,16.8426769569261,16.842676956926,16.8426769569261,16.8426769569261,16.8426769569261,16.8426910824666,16.9069189489779,16.9069189489779,16.9069189489779,16.9069189489779,16.906949893832,16.906949893832,16.906949893832,16.9070942816815,16.9070942816815,16.9070942816815
191,"HRV","Croatia",12.867548607712,12.8980147013146,12.9138239299742,13.1707202009343,13.1707202009343,13.3751254994707,13.5040909880491,13.5503319464252,13.6439202832399,14.7849211706242,14.8009024907752,15.0098781221598,15.0177597288641,15.0744512893357,15.3928884911008,15.3928884911008,15.6727577450689,15.6815291045474,15.6815291045474,15.6815291045474,15.6892283618974,15.8607217296046,15.8616897688471,16.9990559790513,16.9990559790513
192,"CUB","Cuba",8.62537632221702,8.62537632221702,8.62537632221702,8.62537632221702,8.62537632221702,8.62537632221702,8.62537632221702,8.62537632221702,8.62537632221702,8.86385687494572,12.077807711567,12.823470200444,13.453213935599,13.453213935599,13.453213935599,13.453213935599,13.453213935599,13.453213935599,13.453213935599,13.453213935599,13.4584621325145,13.4584621325145,13.4584621325145,13.4584621325145,13.4584621325145
531,"CUW","Curacao",NA,NA,NA,NA,NA,NA,NA,NA,NA,NA,NA,NA,NA,NA,NA,NA,NA,NA,NA,NA,NA,NA,NA,NA,NA
196,"CYP","Cyprus",3.80395769274414,3.80395769274415,3.88256279541394,3.88256279541394,3.88256279541394,3.88256279541394,3.9377776215707,3.9377776215707,3.96715388718141,4.85591697960932,16.3554798501777,16.7015750978005,16.7015750978005,16.8223622394029,16.8231742032716,16.8362197594771,16.8366810582644,16.8370724827836,16.9231130610697,16.9236604802482,16.9236604802482,16.9236604802482,16.9236604802482,16.9236604802482,16.9236604802482
203,"CZE","Czech Republic",16.6062421379347,16.6962891867244,16.7043168437444,16.7165129111143,16.7278216116245,16.7319411192796,16.7445824579917,16.7512360757332,16.766151932727,16.7871232872783,16.7911143802229,16.7966955765232,16.8080791234297,16.8421714747589,16.9467549400706,17,17,17,17,17,17,17,17,17,17
180,"COD","Dem. Rep. Congo",10.9678570435572,10.9683741440176,11.0041471207671,11.0056164961028,11.0056164961028,11.0056164961028,11.0312639668043,11.0312639668043,11.0312639668043,11.0312639668043,11.0312639668043,11.0312639668043,11.0330569826097,11.0330569826097,11.0330569826097,11.0330569826097,11.0330569826097,11.2054597360559,12.1071088485388,12.1078060706484,12.1078060706484,12.1078060706484,12.1359342230669,12.1359342230669,12.1359342230669
208,"DNK","Denmark",15.7732176580367,15.8095803665331,17,17,17,17,17,17,17,17,17,17,17,17,17,17,17,17,17,17,17,17,17,17,17
262,"DJI","Djibouti",0,0,0,0,0,0,0,0,0,0,0,0,0.103504244263369,0.103504244263369,0.103504244263369,0.103504244263369,0.103504244263369,0.103504244263369,0.103504244263369,0.103504244263369,0.103504244263369,0.103504244263369,0.103504244263369,1.31071629202651,1.31071629202651
212,"DMA","Dominica",NA,NA,NA,NA,NA,NA,NA,NA,NA,NA,NA,NA,NA,NA,NA,NA,NA,NA,NA,NA,NA,NA,NA,NA,NA
214,"DOM","Dominican Republic",16.1951591333205,16.1951591333205,16.2350607162588,16.2350607162588,16.2350607162588,16.2908847506619,16.3217492680265,16.3217492680265,16.3217492680265,16.3217492680265,16.35676212112,16.35676212112,16.35676212112,16.35676212112,16.35676212112,16.35676212112,16.35676212112,16.35676212112,16.35676212112,16.35676212112,16.35676212112,16.35676212112,16.35676212112,16.3970623071963,16.3970623071963
218,"ECU","Ecuador",13.3136746742142,13.330049585558,13.3441938426825,13.4448106162083,13.6529069961299,13.7099468275407,14.2742602166387,14.2742602166387,14.2742602166387,14.2742669261064,14.3821120224012,14.3821120224012,14.3821120224012,14.3838668810138,14.3838668810138,14.3838668810138,14.3912271546106,14.4718863040843,14.476256302221,14.476256302221,14.4762819160372,14.4838233368273,14.5148952629576,14.5150778121185,14.5150778121185
818,"EGY","Egypt",1.66021568920207,1.66021568920207,1.66428953290262,2.85283257344689,2.85283257344689,4.04243933794728,5.97636574022301,5.97636574022301,6.85124434315644,6.87563018179043,6.87563018179043,6.87563018179043,7.13924708432287,7.52906792555377,7.52906792555377,7.53158538789152,7.55287267710971,8.12022265226962,8.12022265226962,8.12022265226962,8.16420105761529,8.16420105761529,8.16820206443086,8.16820206443086,8.16820206443086
222,"SLV","El Salvador",0.696075959813601,0.696075959813601,0.696075959813601,0.696075959813601,0.696075959813601,0.696075959813601,0.696075959813601,0.810645720557699,0.810645720557699,0.8442139490039,0.8442139490039,0.8442139490039,0.8442139490039,0.8442139490039,0.8442139490039,4.75987573497619,4.75987573497619,11.3110527403198,11.7573583720238,11.9884406328789,13.2425335206238,14.1257286926464,14.1257286926464,14.1257286926464,14.1257286926464
226,"GNQ","Equatorial Guinea",5.3837152164728,5.3837152164728,5.3837152164728,5.3837152164728,5.3837152164728,5.3837152164728,5.3837152164728,5.3837152164728,5.3837152164728,5.3837152164728,16.0005182273834,16.0005182273834,16.0005558451685,16.9064393663199,16.9064393663199,16.9064393663199,16.9064393663199,16.9064393663199,16.9064393663199,16.911813181923,16.911813181923,16.911813181923,16.911813181923,16.911813181923,16.911813181923
232,"ERI","Eritrea",4.07805542508024,4.07805542508024,4.07805542508024,4.07805542508024,4.07805542508024,4.07805542508024,4.07805542508024,4.07805542508024,4.07805542508024,4.07805542508024,4.07805542508024,4.07805542508024,4.07805542508024,4.07805542508024,4.07805542508024,4.07805542508024,4.07805542508024,4.1719478622334,4.1719478622334,4.1719478622334,4.1719478622334,4.1719478622334,4.1719478622334,4.1719478622334,4.1719478622334
233,"EST","Estonia",15.6640224880831,15.6640224880831,15.6640224880831,15.6640224880831,15.6665498274376,15.6673446375505,15.7307780654875,16.8285033075845,16.8300076859688,16.8768250337288,16.9431575551602,16.9936166607412,17,17,17,17,17,17,17,17,17,17,17,17,17
231,"ETH","Ethiopia",13.5953927206786,13.5953927206786,13.5953927206786,13.5953927206786,13.5953927206786,13.5953927206786,13.5953927206786,13.5953927206786,13.5953927206786,13.5953927206786,13.5953927206786,13.5953927206786,13.5953927206786,13.5953927206786,13.5953927206786,13.5953927206786,13.7173873450861,13.7647383360549,13.7647383360549,13.7647383360549,13.9637629043734,13.9637629043734,13.9637629043734,13.9637629043734,13.9637629043734
234,"FRO","Faeroe Islands",0,0,0,0,0,0,0,0,0,0,0,0,0,0,0,0,0,0,0,0,0,0,2.68484678936084,2.68484678936084,2.68484678936084
238,"FLK","Falkland Islands",1.16719782333044,1.16719782333044,1.16719782333044,1.16719782333044,1.16719782333044,1.16719782333044,1.16719782333044,1.16719782333044,1.16719782333044,1.16719782333044,1.16719782333044,1.27581410571489,1.27581410571489,1.27581410571489,1.27581410571489,1.27581410571489,1.27581410571489,1.27581410571489,1.27581410571489,1.27581410571489,1.27581410571489,1.27581410571489,1.27581410571489,1.27581410571489,1.27581410571489
242,"FJI","Fiji",2.53468240521769,2.53468240521769,2.5346824052177,2.53468240521769,2.53468240521769,2.53468240521769,2.74681571430748,2.84070751754424,2.84070751754424,2.8511137112775,2.86351171911663,3.15873888008611,3.18928215372657,5.00178243033495,8.14154786699469,8.14678018803128,8.2577649771115,8.27169105262484,8.27169105262484,8.27169105262484,8.27169105262484,8.27169105262484,8.27169105262484,8.27169105262484,8.27169105262484
246,"FIN","Finland",7.69911447857391,8.46769202744815,9.47442613557619,13.0824514615694,13.1721355033519,13.2214062291136,15.0637993314646,15.4072660294085,15.576924516074,15.5951568727281,16.0891258870292,16.1059467119291,16.1212836869775,16.1385808542479,16.1652482748374,16.1961703062672,16.2091810861626,16.2232490951981,16.2429832234592,16.2587720100977,16.2835754553688,16.3119797108153,16.3408615457058,16.3422922457848,16.3422922457848
250,"FRA","France",13.1847027573273,13.6486681207454,13.6848019544733,13.782917942988,13.9769473081775,16.9112669168111,16.9835788484701,16.9837215734199,16.9933906437862,16.9938210547781,16.9938210547781,16.9949339074217,16.9949339074217,16.9949379457615,16.9949379457615,16.9949379457615,16.9949905447239,16.9949905447239,16.9949905447239,16.994994572749,16.994994572749,16.994994572749,16.9950914991646,16.9950914991646,16.9950914991646
254,"GUF","French Guiana",0.00346491789656394,0.00346491789656394,0.00346491789656394,2.43483486620713,2.48129434291409,5.8651396290279,6.91089024735897,6.91089024735897,7.06381476898149,7.06381476898149,7.06381476898149,11.9976348655876,12.3007053513783,12.3007053513783,12.3007053513783,12.3007053513783,12.3189964839982,16.0086947845307,16.0345045843222,16.0345045843222,16.0345045843222,16.0345045843222,16.0345045843222,16.0345045843222,16.0345045843222
258,"PYF","French Polynesia",1.22622983579457,1.22622983579457,1.25313109704629,1.25313109704629,1.25313109704629,1.25313109704629,1.25313109704629,1.25313109704629,1.25313109704629,1.25313109704629,1.25313109704629,1.25313109704629,1.25313109704629,1.25313109704629,1.25313109704629,1.25313109704629,1.25313109704629,1.25313109704629,2.96749434577522,2.96749434577522,2.96749434577522,2.96749434577522,2.96749434577522,2.96749434577522,2.96749434577522
266,"GAB","Gabon",4.94947840122082,4.94947840122082,4.94947840122082,4.94947840122082,4.94947840122082,4.94947840122082,4.94947840122082,4.94947840122082,5.59209299599513,5.72583154958415,5.73204945387696,5.73204945387696,14.7841575319311,15.0137146676073,15.0137146676073,15.0157378949323,15.0157378949323,15.6987374104094,15.7028639115816,16.1502212459329,16.1502212459329,16.1502212459329,16.166470582965,16.166470582965,16.166470582965
270,"GMB","Gambia",2.47782816216024,2.47782816216024,2.47782816216024,2.62570871258735,2.62570871258735,2.62570871258735,4.93371129959119,4.93371129959119,4.93371129959119,4.93371129959119,4.93371129959119,4.93371129959119,4.93371129959119,5.63803674078487,5.63803674078487,5.63803674078487,5.63803674078487,5.68318541291173,5.68318541291173,5.68318541291173,5.68318541291173,5.68318541291173,5.68318541291173,5.68318541291173,5.68318541291173
268,"GEO","Georgia",4.07752166240922,4.07752166240922,4.07752166240922,4.07752166240922,4.07752166240922,5.76707299166162,5.87232739098014,6.07013951992641,6.07337337388867,6.07337337388867,6.07337337388867,6.07337337388867,6.07337337388867,7.89224745425113,7.89224745425113,7.89224745425113,8.19498160777851,10.0354668924867,10.0354668924867,10.0423377260511,10.0423377260511,10.1868259661782,10.4009283383163,10.5225348954844,11.3068741249128
276,"DEU","Germany",16.9973720676158,16.9980953140165,16.9996806241851,16.9996806241851,16.9996890412466,16.9999266246784,16.99999827876,16.99999827876,16.99999827876,16.99999827876,16.99999827876,17,17,17,17,17,17,17,17,17,17,17,17,17,17
288,"GHA","Ghana",15.2976547462975,15.3015059408215,15.3463049856545,15.3463049856545,15.3463049856545,15.3463049856545,15.3463049856545,15.3463049856545,15.3463049856545,15.3463049856545,15.3463049856545,15.3463049856545,15.3463049856545,15.3463049856545,15.3463049856545,15.3463049856545,15.3463049856545,15.3463049856545,15.3463049856545,15.3463049856545,15.3463049856545,15.3463938298197,15.3463938298197,15.3463938298197,15.3463938298197
292,"GIB","Gibraltar",NA,NA,NA,NA,NA,NA,NA,NA,NA,NA,NA,NA,NA,NA,NA,NA,NA,NA,NA,NA,NA,NA,NA,NA,NA
300,"GRC","Greece",11.8992947493474,11.9655512544712,12.6374192519252,12.6546849174691,13.7343078768137,16.9974752086834,16.9974752086834,16.9993485799113,16.9993921139965,16.9993921139965,16.9993921139965,16.9998854505398,16.9998994338984,16.9998994338984,16.9999335003368,16.9999405719443,16.9999878925858,16.9999898809943,17,17,17,17,17,17,17
304,"GRL","Greenland",13.2088963292402,13.2088963292402,13.2088963292402,13.2088963292402,13.2088963292402,13.2088963292402,13.2088963292402,13.2088963292402,13.2104950357753,13.2104950357753,13.2104950357753,13.2104950357753,13.2104950357753,13.5059426855492,13.5059426855492,13.5162360647632,13.5162360647632,13.5162360647632,13.5572792135492,13.5572792135492,13.6298739382693,13.6840495902791,13.6840495902791,13.6840495902791,13.6840495902791
308,"GRD","Grenada",NA,NA,NA,NA,NA,NA,NA,NA,NA,NA,NA,NA,NA,NA,NA,NA,NA,NA,NA,NA,NA,NA,NA,NA,NA
312,"GLP","Guadeloupe",16.8503645122067,16.8503645122067,16.8503645122067,16.8503645122067,16.8641170795398,16.9466191911887,16.9466191911887,16.9466191911887,16.9466307295474,16.9466307295474,16.9466307295474,16.9466307295474,16.9466307295474,16.9878853849891,16.9878853849891,16.9878853849891,16.9878853849891,16.9878853849891,16.9878853849891,16.9878853849891,16.9878853849891,16.9878853849891,16.9878853849891,16.9878853849891,16.9878853849891
316,"GUM","Guam",NA,NA,NA,NA,NA,NA,NA,NA,NA,NA,NA,NA,NA,NA,NA,NA,NA,NA,NA,NA,NA,NA,NA,NA,NA
320,"GTM","Guatemala",9.81961700427489,9.82069104510772,9.86906665964163,9.86906665964163,9.87065529335635,9.93481907618934,10.6974573614092,11.4641217987702,11.5628090036052,11.5927484819704,11.7324447345459,11.8316069117603,11.9169972179315,11.9859523709944,12.16720875356,12.2082047908711,12.3872146524627,12.6301038529641,12.6377489258229,12.6382237265534,12.6422925039789,12.6422925039789,12.6422925039789,12.6422925039789,12.6422925039789
324,"GIN","Guinea",10.5738800463418,10.5738800463418,10.7900276577517,10.7900316133522,10.7900316133522,10.799548137061,10.799548137061,10.799548137061,10.799548137061,10.799548137061,10.799548137061,10.799548137061,14.6184798440963,14.6184798440963,14.6184798440963,15.0648891536081,15.0648891536081,15.1821036033806,15.1821036033806,15.1821036033806,15.1833736631996,15.1834869575977,15.1836290148081,15.1836290148081,15.1836290148081
624,"GNB","Guinea-Bissau",8.45444607835231,8.45444607835231,8.50568374833951,8.50568374833951,8.50568374833951,8.50568374833951,8.90807691671322,8.90807691671322,8.90807691671322,8.90807691671322,13.0837524842549,13.0837524842549,13.0837524842549,13.0837524842549,13.0837524842549,13.2623715112165,13.2623715112165,13.2623715112165,13.2623715112165,13.2623715112165,13.2623715112165,13.2623715112165,13.2623715112165,13.2623715112165,13.2623715112165
328,"GUY","Guyana",2.06076662797985,2.06770954755646,2.06770954755646,2.06770954755646,2.06770954755646,2.07055344824749,3.30731432447686,3.30731432447686,3.30731432447686,3.30731432447686,3.30731432447686,3.30731432447686,3.30731432447686,3.30731432447686,3.31120587256475,3.31120587256475,3.44980139389465,4.72722280256667,4.72722280256667,4.72722280256667,4.72722280256667,6.63211262694327,6.63211262694327,6.63211262694327,6.63211262694327
332,"HTI","Haiti",2.2958404507946,2.2958404507946,2.2958404507946,2.2958404507946,2.2958404507946,2.31337900884836,2.31337900884836,2.31337900884836,2.31337900884836,2.31337900884836,2.31337900884836,2.31337900884836,3.93198376819441,3.93198376819441,3.93198376819441,3.93198376819441,3.93198376819441,3.93198376819441,3.93198376819441,3.93198376819441,3.93198376819441,3.93198376819441,3.93198376819441,3.93198376819441,3.93198376819441
336,"VAT","Holy See",NA,NA,NA,NA,NA,NA,NA,NA,NA,NA,NA,NA,NA,NA,NA,NA,NA,NA,NA,NA,NA,NA,NA,NA,NA
340,"HND","Honduras",14.6164842097773,14.6268818146521,14.8339498991102,14.8404521909899,14.9232337982019,14.9244949391951,14.9244949391951,14.9302397955953,14.9302397955953,14.9313466142145,15.1549442632973,15.1564324127677,15.1564324127677,15.1565779315633,15.1565779315633,15.3206373747836,15.5405931441707,15.5405931441707,15.5405931441707,15.5405931441707,15.6266690287619,15.6266690287619,15.7761986901536,15.8398383077408,15.8398383077408
344,"HKG","Hong Kong",16.9998672499932,16.9998672499932,16.9998672499932,16.9998672499932,16.9998672499932,16.9998672499932,16.9998672499932,16.9998672499932,16.9998672499932,16.9998672499932,16.9998672499932,16.9998672499932,16.9998672499932,16.9998672499932,16.9998672499932,16.9998672499932,16.9998672499932,16.9998672499932,16.9998672499932,16.9998672499932,16.9998672499932,16.9998672499932,16.9998672499932,16.9998672499932,16.9998672499932
348,"HUN","Hungary",11.1529559791925,11.3219097751519,11.5114626442407,12.0635935060919,12.0674393486775,12.0832788031549,12.8827197898098,15.1517044421074,15.8091692461749,15.9949566717703,15.9998297468659,16.0492363066053,16.5885139219751,16.9475811811687,16.9999523675817,16.9999523675817,16.9999523675817,16.9999523675817,16.9999523675817,16.9999523675817,16.9999523675817,16.9999523675817,17,17,17
352,"ISL","Iceland",3.74105362864032,3.74105362864032,3.74105362864032,3.74105362864032,3.89209006794605,5.25165573142858,5.26465587506563,5.26465587506563,5.26498609681508,5.26958806674769,5.27024850917242,5.4603678142165,5.54583704075868,5.64595406387124,5.64627952593622,6.12354604685148,6.18604561104271,6.20305506672319,13.671902555522,13.7260927619032,13.7260927619032,13.7293724311736,13.7318228229934,13.7718492110106,13.7718492110106
356,"IND","India",7.44921833534404,7.52803667365768,7.63656174701216,7.64571846495016,7.64657217593181,7.68446559197835,7.74255882773003,7.77011889676014,7.82901346844255,7.84744244726984,8.05278881385299,8.13460078906568,8.26046044951108,8.26547629667259,8.31297791381084,8.31733487308983,8.31733487308983,8.31733487308983,8.31733487308983,8.33247589538528,8.33371410910324,8.33371410910324,8.72086763967811,8.72086763967811,8.72834616385847
360,"IDN","Indonesia",10.6879754728211,11.032011456492,11.3099174525066,11.3686489701253,11.3686489701254,11.4212160044325,11.50483031879,11.8092171389256,12.0720391470455,12.3933220252638,12.3944884151811,12.3944960777828,12.4281679419406,12.4287296070575,12.9070503867114,12.9267993338005,12.9462644480315,12.9902887444141,12.9982664255542,13.148940414859,13.148940414859,13.1870754686929,13.1870754686929,13.1870754686929,13.1870754686929
364,"IRN","Iran",6.34426414157636,6.34426414157636,6.34426414157636,6.39328952901135,6.39328952901135,6.45627115413199,6.59151606050853,6.59196389125974,6.59196389125974,6.60070731511784,6.89573297636472,7.4490923848736,7.73528652313964,7.74605491442765,7.74761547865379,7.74827124605413,7.74827124605413,7.74827124605413,7.74844042480607,7.74844042480607,7.74956457797921,7.7497568247493,7.7497568247493,7.7497568247493,7.7497568247493
368,"IRQ","Iraq",0.162625070313377,0.162625070313377,0.162625070313377,0.162625070313377,0.162625070313377,0.162625070313377,0.162625070313377,0.162625070313377,0.162625070313377,0.162625070313377,0.16729668828634,0.16729668828634,0.16729668828634,0.16729668828634,0.16729668828634,0.16729668828634,0.16729668828634,0.16729668828634,0.767757322690942,0.767757322690942,0.767757322690942,0.8044403182904,0.8044403182904,0.8044403182904,0.8044403182904
372,"IRL","Ireland",0.528553354433808,0.53937258327581,0.547187888056312,0.547187888056312,1.64058178800233,9.54561109501484,13.89200182582,15.556021216861,16.948652402966,16.9656929589094,16.9695664497125,16.9733690398227,16.9736413122855,16.9898444418568,16.9898734153637,16.9903293063756,16.9906637448056,16.9908527586694,16.9908527586694,16.990954030447,16.9909578130903,16.9909578130903,16.9909578130903,16.9909578130903,16.9909578130903
833,"IMN","Isle of Man",NA,NA,NA,NA,NA,NA,NA,NA,NA,NA,NA,NA,NA,NA,NA,NA,NA,NA,NA,NA,NA,NA,NA,NA,NA
376,"ISR","Israel",8.16407313281035,8.16480603237689,8.56770292894607,8.59206063498267,8.98285046267395,8.98434995752504,9.10059638231363,9.10209772279636,9.10209772279636,9.10209772279636,9.11996764359804,9.13325529571539,9.16703224449283,9.32696840880888,9.32853885012266,9.36651982067361,9.36743722210511,9.48694163112535,9.54671957815084,9.59940800679812,10.3171290523478,10.3359878353089,10.3359878353089,10.3359878353089,10.3359878353089
380,"ITA","Italy",11.0935817742526,12.4308678679274,12.4527299738102,13.0688234404236,13.0875285537057,16.406689777666,16.470206042221,16.5636126938248,16.8383627408162,16.8414964295675,16.8465248401597,16.852558155192,16.916174236263,16.9309547141343,16.9431381883802,16.963825370052,16.9937075207807,16.9938066361361,16.9938066361361,16.9967982118167,16.9968004966822,16.9968004966822,16.9968072324463,16.9968072324463,16.9968072324463
388,"JAM","Jamaica",16.1535727230191,16.1535727230191,16.1692888160242,16.3432698058816,16.3432698058816,16.3432698058816,16.373467584608,16.7082600048219,16.7150004939742,16.9874013735794,16.9874013735794,16.9874013735794,16.9882887043105,16.9882887043105,16.9882887043105,16.9882891908447,16.9893978284458,16.9893978284458,16.9893978284458,16.9900634274885,16.9900634274885,16.9900634274885,16.9900634274885,16.9900634274885,16.9900634274885
392,"JPN","Japan",16.7833442882545,16.7839162328827,16.7860734898033,16.8038126224862,16.8209987338366,16.8215029408519,16.8225560824405,16.8303517144737,16.8304982849256,16.830684680162,16.8336058373226,16.8336058373226,16.8339084668904,16.8362258472498,16.8374064253645,16.8385391156078,16.8393122621422,16.8623690544565,16.8623690544565,16.8623690544565,16.8623690544565,16.8623690544565,16.8623690544565,16.8623690544565,16.8623690544565
400,"JOR","Jordan",1.91884501570158,1.91884501570158,1.91884501570158,1.93176484078831,1.93176484078831,1.93176484078831,3.55642815047046,3.57581764042574,3.57581764042574,3.57581764042574,3.57581764042574,3.57581764042574,3.57581764042574,3.58192754389155,3.63533026510768,3.63533026510768,3.63533026510768,3.63533026510768,3.63533026510768,3.64619492912439,3.70811396407049,4.19514578466559,4.28928304076938,4.35976701845435,4.35976701845435
398,"KAZ","Kazakhstan",3.56495465368704,3.57152187458659,3.59908483693545,3.60131978422133,3.60427259018903,3.60427259018903,3.71756705546255,3.71756705546255,3.71756705546255,3.72485119807656,3.72485119807656,3.81330936226359,3.81330936226359,3.81330936226359,3.81330936226359,3.81330936226359,3.81330936226359,3.81330936226359,3.87418296813316,4.35160126603163,4.35160126603163,4.35160126603163,4.81542795857689,4.81542795857689,4.81542795857689
404,"KEN","Kenya",14.4743309408587,14.7010106194918,14.7527624905367,14.7575548618558,14.7575548618558,14.800306747514,14.800306747514,14.8010327213257,14.8010327213257,14.8010327213257,14.8294902375804,14.8412723398958,14.8639421076548,14.9096962493404,14.9216794134313,14.9248750925633,14.9347815748087,14.9347815748087,14.9348044799776,14.9476508719456,14.9625823192002,14.9731876673622,15.2251042287288,15.2251042287288,15.2251042287288
296,"KIR","Kiribati",NA,NA,NA,NA,NA,NA,NA,NA,NA,NA,NA,NA,NA,NA,NA,NA,NA,NA,NA,NA,NA,NA,NA,NA,NA
689,"XKX","Kosovo",NA,NA,NA,NA,NA,NA,NA,NA,NA,NA,NA,NA,NA,NA,NA,NA,NA,NA,NA,NA,NA,NA,NA,NA,NA
414,"KWT","Kuwait",2.61726265656044,2.61726265656044,2.61726265656044,2.61726265656044,2.61726265656044,2.61726265656044,2.61726265656044,2.61726265656044,2.61726265656044,2.61726265656044,2.61726265656044,2.61726265656044,2.77650501587918,2.77650501587918,2.77650501587918,2.77650501587918,2.77650501587918,2.77650501587918,2.77650501587918,2.77650501587918,6.23855786937324,16.2054132632873,16.2054132632873,16.2054132632873,16.2054132632873
417,"KGZ","Kyrgyzstan",7.4392729706254,7.4392729706254,7.51140732670173,7.51140732670173,7.54875118476983,7.8738401022249,8.12028638480092,8.12028638480092,8.12028638480092,8.12481126220691,8.12481126220691,13.8636947088288,13.8636947088288,13.8636947088288,13.8636947088288,13.8678162342872,13.8678162342872,13.8678162342872,13.8678162342872,13.8678162342872,13.8678162342872,13.8790368553477,13.8790368553477,13.9003287127837,13.9003287127837
418,"LAO","Laos",2.61705956100164,2.62421643333203,2.62421643333203,15.055126843848,15.515877536577,15.5160709830814,15.6703211579476,15.6703211579476,15.6703211579476,15.6763478539673,15.7307913250775,15.7307913250775,15.7307913250775,15.7308936685207,15.7308936685207,15.7308936685207,15.7308936685207,15.7312765888597,15.7345973197059,15.7359548193125,15.7377347428175,15.7377347428175,15.7377347428175,15.7377347428175,15.7377347428175
428,"LVA","Latvia",14.1550526950751,14.1550526950751,14.1597922274345,14.1597922274345,14.1597922274345,14.1657446404614,14.2705482229221,16.7083558209663,16.7083558209663,16.7396309307576,16.7396458922058,16.748965149127,16.7525749502173,16.81020750849,16.8216153653101,16.8274349095081,16.8282186080559,16.8283263026126,16.8283263026126,16.8285959101692,16.8305389511722,16.8305389511722,16.8305389511722,16.8305389511722,16.8305389511722
422,"LBN","Lebanon",1.2067697944238,1.2067697944238,1.61966962419324,1.61966962419324,1.61966962419324,1.72419207432508,4.00945056909167,4.00945056909167,4.08812030016685,4.97875917446479,4.97875917446479,4.99927824727888,5.00953872547909,5.00953872547909,5.00953872547909,5.00953872547909,5.00953872547909,5.72284358437272,5.72284358437272,6.02790226119394,6.67238299056625,6.80600241153234,6.80600241153234,6.80600241153234,6.80600241153234
426,"LSO","Lesotho",1.94265929897423,1.94265929897423,1.94265929897423,1.94265929897423,1.94265929897423,1.94265929897423,1.94265929897423,1.98041419492675,1.98041419492675,1.98041419492675,2.04583159644611,2.04583159644611,2.04583159644611,2.04583159644611,2.06909622960638,2.06909622960638,2.06909622960638,2.06909622960638,2.06909622960638,2.06909622960638,2.06909622960638,2.06909622960638,2.06909622960638,2.06909622960638,2.06909622960638
430,"LBR","Liberia",2.72736764403914,2.72736764403914,2.72736764403914,2.72736764403914,2.72736764403914,2.72736764403914,2.72736764403914,2.72736764403914,2.72736764403914,2.72736764403914,2.72736764403914,2.72736764403914,2.72736764403914,3.69685680589501,3.69685680589501,3.69685680589501,3.81740089986383,3.81740089986383,3.81740089986383,3.81740089986383,3.81740089986383,3.81740089986383,3.81740089986383,3.81740089986383,3.81740089986383
434,"LBY","Libya",0.41069993127234,0.41069993127234,0.895902537153072,0.895902537153072,0.895902537153072,0.895902537153072,0.895902537153072,0.895902537153072,0.895902537153072,0.895902537153072,0.899574658545809,0.899574658545809,0.899733526828655,0.899733526828655,0.899733526828656,0.899733526828655,0.899733526828656,0.90945724986328,0.90945724986328,0.90945724986328,0.90945724986328,0.90945724986328,0.90945724986328,0.90945724986328,0.90945724986328
438,"LIE","Liechtenstein",NA,NA,NA,NA,NA,NA,NA,NA,NA,NA,NA,NA,NA,NA,NA,NA,NA,NA,NA,NA,NA,NA,NA,NA,NA
440,"LTU","Lithuania",5.66702105932407,7.43293223279358,16.8761578987414,16.8921604580074,16.8927814553976,16.8927814553976,16.8927814553976,16.8927814553976,16.8960468118936,16.8960468118936,16.8960468118936,16.8960584945659,16.9140044391164,16.9140044391164,16.9830369007366,16.9863570464487,16.9864250274178,16.9864250274178,16.9876215391033,16.9889436155699,16.9889436155699,16.9890346875953,16.9890346875953,16.9890346875953,16.9890346875953
442,"LUX","Luxembourg",14.1075760913392,14.5965022456521,14.5965022456521,14.7179426195185,15.7589829605024,15.7589829605024,17,17,17,17,17,17,17,17,17,17,17,17,17,17,17,17,17,17,17
446,"MAC","Macao",NA,NA,NA,NA,NA,NA,NA,NA,NA,NA,NA,NA,NA,NA,NA,NA,NA,NA,NA,NA,NA,NA,NA,NA,NA
807,"MKD","Macedonia",12.0881135450123,12.3044128151309,12.3044128151309,12.3044128151309,12.7477386502604,12.8058545103531,12.8301777778415,13.0819497976506,13.0898147050213,13.1328660104074,13.1328660104074,13.1328660104074,13.265457538073,13.3627856755964,13.3627856755964,13.3627856755964,13.5349373020388,13.5365844960772,13.5365844960772,13.5365844960772,13.5523636839689,13.5727054078892,13.5727054078892,13.5727054078892,13.5727054078891
450,"MDG","Madagascar",7.12512593899425,7.28227225101174,7.28227225101174,7.28227225101174,7.28227225101174,7.28227225101174,7.28227225101174,8.4976503720316,8.50665275687384,8.50665275687384,8.50665275687384,8.52913062057139,8.52913062057139,9.63352323078362,9.63352323078362,9.75559514330971,9.7733243710067,9.85603737917487,9.88105082698592,9.90301712809468,10.8716919588952,10.8757491408637,10.8923506881493,10.8923506881493,10.8923506881493
454,"MWI","Malawi",15.6436012295476,15.6436012295476,15.6436012295476,15.6436012295476,15.6436012295476,15.6436012295476,15.9188088394107,15.9188088394107,15.9188088394107,15.9188088394107,15.9221476668084,15.9221476668084,15.9221476668084,15.9221476668084,15.9221476668084,15.9221476668084,15.9221476668084,15.9221476668084,15.9221476668084,15.9221476668084,15.9221476668084,15.9221476668084,15.9221476668084,15.9221476668084,15.9221476668084
458,"MYS","Malaysia",15.5974299550574,15.6252288610336,15.6938079353257,15.8058939853879,15.8070241222578,15.8070241222578,15.8109762363865,15.8109762363865,15.8109762363865,15.8138551676976,15.8149540609051,15.8235976703348,15.8235976703348,15.8239603263975,15.8239603263975,15.8264792273726,15.8264792273726,15.8264792273726,15.8337104056612,15.833749639758,15.833749639758,15.833749639758,15.833749639758,15.833749639758,15.833749639758
462,"MDV","Maldives",NA,NA,NA,NA,NA,NA,NA,NA,NA,NA,NA,NA,NA,NA,NA,NA,NA,NA,NA,NA,NA,NA,NA,NA,NA
466,"MLI","Mali",5.56201643670321,5.56201643670321,5.56201643670321,5.56201643670321,5.56201643670321,5.56201643670321,5.56201643670321,5.56201643670321,5.56201643670321,5.56201643670321,5.56201643670321,6.88472889682947,7.57287645746042,7.57287645746042,12.2154762109823,12.2154762109823,12.2551891604603,12.4194448584781,12.4194448584781,12.4261023777696,12.5623776093107,12.596509516658,12.7869320077708,12.8503686160466,12.8503686160466
470,"MLT","Malta",NA,NA,NA,NA,NA,NA,NA,NA,NA,NA,NA,NA,NA,NA,NA,NA,NA,NA,NA,NA,NA,NA,NA,NA,NA
584,"MHL","Marshall Islands",NA,NA,NA,NA,NA,NA,NA,NA,NA,NA,NA,NA,NA,NA,NA,NA,NA,NA,NA,NA,NA,NA,NA,NA,NA
474,"MTQ","Martinique",16.9999378488615,16.9999378488615,16.9999378488615,16.9999378488615,16.9999378488615,16.9999378488615,16.9999378488615,16.9999378488615,16.9999378488615,16.9999378488615,16.9999378488615,16.9999378488615,16.9999378488615,16.9999378488615,16.9999378488615,16.9999378488615,16.9999378488615,16.9999378488615,16.9999378488615,16.9999378488615,16.9999378488615,16.9999378488615,16.9999378488615,16.9999378488615,16.9999378488615
478,"MRT","Mauritania",1.05112255814314,1.05112255814314,1.05112255814314,1.05112255814314,1.20345075557293,1.20345075557293,1.20345075557293,1.20345075557293,1.20345075557293,1.20345075557293,1.22747658785899,1.22747658785899,1.22747658785899,1.22747658785899,1.22747658785899,1.22832999696906,1.22832999696906,1.22832999696906,1.22832999696906,1.24626183205343,1.24626183205343,1.24626183205343,1.42974130856731,1.42974130856731,1.42974130856731
480,"MUS","Mauritius",5.95964021732797,5.95964021732797,5.95964021732797,5.95964021732797,7.11821592783015,7.11821592783015,7.11821592783015,7.11821592783015,7.11821592783015,7.11821592783015,8.97227729389514,8.99765984127406,8.99765984127406,8.99765984127406,8.99765984127406,8.99765984127406,8.99765984127406,8.99765984127406,8.99765984127406,8.99765984127406,8.99765984127406,9.1960827799574,9.1960827799574,9.1960827799574,9.1960827799574
175,"MYT","Mayotte",NA,NA,NA,NA,NA,NA,NA,NA,NA,NA,NA,NA,NA,NA,NA,NA,NA,NA,NA,NA,NA,NA,NA,NA,NA
484,"MEX","Mexico",3.16877618767441,3.1736487531042,3.31774397972927,3.57156539135179,4.03463790249432,4.65168143519525,4.83754978499392,5.56808042168144,5.86110701344632,5.95425167278155,6.79587279920865,6.92733649652361,8.09508462923426,8.50450752872408,8.92499006694408,9.13583184491604,9.28478825232907,9.63069218393192,9.84856685544812,10.0046950943256,10.040234683243,10.044125753496,10.0537480517094,10.0545429460399,10.0545429460399
583,"FSM","Micronesia",NA,NA,NA,NA,NA,NA,NA,NA,NA,NA,NA,NA,NA,NA,NA,NA,NA,NA,NA,NA,NA,NA,NA,NA,NA
498,"MDA","Moldova",1.65095111992593,1.76426171514342,1.99229126875856,2.13010871312958,2.38654921527708,2.46012468491407,2.50971545296747,2.50971545296747,2.50971545296747,2.50971545296747,3.01485960367694,3.01485960367694,3.01485960367694,4.53620539737641,4.53620539737641,4.92703769946535,5.05677122158702,5.05677122158702,5.05677122158702,5.05677122158702,5.05677122158702,5.05677122158702,5.05677122158702,5.05677122158702,5.05677122158702
492,"MCO","Monaco",NA,NA,NA,NA,NA,NA,NA,NA,NA,NA,NA,NA,NA,NA,NA,NA,NA,NA,NA,NA,NA,NA,NA,NA,NA
496,"MNG","Mongolia",4.18776274429727,4.18776274429727,5.14397963365906,7.67137234827372,7.67607477304819,7.67607477304819,9.56317651238237,10.3111941232365,10.8682892475203,10.8996964440047,11.9219652290085,11.9219652290085,11.9574605070903,12.1310004206158,12.3109437557726,12.3109437557726,12.3784714990184,12.3993985241566,12.5389185891516,12.5389185891516,12.9162005756154,13.816313800514,14.6653772580624,14.6653772580624,14.6653772580624
499,"MNE","Montenegro",14.8807128970691,14.8807128970691,14.8807128970691,14.8807128970691,14.8807128970691,15.8155553623133,15.8155553623133,15.8155553623133,15.8155553623133,15.8155553623133,15.8155553623133,15.8155553623133,15.8155553623133,15.8155553623133,15.8155553623133,15.8155553623133,15.9300617917272,15.9300617917272,15.9300617917272,15.9300617917272,15.9300617917272,15.9300617917272,15.9300617917272,15.9366870115685,15.9366870115685
500,"MSR","Montserrat",NA,NA,NA,NA,NA,NA,NA,NA,NA,NA,NA,NA,NA,NA,NA,NA,NA,NA,NA,NA,NA,NA,NA,NA,NA
504,"MAR","Morocco",0.89783906971153,1.25127183576812,1.25127183576812,1.25127183576812,1.34854463578861,1.34854463578861,1.34854463578861,1.34854463578861,6.85975120778447,6.85975120778447,13.3831741932313,13.3831741932313,13.3833017436272,13.4300933305318,14.2015974881588,14.2674816189686,15.1139915524797,15.1139915524797,15.1684631142732,15.1684631142732,15.1684631142732,15.1684631142732,16.6841553325565,16.6841553325565,16.6841553325565
508,"MOZ","Mozambique",12.4677923472468,12.4677923472468,12.4677923472468,12.4677923472468,12.4677923472468,12.4677923472468,12.4723521093729,12.4723521093729,12.4723521093729,12.4723521093729,12.4723521093729,13.4656281675878,14.0984284048981,14.0984284048981,14.0984284048981,14.0984284048981,14.0984284048981,14.0984284048981,14.0984284048981,14.0984284048981,14.0984284048981,14.0991471286387,14.5094342933465,14.5094342933465,14.5094342933465
104,"MMR","Myanmar",2.36012095825842,2.36664953209781,2.36664953209781,2.37196349280458,2.37707824906985,2.38213621500966,3.55366993605575,3.55370507383583,3.55370507383583,3.56010117041856,3.57806775694336,3.60235468595986,3.76622024902814,4.4170404223561,7.00738979386227,7.34354286840138,7.34354286840139,7.34354286840138,7.35304657612857,7.36744912374151,7.36744912374151,7.36744912374151,7.36744912374151,7.36744912374151,7.36744912374151
516,"NAM","Namibia",9.77126393535332,9.79912729039177,9.79990194454584,9.79990194454584,9.79990194454584,9.94364845712195,9.96214184622004,9.96214184622004,11.691571250746,12.2253249723472,12.4626633365214,13.4103368542996,13.8284158113336,15.1795849022779,15.346148292562,16.0639366574304,16.1756993790351,16.2129446349555,16.6322958089519,16.6635121349869,16.6635121349869,16.7772769103362,16.7801980386811,16.7813573532464,16.7813573532464
520,"NRU","Nauru",NA,NA,NA,NA,NA,NA,NA,NA,NA,NA,NA,NA,NA,NA,NA,NA,NA,NA,NA,NA,NA,NA,NA,NA,NA
524,"NPL","Nepal",6.33752188384744,7.18008765798057,10.0823387564984,10.0823387564984,10.0823387564984,10.0823387564984,10.7166496251508,10.7273002461247,12.0862271390205,12.4390938032758,12.4390938032758,12.4390938032758,12.4912739196298,12.5073346109076,12.6945890649882,12.9117258665287,13.1178780085963,13.1178780085963,13.1206624718502,13.1273162704679,14.1164512947035,14.1164512947035,14.1164512947035,14.1164512947035,14.1164512947035
528,"NLD","Netherlands",7.18888480675264,7.41017168524512,7.87891105905029,8.17446020075804,8.31953572398323,8.88218538249462,10.5241216310786,10.6918149052472,13.8180273458864,13.8234540765985,16.5353906802608,16.559981833217,16.9408080430764,16.9629636190541,16.9649803852884,16.9670438174003,16.9682838697733,16.9687590910167,16.9687590910167,16.9693039344014,16.9693039344014,16.9694606904513,16.9694606904513,16.9694606904513,16.9695564161258
530,"ANT","Netherlands Antilles",NA,NA,NA,NA,NA,NA,NA,NA,NA,NA,NA,NA,NA,NA,NA,NA,NA,NA,NA,NA,NA,NA,NA,NA,NA
540,"NCL","New Caledonia",8.60677774270114,8.60677774270114,8.60677774270114,8.62549129932697,8.62549129932697,8.62549129932697,8.62549129932697,8.62549129932697,8.6275693429203,8.6275693429203,9.20528747543571,9.20528747543571,9.20528747543571,9.20528747543571,9.20528747543571,9.20528747543571,9.20528747543571,9.20528747543571,15.9949233302102,15.9949233302102,15.9949233302102,15.9949233302102,15.9949233302102,15.9949233302102,15.9949233302102
554,"NZL","New Zealand",15.1982272852069,15.2065877701368,15.2834716206129,15.4157001050701,15.4185348429034,15.5474143915428,15.9999141608406,16.0010056111224,16.043521088656,16.3041945435394,16.315761685367,16.327660675428,16.3874841804605,16.4016723602358,16.4046712384825,16.4111637110455,16.4111804237056,16.4112219713443,16.47838683494,16.478548947765,16.4786066999043,16.4786301516396,16.4786301516396,16.4787196454359,16.4787196454359
558,"NIC","Nicaragua",14.7372607060663,15.4680353929846,15.9775655613264,15.996694419626,15.996694419626,15.996694419626,15.996694419626,15.9981982158293,15.9981982158293,16.2707159202846,16.2707159202846,16.3659705563304,16.3659705563304,16.3659725824125,16.3659725824125,16.3681097395391,16.3681097395391,16.3681097395391,16.3681097395391,16.3681097395391,16.4586471089849,16.4642932845762,16.4642932845762,16.4642932845762,16.4642932845762
562,"NER","Niger",6.00376270596909,6.006055071605,6.006055071605,6.006055071605,6.006055071605,6.006055071605,6.006055071605,9.07588107590789,9.07588107590789,9.07588107590789,9.07588107590789,10.1123309911742,10.5065820515997,10.5065820515997,11.300016633905,11.3888631420941,11.3888631420941,11.3888631420941,11.3895897980199,11.3895897980199,11.3895897980199,11.3895897980199,13.4790233884599,13.4790233884599,13.4790233884599
566,"NGA","Nigeria",12.8804375822393,14.4215784652476,14.4215784652476,14.4215784652476,14.4215784652476,14.4215784652476,14.4215784652476,14.4215784652476,14.4215784652476,14.4655424993055,14.5046918111023,14.5053725680412,14.5053725680412,14.5053725680412,14.5252986620318,14.5252986620318,14.7009402084623,14.7009402084623,15.0340671000984,15.0340671000984,15.034136075302,15.034136075302,15.034136075302,15.034136075302,15.034136075302
570,"NIU","Niue",NA,NA,NA,NA,NA,NA,NA,NA,NA,NA,NA,NA,NA,NA,NA,NA,NA,NA,NA,NA,NA,NA,NA,NA,NA
574,"NFK","Norfolk Island",NA,NA,NA,NA,NA,NA,NA,NA,NA,NA,NA,NA,NA,NA,NA,NA,NA,NA,NA,NA,NA,NA,NA,NA,NA
408,"PRK","North Korea",2.46848674476683,2.46848674476683,2.46848674476683,2.46848674476682,2.46848674476683,2.46848674476682,2.46848674476682,2.47622706249127,2.47622706249127,2.47622706249127,2.62510973677321,2.66665739802138,2.66665739802138,2.66665739802138,3.35424897956195,3.35424897956195,3.37991720128545,3.37991720128545,3.38840421211485,3.38840421211485,3.38840421211485,3.38840421211485,3.38840421211485,3.38840421211485,3.38840421211485
580,"MNP","Northern Mariana Islands",NA,NA,NA,NA,NA,NA,NA,NA,NA,NA,NA,NA,NA,NA,NA,NA,NA,NA,NA,NA,NA,NA,NA,NA,NA
578,"NOR","Norway",7.36636035985266,7.88848795246159,8.10747991097238,8.37113418218417,8.37395067582487,8.43974319804947,8.51508172943418,8.68569028415089,8.69133389444707,8.78912690706336,9.58879088637428,10.3257779637663,11.6382272295944,11.9657300975328,12.9179956105774,13.3157115117641,14.4589832739877,14.4886798896433,14.5657429280686,15.0394095599555,15.1788190089396,15.3602029367006,15.3998464403062,15.4697445991862,15.493401011095
512,"OMN","Oman",0.0152158877017824,0.0152158877017824,0.0152158877017824,0.0152158877017824,1.61463722233637,1.61463722233637,1.79693196604933,3.76529702135655,3.76529702135655,3.76529702135655,3.76529702135655,3.76529702135655,3.76529702135655,3.76529702135655,3.76529702135655,3.76529702135655,3.76529702135655,3.76529702135655,3.76529702135655,3.76529702135655,3.76529702135655,4.3117660037316,4.3117660037316,4.3117660037316,4.3117660037316
586,"PAK","Pakistan",8.60984297476318,8.60984297476318,8.60984297476318,8.62399758248726,8.62399758248726,8.62399758248726,8.64610679829177,8.64610679829177,8.64610679829177,8.64667654517099,8.64667654517099,8.72534378521839,8.89036607439651,8.89036607439652,8.89036607439651,8.89036607439652,8.89036607439652,8.89036607439652,8.89036607439652,8.89036607439651,8.89036607439651,8.89036607439652,8.89036607439652,8.89036607439652,8.89036607439652
585,"PLW","Palau",NA,NA,NA,NA,NA,NA,NA,NA,NA,NA,NA,NA,NA,NA,NA,NA,NA,NA,NA,NA,NA,NA,NA,NA,NA
591,"PAN","Panama",15.1518005020215,15.1518005020215,15.1650169160548,15.1938762213636,15.4213317288361,15.4213317288361,15.4213317288361,15.4213317288361,15.4213317288361,15.4213317288361,15.4237217416692,15.6613832037985,15.6613832037985,15.6801753101854,15.6801753101854,15.6801753101854,15.6801753101854,15.6801753101854,15.6801753101854,15.6801753101854,15.6892607563219,15.6892607563219,15.689320481912,15.689320481912,15.689320481912
598,"PNG","Papua New Guinea",1.46354372395777,1.47787678431479,1.56016219421977,2.25602257930322,2.25602257930322,2.25602257930322,2.25602257930322,2.59738581118929,2.59783266555051,2.59783266555051,2.59783525375989,2.59783525375989,2.59788779642898,2.61924791913993,2.61924791913993,2.61924791913993,2.62359589814728,2.62359589814728,2.62359589814728,2.62359589814728,2.62359589814728,2.62359589814728,2.62359589814728,2.62359589814728,2.62359589814728
600,"PRY","Paraguay",2.79454951327943,3.07965270741994,3.71894877105564,3.82533206797199,3.90859336983247,4.49439884294679,4.50468022949736,4.67742574852388,5.01404327628478,5.01404327628478,5.68070988821917,6.06964901725797,6.06964901725797,6.96082399798045,7.00991185373188,12.1693622024036,12.1693622024036,12.1693622024036,12.1693622024036,12.1693622024036,12.1693622024036,12.1693622024036,12.1693622024036,12.1693622024036,12.1693622024036
604,"PER","Peru",6.52137208332744,6.52137208332744,6.52139472570725,6.52139472570725,6.52139472570725,6.55053112899832,7.11297613436916,7.43050629904333,7.43253059043623,7.5988784253242,7.68318158397334,9.08249975235827,10.2558493002008,10.505093668161,10.667760479994,11.1977311905462,11.8635608766104,12.5709272964815,12.8502222241237,13.2376624614948,13.5049433492065,13.8316877970039,14.0036006228506,14.017087275604,14.017087275604
608,"PHL","Philippines",7.79174268058578,8.0434413188837,8.61793269039961,8.61989143843431,8.75376676869936,8.79287312118518,9.11198891216633,9.31915211945998,9.43879560561907,9.56662628437652,10.8937588446255,11.6182279417201,12.0143776613408,13.0520953886706,13.5478916519116,13.8437216852517,13.8451680663857,14.0050207748645,14.0051335358516,14.3197547770358,14.3197547770358,14.3487825744929,14.3487825744929,14.3488727441673,14.3662076239988
612,"PCN","Pitcairn",NA,NA,NA,NA,NA,NA,NA,NA,NA,NA,NA,NA,NA,NA,NA,NA,NA,NA,NA,NA,NA,NA,NA,NA,NA
616,"POL","Poland",15.0032455741483,16.1720047447598,16.7733327851089,16.9508348758515,16.9669685824121,16.9750906523102,16.9779918232174,16.9793548931406,16.9835042831943,16.9835589373396,16.9841314939535,16.9959953802923,16.996663269555,16.996663269555,16.9966962321222,16.9966962321222,16.9966962321222,16.9977499488928,16.9977499488928,16.9978740318142,16.9978740318142,16.9978740318142,16.9978740318142,16.9978740318142,16.9978740318142
620,"PRT","Portugal",12.9270298255716,12.9412908115108,12.9412908115108,12.9412908115108,12.9415067999036,13.3356254025682,13.3813891190545,16.7718689688026,16.8991103113296,16.9990930508069,16.9990930508069,16.9990930508069,16.9990930508069,16.9990930508069,16.999102943741,16.9991623046541,16.9991623046541,16.9991623046541,16.9993897049553,16.9993897049553,16.9993897049553,16.9993897049553,16.9993897049553,16.9993897049553,16.9993897049553
630,"PRI","Puerto Rico",14.8206875748988,14.8206875748988,14.8206875748988,14.8278118516665,14.8278118516665,14.8278118516665,14.8278118516665,14.8278118516665,15.1482662391478,15.1482662391478,15.1482662391478,15.1507652458638,15.1507652458638,15.1507652458638,15.1507684124898,15.1507684124898,15.1507684124898,15.1507684124898,15.1507684124898,15.1507684124898,15.1507684124898,15.1507684124898,15.1507684124898,15.1507684124898,15.1507684124898
634,"QAT","Qatar",1.02463893411201,1.13501310900239,1.13501310900239,3.64811010511561,3.81846978826122,3.81846978826122,3.81846978826122,4.76061503809456,4.76061503809456,4.76061503809456,4.76061503809456,4.76061503809456,4.76061503809456,9.17958480831117,9.17958480831117,9.17958480831117,9.17958480831117,10.3757951257866,10.3757951257866,10.3757951257866,10.3757951257866,10.3757951257866,10.3757951257866,10.3757951257866,10.3757951257866
178,"COG","Republic of Congo",7.51719232793151,7.51719232793151,7.51797602902679,9.05900043890081,9.05900043890081,9.05900043890081,9.05900043890081,9.05900043890081,10.2498493902387,11.3522666183938,11.3522666183938,11.4412875914925,11.5468912206061,11.5468912206061,11.5468912206061,11.5737121311274,11.5737121311274,15.6001391207299,15.6245277263887,15.7977141810893,15.7977141810893,15.7977141810893,16.286401992468,16.286401992468,16.286401992468
638,"REU","Reunion",6.50665429496746,6.50665429496746,6.50665429496746,6.50665429496746,9.00508683892178,9.00508683892178,9.70762232513041,9.79083493619149,9.79083493619149,9.79083493619148,9.79083493619149,9.79083493619149,10.5719411802434,10.9006820160227,10.9006820160227,10.9006820160227,12.0896544365337,17,17,17,17,17,17,17,17
642,"ROU","Romania",4.29686486274068,5.78898320995339,5.84845970382628,6.05915991784154,6.29210195447798,6.34863732132568,6.34863732132568,6.3570280342266,7.35872607726743,7.38979406799966,7.7758030549864,7.81121108613088,7.81246366643516,7.81838393202296,7.84786595559177,9.31015764127439,15.0860684625606,15.5295794456086,15.5381527802954,15.5381527802954,15.5381527802954,16.199724203349,16.2052133478335,16.2052133478335,16.2052133478335
643,"RUS","Russia",6.64886281238943,6.7740439847979,6.95842865022719,7.42795485472017,8.24174440013142,9.1211576244587,9.39002103140176,9.56398024218317,9.77936955911158,9.81850070770295,9.82711500757615,9.85479142534516,9.90191572937814,9.9063183241488,9.90711258067137,9.91465795291783,9.9148409500593,9.91489334764761,9.92149711746906,9.92150567391474,9.92150999431829,9.9269842068998,9.92752178489008,9.9275340102845,9.92772706984582
646,"RWA","Rwanda",12.7324860773508,12.7324860773508,12.7324860773508,12.7324860773508,12.7324860773508,12.7324860773508,12.7324860773508,12.7324860773508,12.7324860773508,12.7324860773508,12.7324860773508,12.7324860773508,12.7620049184793,12.7620049184793,12.7620049184793,13.3427636950988,13.3427636950988,13.3427636950988,13.3427636950988,13.3427636950988,13.3427636950988,13.3427636950988,13.3427636950988,13.3427636950988,13.3427636950988
654,"SHN","Saint Helena",NA,NA,NA,NA,NA,NA,NA,NA,NA,NA,NA,NA,NA,NA,NA,NA,NA,NA,NA,NA,NA,NA,NA,NA,NA
659,"KNA","Saint Kitts and Nevis",NA,NA,NA,NA,NA,NA,NA,NA,NA,NA,NA,NA,NA,NA,NA,NA,NA,NA,NA,NA,NA,NA,NA,NA,NA
662,"LCA","Saint Lucia",NA,NA,NA,NA,NA,NA,NA,NA,NA,NA,NA,NA,NA,NA,NA,NA,NA,NA,NA,NA,NA,NA,NA,NA,NA
666,"SPM","Saint Pierre and Miquelon",NA,NA,NA,NA,NA,NA,NA,NA,NA,NA,NA,NA,NA,NA,NA,NA,NA,NA,NA,NA,NA,NA,NA,NA,NA
670,"VCT","Saint Vincent and the Grenadines",NA,NA,NA,NA,NA,NA,NA,NA,NA,NA,NA,NA,NA,NA,NA,NA,NA,NA,NA,NA,NA,NA,NA,NA,NA
882,"WSM","Samoa",3.13579510474252,3.13579510474252,3.13579510474252,3.13579510474252,3.2300293000475,3.2300293000475,3.24990817607664,3.61896659991048,3.82739352585976,6.94856056029223,7.02804291812725,7.12684461304997,7.19381210123338,8.56350563830605,8.56350563830605,8.56350563830605,8.67027175013546,8.71737799257924,8.71737799257923,8.71737799257923,8.71737799257923,8.71737799257924,8.71737799257923,8.71737799257923,8.71737799257924
674,"SMR","San Marino",NA,NA,NA,NA,NA,NA,NA,NA,NA,NA,NA,NA,NA,NA,NA,NA,NA,NA,NA,NA,NA,NA,NA,NA,NA
678,"STP","Sao Tome and Principe",NA,NA,NA,NA,NA,NA,NA,NA,NA,NA,NA,NA,NA,NA,NA,NA,NA,NA,NA,NA,NA,NA,NA,NA,NA
682,"SAU","Saudi Arabia",5.22149650824657,5.22149650824657,5.22149650824657,5.26410080155232,8.68728334441143,8.87957479253621,8.99531094307129,8.99531094307129,8.99531094307129,8.99531094307129,8.99531094307129,8.99531094307129,8.99531094307129,8.99531094307129,8.99531094307129,8.99531094307129,8.99531094307129,8.99531094307129,8.99531094307129,8.99531094307129,8.99531094307129,8.99613780727145,8.99613780727145,8.99613780727145,8.99613780727145
686,"SEN","Senegal",16.798779336779,16.798779336779,16.798779336779,16.798779336779,16.7991075213679,16.7991075213679,16.7999203356577,16.7999203356577,16.7999203356577,16.7999203356577,16.7999203356577,16.7999203356577,16.8004971419265,16.8004971419265,16.8017203461419,16.8017671177281,16.8017671177281,16.8017671177281,16.8017671177281,16.8017671177281,16.8017671177281,16.8017671177281,16.8017671177281,16.8017671177281,16.8017671177281
688,"SRB","Serbia",3.83704578738393,3.87369649582499,3.87369649582499,3.88734451493068,3.88734451493068,3.90482096418591,3.96646379500856,5.25239310710413,5.35763705143853,5.36923960626126,5.40849863154945,6.92292427928392,6.92292427928392,6.92352750541931,6.93179384887683,7.31771300927977,7.47505174223278,7.68954835874652,7.70541137022571,7.70541137022571,7.70541137022571,7.82147138965205,7.88086744579918,7.94844522229249,7.94844522229249
690,"SYC","Seychelles",NA,NA,NA,NA,NA,NA,NA,NA,NA,NA,NA,NA,NA,NA,NA,NA,NA,NA,NA,NA,NA,NA,NA,NA,NA
694,"SLE","Sierra Leone",5.25087202240119,5.25087202240119,5.25087202240119,5.25087202240119,5.25087202240119,6.20665060884362,6.20665060884362,6.20665060884362,6.20665060884362,8.61877929839449,8.61877929839449,8.61877929839449,9.4787872172067,9.4787872172067,9.4787872172067,9.4787872172067,9.4787872172067,9.4787872172067,9.4787872172067,9.4787872172067,11.1912127033778,11.1912127033778,11.9900440941937,11.9900440941937,11.9900440941937
702,"SGP","Singapore",NA,NA,NA,NA,NA,NA,NA,NA,NA,NA,NA,NA,NA,NA,NA,NA,NA,NA,NA,NA,NA,NA,NA,NA,NA
534,"SXM","Sint Maarten",NA,NA,NA,NA,NA,NA,NA,NA,NA,NA,NA,NA,NA,NA,NA,NA,NA,NA,NA,NA,NA,NA,NA,NA,NA
703,"SVK","Slovakia",16.788904070503,16.801940928606,16.808759487824,16.853442342231,16.9872776907311,16.9882316385868,16.9883415244344,16.9895149620758,16.9896437132244,16.9897522159743,16.9898579915195,16.9900247782252,16.9917103465411,16.9918864780343,17,17,17,17,17,17,17,17,17,17,17
705,"SVN","Slovenia",13.5503935298914,13.5734891003807,14.952598316444,15.220863234873,15.2249108674856,15.3324721047484,15.5630060094353,15.659604079955,16.0175507313718,16.2045304093947,16.2045304093947,16.2484952806195,16.721318631768,16.8335824955312,17,17,17,17,17,17,17,17,17,17,17
90,"SLB","Solomon Islands",0.179110976195676,0.179110976195676,0.179110976195676,0.179110976195676,0.187004860910189,0.188095761973449,0.188095761973449,0.188095761973449,1.52306662928472,1.52308003286029,1.52308003286029,1.52308003286029,1.73633559864762,1.76878193074636,1.79283837669361,1.80598784215039,1.81671425102558,2.23803290097561,2.44046055340836,2.44046055340836,2.44046055340836,2.44046055340836,2.44046055340836,2.44046055340836,2.44046055340836
706,"SOM","Somalia",0.772263097405234,0.772263097405234,0.772263097405234,0.772263097405234,0.772263097405234,0.772263097405234,0.772263097405234,0.772263097405234,0.772263097405234,0.772263097405234,0.772263097405234,0.772263097405234,0.772263097405234,0.772263097405234,0.772263097405234,0.772263097405234,0.772263097405234,0.772263097405234,0.772263097405234,0.772263097405234,0.772263097405234,0.772263097405234,0.772263097405234,0.780457208046537,0.780457208046537
710,"ZAF","South Africa",7.75187211328196,7.90330302647402,7.98134092830486,8.00599345673623,8.18768787081946,8.32841497995805,8.43287288541176,8.44904700586451,8.52406538658641,8.57951639055394,8.98159348838809,10.0423062819801,10.0560363304912,10.0562246067049,10.1548083400611,10.1883955676809,10.193219885097,10.2640393558374,10.2774833982468,10.5057195961122,10.543528722956,10.5679317690649,10.6006910479495,10.6247652015986,10.7268864066238
410,"KOR","South Korea",6.00027968643269,6.02387969614177,6.02418794250523,6.04817969963591,6.04817969963591,6.04817969963591,6.06572910523509,6.07182758386412,6.1007474277405,6.15378062320551,6.16744028139403,6.19688699623614,6.612293135244,6.64658239881953,6.65141152863469,8.18398235947353,8.50155068591605,8.62615917003998,8.8765739671168,8.99247641973876,9.04205632215884,9.12712437583553,9.15818289888055,9.24370013717354,9.24370013717354
728,"SSD","South Sudan",13.6960079450785,13.6960079450785,13.6960079450785,13.6960079450785,13.6960079450785,13.6960079450785,13.6960079450785,13.6960079450785,13.6960079450785,13.6960079450785,13.6960079450785,13.6960079450785,13.6960079450785,13.6960079450785,13.6960079450785,13.6960079450785,14.9826545633746,14.9826545633746,14.9826545633746,14.9826545633746,14.9826545633746,14.9826545633746,14.9826545633746,14.9826545633746,14.9826545633746
724,"ESP","Spain",12.6829159888599,12.7780830613375,13.7455679467671,13.880047461387,14.1038085843135,14.249065678455,14.3614514824878,16.558985487299,16.623711646251,16.7597165996643,16.9739690412356,16.9769157481937,16.9950552722072,16.9950552722072,16.9957196007178,16.9957196007178,16.9957196007178,16.9957196007178,16.9961076599135,16.9961926225597,16.9961926225597,16.9961926225597,16.9961926225597,16.9961926225597,16.9961926225597
144,"LKA","Sri Lanka",11.9427166773383,11.9427166773383,11.9427508177855,11.9427508177855,11.9427508177855,11.9618879169769,11.9618879169769,11.9619100171794,11.9619100171794,11.9619100171794,11.9619100171794,11.9619630029196,11.9619630029196,11.9716630498661,11.9745573776736,11.9745573776736,11.9745573776736,11.9745573776736,11.9745573776736,11.9745573776736,13.9106331479181,13.9106331479181,13.9106331479181,13.9106331479181,13.9106331479181
275,"PSE","State of Palestine",1.39533528224314,1.39533528224314,1.39533528224314,1.39533528224314,1.39533528224314,1.39533528224314,1.39533528224314,1.39533528224314,1.39533528224314,1.39533528224314,1.39737567368494,1.39737567368494,1.39737567368494,1.74420783913158,1.74420783913158,1.75206772594018,1.75206772594018,1.75206772594018,1.75206772594018,1.75206772594018,1.75206772594018,1.75206772594018,1.75206772594018,1.75206772594018,1.75206772594018
729,"SDN","Sudan",1.9813351628859,1.9813351628859,1.9813351628859,1.99851743541779,1.99851743541779,2.84784431790479,2.96856565517417,2.96856565517417,2.96856565517417,2.96856565517417,2.96856565517417,2.96856565517417,2.96856565517417,2.96867575104227,2.96867575104227,3.74702551761187,3.74702551761187,3.74931177056178,3.74931177056178,3.74931177056178,3.74931177056178,3.74931177056178,3.74931177056178,3.74931177056178,3.74931177056178
740,"SUR","Suriname",3.28566910271683,3.28566910271683,3.28566910271683,3.28568430323917,3.28568430323917,3.28568430323917,3.28568430323917,3.28568430323917,11.533850269393,11.533850269393,14.0251000717839,14.0251000717839,14.0456323389008,14.0456323389008,14.0456323389008,14.0456323389008,14.0518036149601,14.2638195925889,14.2638195925889,14.2638195925889,14.2638195925889,14.2638195925889,14.2638195925889,14.2638195925889,14.2638195925889
744,"SJM","Svalbard and Jan Mayen Islands",16.8591958753817,16.8591958753817,16.8591958753817,16.8591958753817,16.8591958753817,16.8591958753817,16.8591958753817,16.8591958753817,16.8591958753817,16.8591958753817,16.8591958753817,16.8591958753817,16.9897086155379,16.9897086155379,16.9897086155379,16.9897086155379,16.9897086155379,16.9897086155379,16.9897086155379,16.9897086155379,16.9897086155379,16.9897086155379,16.9897086155379,16.9897086155379,16.9897086155379
748,"SWZ","Swaziland",5.35041062766135,5.35041062766135,5.35041062766135,5.35041062766135,5.37712813709108,5.37712813709108,5.37712813709108,5.37712813709108,5.37712813709108,5.37712813709108,5.37712813709108,5.37712813709108,5.37712813709108,5.37712813709108,5.37712813709108,5.37712813709108,5.37712813709108,5.37712813709108,5.37712813709108,5.37712813709108,5.37712813709108,5.37712813709108,5.37712813709108,5.37712813709108,5.37712813709108
752,"SWE","Sweden",8.2212918177764,8.26470797517047,8.30721147825873,8.62564727793426,8.68975547205534,10.8275061781798,11.1759519754553,11.439741567858,13.5257385481365,14.4029250737675,15.1440774942332,15.5669084602565,15.6452541966049,15.8223348151046,15.8727297084259,16.0522341528532,16.1144940432486,16.1754620053074,16.2382113316401,16.3085799801264,16.3788893088324,16.6997369328498,16.7262225890287,16.7578277700053,16.7578277700053
756,"CHE","Switzerland",5.88953718909511,7.28771941983064,13.793415495262,13.793415495262,14.9921519987876,15.0773488005205,15.6374060397545,15.6405458903543,15.750955364139,15.7509553641389,15.7548834512727,16.6634414057102,16.6640538259381,16.7334325950759,16.7489744280137,16.7494283315501,16.7561241502999,16.7808072211224,16.7947291895923,16.9164292754438,16.999027568195,16.999027568195,16.999027568195,16.9990593275658,16.9990593275658
760,"SYR","Syria",0.246350379301054,0.246350379301054,0.246350379301054,0.246350379301054,0.246350379301054,0.246350379301054,0.251888641916571,0.251888641916571,0.310094007790763,0.367901956367328,0.367901956367328,0.367901956367328,0.52005324735118,0.52005324735118,0.52005324735118,0.52005324735118,0.52005324735118,0.52005324735118,0.52005324735118,0.532060157420519,0.532060157420519,0.532060157420519,0.532060157420519,0.532060157420519,0.532060157420519
158,"TWN","Taiwan",12.3277003759224,12.3277003759224,14.0379305978178,14.050774397171,14.0544950250005,14.059590589631,14.059590589631,14.059590589631,14.059590589631,14.059590589631,14.059590589631,14.059590589631,14.059590589631,14.059590589631,14.059590589631,14.059590589631,14.059590589631,14.059590589631,14.059590589631,14.059590589631,14.059590589631,14.059590589631,14.059590589631,14.059590589631,14.059590589631
762,"TJK","Tajikistan",2.75913667946826,3.0352749372134,3.0352749372134,3.0352749372134,3.0352749372134,3.0352749372134,3.0352749372134,3.0352749372134,3.0352749372134,10.6297877829799,10.6297877829799,10.7588401834921,10.7588401834921,10.7588401834921,10.7588401834921,10.7913229047212,10.7913229047212,10.7913229047212,10.7913229047212,10.7913229047212,10.7913229047212,10.7913229047212,10.7913229047212,11.2283364586685,11.2283364586685
834,"TZA","Tanzania",15.2099787079246,15.2148056841299,15.5677040360705,15.5678069117212,15.6993489970081,15.7001426131092,15.7001426131092,15.9810906992132,15.9810906992132,15.9810906992132,16.0068589712715,16.0083681492801,16.1859049611696,16.1859049611696,16.2967166040071,16.3433119315383,16.3439307536612,16.3898037417877,16.3898037417877,16.3978683944518,16.4018475410768,16.4018475410768,16.4018475410768,16.4018475410768,16.4018475410768
764,"THA","Thailand",14.0335028241286,14.8065687736429,14.9202269481912,14.9591886212361,15.0858942317492,15.2022982071425,15.5961077372531,15.6729593871356,15.7968384261452,16.0462520097129,16.1336027548554,16.1550979817059,16.157980064515,16.1624484583059,16.1624484583059,16.1628305916181,16.1628305916181,16.1807651760449,16.2378961374861,16.4289739913638,16.4289739913638,16.4289739913638,16.4289739913638,16.4289975313221,16.4289975313221
626,"TLS","Timor-Leste",0,0,0,0,0,0,0,0,0,0,4.74254478713689,4.74254478713689,4.74254478713689,4.74254478713689,4.74254478713689,4.74254478713689,4.74254478713689,5.39414445656838,10.2631957230655,10.2631957230655,10.2631957230655,10.2631957230655,10.2631957230655,10.2631957230655,10.2631957230655
768,"TGO","Togo",10.1548330332838,10.1548330332838,10.1548330332838,10.1548330332838,10.1548330332838,10.3611876172491,10.3611876172491,10.3611876172491,10.3611876172491,10.3611876172491,10.3611876172491,10.3611876172491,10.3611876172491,10.3611876172491,10.3611876172491,10.3611876172491,10.3611876172491,10.3611876172491,12.5146295398403,12.5146295398403,12.5146295398403,12.5148235277852,12.5148235277852,12.5148235277852,12.5148235277852
772,"TKL","Tokelau",NA,NA,NA,NA,NA,NA,NA,NA,NA,NA,NA,NA,NA,NA,NA,NA,NA,NA,NA,NA,NA,NA,NA,NA,NA
776,"TON","Tonga",NA,NA,NA,NA,NA,NA,NA,NA,NA,NA,NA,NA,NA,NA,NA,NA,NA,NA,NA,NA,NA,NA,NA,NA,NA
780,"TTO","Trinidad and Tobago",15.4698637843371,15.4698637843371,16.9995809910283,16.9995809910283,16.9995809910283,16.9995809910283,16.9995809910283,16.9995809910283,16.9995809910283,16.9995809910283,16.9995809910283,16.9995809910283,16.9995809910283,16.9995809910283,16.9995809910283,16.9995809910283,16.9995809910283,16.9995809910283,16.9995809910283,16.9995809910283,16.9995809910283,16.9995809910283,16.9995809910283,16.9995809910283,16.9995809910283
788,"TUN","Tunisia",1.99358573686109,1.99358573686109,1.99358573686109,2.06038520852359,2.06038520852359,2.06038520852359,2.06038520852359,2.06038520852359,2.06038520852359,2.06038520852359,2.06038520852359,2.06038520852359,2.06038520852359,2.06038520852359,2.06038520852359,2.06038520852359,2.06038520852359,5.89384858165669,5.89384858165669,5.89384858165669,5.8938485816567,5.89384858165669,6.32959225263588,6.36809334019913,6.36809334019913
792,"TUR","Turkey",0.126822421916207,0.126822421916207,0.126822421916207,0.165039436561424,0.290965099241925,0.30351840271794,0.30351840271794,0.30351840271794,0.372443686803909,0.372443686803909,0.372443686803909,0.372443686803909,0.372555239997789,0.372555239997789,0.384470292321248,0.417290717405488,0.420574090283136,0.420574090283136,0.420574090283136,0.421460380933859,0.421460380933859,0.425270016183706,0.431065700014403,0.443540695120522,0.443540695120522
795,"TKM","Turkmenistan",4.2064000379686,4.2064000379686,4.2064000379686,4.2064000379686,4.2064000379686,4.2064000379686,4.2064000379686,4.2064000379686,4.2064000379686,4.2064000379686,4.2064000379686,4.2064000379686,4.2064000379686,4.2064000379686,4.2064000379686,4.2064000379686,4.2064000379686,4.2064000379686,4.30056381270066,4.30056381270066,4.30056381270066,4.30056381270066,4.30056381270066,4.30056381270066,4.30056381270066
796,"TCA","Turks and Caicos Islands",14.3742867744902,14.3742867744902,14.3746253675234,14.3746253675234,14.3746253675234,14.3746253675234,14.3746253675234,14.3746253675234,14.3746253675234,14.3746253675234,14.3746253675234,14.3746253675234,14.3746253675234,14.3746253675234,14.3746253675234,14.3746253675234,14.3746253675234,14.3746253675234,14.3746253675234,14.3746253675234,14.3746253675234,14.3746253675234,14.3746253675234,14.3746253675234,14.3746253675234
798,"TUV","Tuvalu",NA,NA,NA,NA,NA,NA,NA,NA,NA,NA,NA,NA,NA,NA,NA,NA,NA,NA,NA,NA,NA,NA,NA,NA,NA
800,"UGA","Uganda",14.3013790687395,16.0478163617368,16.0478163617368,16.0665876884775,16.0665876884775,16.0665876884775,16.0665876884775,16.0665876884775,16.0871621311504,16.0871621311504,16.0871621311504,16.0871621311504,16.2471958999284,16.2476703558676,16.2714434335017,16.2811193221884,16.3886408860117,16.3886408860117,16.3886408860117,16.3965371083183,16.3965371083183,16.3965371083183,16.3965371083183,16.3965371083183,16.3965371083183
804,"UKR","Ukraine",4.47316430068119,4.75916878610365,4.93921454657091,5.15186653023284,5.44114018756163,6.48528416810336,7.02673262660879,7.19569694148731,7.36747156864534,7.36747156864534,7.36755292398558,7.36782849216133,7.38721547916456,7.39791430015018,7.41638899998566,7.42595786208201,7.43099864488883,7.44163273111169,7.44163273111169,7.44523552657034,7.44523552657034,7.44837966871105,7.44885719410158,7.44885719410159,7.44885719410158
784,"ARE","United Arab Emirates",7.03847071044082,7.03847071044082,7.03847071044082,7.2244091586276,9.35199896085947,9.35199896085946,9.35199896085947,9.35199896085946,9.35723005951314,9.35723005951314,9.35723005951314,13.3629293168407,13.3629293168407,13.6063913049493,13.6063913049493,13.6064455909728,13.6064455909728,13.6138703021603,13.6138703021603,13.6138703021603,14.0205727507201,14.0205727507201,14.0205727507201,14.0321358600113,14.0321358600113
826,"GBR","United Kingdom",16.9999729901914,16.9999729901914,16.9999729901914,16.9999729901914,16.9999729901914,16.9999729901914,16.9999729901914,16.9999729901914,16.9999729901914,16.9999729901914,16.9999729901914,16.9999729901914,16.9999729901914,16.9999729901914,16.9999729901914,16.9999729901914,16.9999729901914,16.9999729901914,16.9999729901914,16.9999729901914,16.9999729901914,16.9999729901914,16.9999729901914,16.9999729901914,16.9999729901914
840,"USA","United States of America",12.0448083137607,12.0490591014775,12.0677412009209,12.0695238688981,12.0727306027995,12.0780286876233,12.0787945374271,12.1392449437497,12.1405946020655,12.1446451964788,12.1475157995564,12.1486168132116,12.1507834558254,12.1534211250832,12.15473707563,12.1663346174374,12.1737919203165,12.1765960440488,12.1792085653993,12.1875815678294,12.1921581209579,12.1985653177395,12.1986926817139,12.2068674991117,12.2068674991117
850,"VIR","United States Virgin Islands",NA,NA,NA,NA,NA,NA,NA,NA,NA,NA,NA,NA,NA,NA,NA,NA,NA,NA,NA,NA,NA,NA,NA,NA,NA
858,"URY","Uruguay",3.92471699294337,3.92471699294337,3.9256261965135,3.9256261965135,3.9256261965135,3.9256261965135,3.9256261965135,3.9256261965135,3.9256261965135,3.9256261965135,3.9256261965135,3.9256261965135,3.9256261965135,3.9256261965135,3.96683401748686,3.96683401748686,3.97244780680879,3.97244780680879,4.03398141127075,4.26095548713291,4.50780554614745,4.50780554614745,4.50780554614745,4.50780554614745,4.50780554614745
860,"UZB","Uzbekistan",3.43982405365262,3.43982405365262,3.62011132707099,3.62011132707099,3.62011132707099,3.62011132707099,3.62011132707099,3.62011132707099,3.62011132707099,3.62011132707099,3.62011132707099,3.68939007438891,3.68939007438891,3.68939007438891,3.68939007438891,3.68939007438891,3.68939007438891,3.68939007438891,4.61965697920276,4.61965697920276,4.61965697920276,4.61965697920276,4.61965697920276,4.61965697920276,4.61965697920276
548,"VUT","Vanuatu",4.17546981915959,4.21648773994278,4.21648773994278,4.21648773994278,4.53707153208303,4.73465391610674,4.73465391610674,4.73465391610674,4.73465391610674,4.73465391610674,4.73465391610674,4.73465391610674,4.73465391610674,4.73465391610674,4.73465391610674,4.73465391610674,4.73465391610674,4.73465391610674,4.73465391610674,4.73465391610674,4.73465391610674,4.73465391610674,4.73465391610674,4.73465391610674,4.73465391610674
862,"VEN","Venezuela",16.1327281861357,16.5606706371271,16.6339302018162,16.6384467688915,16.6384467688915,16.6384467688915,16.6385763658969,16.6385763658969,16.6385763658969,16.6385763658969,16.6385763658969,16.6385763658969,16.6385763658969,16.6385763658969,16.6385763658969,16.6385763658969,16.6385763658969,16.6385763658969,16.6385763658969,16.6385763658969,16.6385763658969,16.6385763658969,16.6385763658969,16.6385763658969,16.6385763658969
704,"VNM","Viet Nam",11.9494939307395,11.9799198229959,11.9809679066455,12.0825947487564,12.1176322530718,12.3386565937473,12.5109019616089,12.5156508205986,12.5245732110937,13.0940943176757,13.0950858444495,13.0950858444495,13.1439768143705,13.2818692113289,13.2827772154416,13.2827772154416,13.2827772154416,13.2827772154416,13.2827772154416,13.2835664700193,13.2835664700193,13.3212048601056,13.3212048601056,13.3212048601056,13.335159204591
876,"WLF","Wallis and Futuna Islands",NA,NA,NA,NA,NA,NA,NA,NA,NA,NA,NA,NA,NA,NA,NA,NA,NA,NA,NA,NA,NA,NA,NA,NA,NA
732,"ESH","Western Sahara",NA,NA,NA,NA,NA,NA,NA,NA,NA,NA,NA,NA,NA,NA,NA,NA,NA,NA,NA,NA,NA,NA,NA,NA,NA
887,"YEM","Yemen",0.00240637747517789,0.00240637747517789,0.00240637747517789,0.00240637747517789,0.0066674035651979,0.0066674035651979,4.65046518375081,4.65046518375081,4.65046518375081,4.65046518375081,4.65046518375081,4.65046518375081,4.65046518375081,4.68232552415921,4.68232552415921,4.68232552415921,4.68232552415921,4.68232552415921,5.2739348775203,5.2739348775203,5.2739348775203,5.27763505885025,5.27763505885025,5.27763505885025,5.27763505885025
894,"ZMB","Zambia",16.8568699556484,16.8568710221918,16.8568710221918,16.8568710221918,16.8568710221918,16.8568710221918,16.8568710221918,16.8568710221918,16.8568710221918,16.8568712811898,16.8568712811898,16.8568712811898,16.8576101483094,16.8576101483094,16.8576101483094,16.8576324931595,16.8576324931595,16.8588644693452,16.8588644693452,16.8588644693452,16.8588644693452,16.8588644693452,16.8588644693452,16.8588644693452,16.8588644693452
716,"ZWE","Zimbabwe",14.7104103414092,14.7104103414092,14.7104103414092,14.7104103414092,14.7104103414092,14.7104103414092,14.7104103414092,14.7104103414092,14.7106995811438,14.7106995811438,14.7106995811438,14.7106995811438,15.9461246111489,15.9461246111489,15.9461246111489,15.9461246111489,15.9461246111489,15.9461246111489,15.9461246111489,15.9461246111489,15.9462427686181,15.9462427686181,15.9462427686181,15.9462427686181,15.9462427686181
