code,iso,country,Region,EPI.new,EPI.rnk.new,EPI.rnk.rgn,EPI.avg.rgn,HLT.rnk.rgn,HLT.avg.rgn,ECO.rnk.rgn,ECO.avg.rgn,HMT.rnk.rgn,HMT.avg.rgn,AIR.rnk.rgn,AIR.avg.rgn,H2O.rnk.rgn,H2O.avg.rgn,WRS.rnk.rgn,WRS.avg.rgn,AGR.rnk.rgn,AGR.avg.rgn,FRT.rnk.rgn,FRT.avg.rgn,FSH.rnk.rgn,FSH.avg.rgn,BDH.rnk.rgn,BDH.avg.rgn,CCE.rnk.rgn,CCE.avg.rgn,APE.rnk.rgn,APE.avg.rgn,PBD.rnk.rgn,PBD.avg.rgn,PME.rnk.rgn,PME.avg.rgn,PMW.rnk.rgn,PMW.avg.rgn,HAD.rnk.rgn,HAD.avg.rgn,USD.rnk.rgn,USD.avg.rgn,UWD.rnk.rgn,UWD.avg.rgn,WWT.rnk.rgn,WWT.avg.rgn,SNM.rnk.rgn,SNM.avg.rgn,TCL.rnk.rgn,TCL.avg.rgn,FSS.rnk.rgn,FSS.avg.rgn,MTR.rnk.rgn,MTR.avg.rgn,MPA.rnk.rgn,MPA.avg.rgn,TBN.rnk.rgn,TBN.avg.rgn,TBG.rnk.rgn,TBG.avg.rgn,PAR.rnk.rgn,PAR.avg.rgn,SPI.rnk.rgn,SPI.avg.rgn,SHI.rnk.rgn,SHI.avg.rgn,DCT.rnk.rgn,DCT.avg.rgn,DMT.rnk.rgn,DMT.avg.rgn,DNT.rnk.rgn,DNT.avg.rgn,DBT.rnk.rgn,DBT.avg.rgn,DPT.rnk.rgn,DPT.avg.rgn,DST.rnk.rgn,DST.avg.rgn,DXT.rnk.rgn,DXT.avg.rgn
4,AFG,Afghanistan,Asia,37.74,168,22,50.13346154,18,49.11423077,24,50.81384615,26,48.35153846,15,49.20269231,21,49.05,18,39.01961538,6,32.57423077,2,31.47583333,,59.96380952,26,62.54269231,25,51.71423077,2,50.56730769,26,48.35153846,10,57.59,10,60.79230769,25,34.22038462,21,50.27923077,21,47.82038462,18,39.01961538,6,32.57423077,2,31.47583333,,68.94,,50.98809524,,75.28095238,26,63.37307692,26,64.49576923,24,28.50192308,23,70.88652174,7,68.23521739,24,47.06961538,21,70.25346154,21,70.295,6,56.62846154,,38.38,3,50.44846154,1,50.68730769
8,ALB,Albania,Eastern Europe & Eurasia,65.46,40,8,60.54827586,15,63.50758621,10,58.57655172,23,72.21275862,14,63.31413793,12,62.47655172,19,77.75344828,27,41.95034483,18,36.44821429,3,49.46076923,13,68.79172414,5,54.31,2,60.64310345,23,72.21275862,7,73.45241379,7,76.98896552,20,45.45448276,12,62.40793103,11,62.54310345,19,77.75344828,27,41.95034483,18,36.44821429,4,54.72846154,3,44.19769231,10,89.33615385,13,66.10586207,13,69.80931034,8,42.90689655,23,69.03448276,23,86.77310345,15,54.62103448,5,60.33206897,11,56.44689655,6,50.23655172,1,47.99448276,6,62.35,2,58.93724138
12,DZA,Algeria,Mid East & North Africa,57.18,88,12,58.70941176,6,73.89588235,14,48.58529412,10,39.02058824,6,83.98352941,10,57.85058824,6,80.05,3,24.79529412,7,39.15625,14,58.42933333,7,48.41705882,15,42.12235294,11,47.42411765,10,39.02058824,1,86.64823529,5,87.26117647,8,79.52882353,10,60.46058824,9,55.23941176,6,80.05,3,24.79529412,7,39.15625,14,68.724,5,48.13066667,13,73.00133333,6,39.08235294,6,38.98294118,10,13.58176471,6,47.435625,13,89.600625,11,29.32352941,16,62.70764706,16,67.99823529,17,64.81764706,6,41.38529412,5,53.13117647,15,41.71823529
24,AGO,Angola,Sub-Saharan Africa,37.44,170,40,44.89,36,41.97956522,36,46.83108696,21,40.61608696,34,54.94152174,30,14.12304348,26,26.31826087,30,25.57934783,9,14.22571429,7,57.17633333,38,68.05326087,21,46.66391304,8,43.71978261,21,40.61608696,38,81.83891304,38,83.82652174,12,13.10304348,27,14.19565217,31,14.05108696,26,26.31826087,30,25.57934783,9,14.22571429,5,74.763,17,39.58733333,25,59.89933333,37,69.12478261,36,71.375,20,44.20804348,36,71.46,24,83.6025,17,49.55956522,33,45.17934783,8,39.98804348,2,26.20717391,8,42.03434783,12,47.57826087,11,39.86108696
28,ATG,Antigua and Barbuda,Caribbean,59.18,76,6,57.55916667,3,70.7,7,48.79833333,3,40.15583333,3,83.33666667,5,48.41583333,5,61.0775,7,5.836666667,,33.552,5,55.05583333,2,69.46,12,40.7875,4,37.95666667,3,40.15583333,1,100,1,100,3,58.34,5,49.28333333,6,47.54666667,5,61.0775,7,5.836666667,,33.552,9,58.5,3,51.6125,7,66.05166667,1,67.57333333,1,68.10583333,6,78.23666667,,77.39666667,,71.28166667,11,37.94166667,12,51.42416667,3,67.79583333,8,48.61083333,,30.288,4,42.0125,3,33.9025
32,ARG,Argentina,Latin America,59.3,74,9,58.173,2,66.851,19,52.387,5,48.3335,3,75.553,3,51.082,9,57.3915,2,30.836,14,18.441,17,58.86611111,18,76.5735,12,48.9085,17,36.302,5,48.3335,1,96.1595,15,94.8045,3,45.66,3,51.734,3,50.43,9,57.3915,2,30.836,14,18.441,16,58.61444444,9,59.11777778,8,86.33388889,19,79.4635,15,75.829,19,68.821,18,77.784,12,60.102,13,45.5225,4,62.321,5,58.982,2,40.4455,15,43.75222222,19,40.318,7,32.286
51,ARM,Armenia,Eastern Europe & Eurasia,62.07,63,17,60.54827586,25,63.50758621,9,58.57655172,16,72.21275862,24,63.31413793,17,62.47655172,14,77.75344828,23,41.95034483,5,36.44821429,,49.46076923,12,68.79172414,18,54.31,12,60.64310345,16,72.21275862,22,73.45241379,22,76.98896552,18,45.45448276,18,62.40793103,15,62.54310345,14,77.75344828,23,41.95034483,5,36.44821429,,54.72846154,,44.19769231,,89.33615385,9,66.10586207,1,69.80931034,22,42.90689655,20,69.03448276,8,86.77310345,18,54.62103448,21,60.33206897,15,56.44689655,9,50.23655172,11,47.99448276,1,62.35,28,58.93724138
36,AUS,Australia,Pacific,74.12,21,2,57.89875,1,66.08375,4,52.445,4,59.56375,1,73.645,1,50.78375,1,61.775,1,19.7125,4,21.436,5,62.1575,3,62.83375,5,48.54625,7,53.04875,4,59.56375,1,100,1,100,1,34.10875,1,52.1425,1,49.425,1,61.775,1,19.7125,4,21.436,8,61.215,1,63.1,1,80.7375,4,58.84875,4,57.87125,2,23.46375,2,54.74833333,4,86.235,5,49.15125,2,42.86875,5,44.0875,5,54.885,2,61.2,7,50.4825,7,55.615
40,AUT,Austria,Europe & North America,78.97,8,8,77.90318182,21,93.45409091,3,67.53545455,7,80.32090909,21,92.53227273,19,97.64045455,8,96.55818182,2,47.83454545,7,19.8525,,50.49947368,9,88.71954545,12,62.02590909,7,68.815,7,80.32090909,21,93.07681818,21,92.92909091,18,91.82409091,19,96.49409091,14,98.78454545,8,96.55818182,2,47.83454545,7,19.8525,,56.48052632,,44.51842105,,92.74210526,1,91.41954545,1,92.94363636,3,61.67863636,19,94.60285714,12,83.03761905,15,55.41272727,6,77.68954545,14,53.61818182,19,69.37272727,9,63.16045455,7,72.68045455,9,64.95136364
31,AZE,Azerbaijan,Eastern Europe & Eurasia,62.33,59,16,60.54827586,28,63.50758621,2,58.57655172,22,72.21275862,27,63.31413793,26,62.47655172,22,77.75344828,19,41.95034483,4,36.44821429,,49.46076923,20,68.79172414,3,54.31,1,60.64310345,22,72.21275862,24,73.45241379,25,76.98896552,23,45.45448276,26,62.40793103,26,62.54310345,22,77.75344828,19,41.95034483,4,36.44821429,,54.72846154,,44.19769231,,89.33615385,19,66.10586207,19,69.80931034,25,42.90689655,13,69.03448276,3,86.77310345,1,54.62103448,29,60.33206897,4,56.44689655,1,50.23655172,20,47.99448276,4,62.35,1,58.93724138
44,BHS,Bahamas,Caribbean,54.99,98,10,57.55916667,5,70.7,9,48.79833333,4,40.15583333,6,83.33666667,4,48.41583333,5,61.0775,6,5.836666667,7,33.552,6,55.05583333,4,69.46,11,40.7875,12,37.95666667,4,40.15583333,1,100,1,100,6,58.34,3,49.28333333,4,47.54666667,5,61.0775,6,5.836666667,7,33.552,3,58.5,7,51.6125,4,66.05166667,2,67.57333333,2,68.10583333,7,78.23666667,5,77.39666667,1,71.28166667,11,37.94166667,3,51.42416667,1,67.79583333,9,48.61083333,,30.288,11,42.0125,12,33.9025
48,BHR,Bahrain,Mid East & North Africa,55.15,96,13,58.70941176,15,73.89588235,9,48.58529412,5,39.02058824,16,83.98352941,6,57.85058824,4,80.05,2,24.79529412,,39.15625,13,58.42933333,13,48.41705882,8,42.12235294,5,47.42411765,5,39.02058824,15,86.64823529,17,87.26117647,13,79.52882353,8,60.46058824,5,55.23941176,4,80.05,2,24.79529412,,39.15625,6,68.724,12,48.13066667,6,73.00133333,12,39.08235294,13,38.98294118,17,13.58176471,,47.435625,,89.600625,9,29.32352941,9,62.70764706,1,67.99823529,4,64.81764706,11,41.38529412,4,53.13117647,10,41.71823529
50,BGD,Bangladesh,Asia,29.56,179,26,50.13346154,24,49.11423077,23,50.81384615,24,48.35153846,25,49.20269231,19,49.05,18,39.01961538,9,32.57423077,17,31.47583333,8,59.96380952,18,62.54269231,14,51.71423077,18,50.56730769,24,48.35153846,24,57.59,25,60.79230769,21,34.22038462,19,50.27923077,20,47.82038462,18,39.01961538,9,32.57423077,17,31.47583333,2,68.94,18,50.98809524,2,75.28095238,23,63.37307692,12,64.49576923,25,28.50192308,21,70.88652174,6,68.23521739,13,47.06961538,15,70.25346154,14,70.295,18,56.62846154,11,38.38,13,50.44846154,21,50.68730769
52,BRB,Barbados,Caribbean,55.76,93,9,57.55916667,1,70.7,11,48.79833333,2,40.15583333,1,83.33666667,3,48.41583333,5,61.0775,3,5.836666667,,33.552,10,55.05583333,11,69.46,9,40.7875,5,37.95666667,2,40.15583333,1,100,1,100,1,58.34,4,49.28333333,2,47.54666667,5,61.0775,3,5.836666667,,33.552,10,58.5,6,51.6125,11,66.05166667,11,67.57333333,11,68.10583333,8,78.23666667,,77.39666667,,71.28166667,8,37.94166667,10,51.42416667,9,67.79583333,6,48.61083333,,30.288,5,42.0125,4,33.9025
112,BLR,Belarus,Eastern Europe & Eurasia,64.98,44,11,60.54827586,10,63.50758621,14,58.57655172,13,72.21275862,8,63.31413793,11,62.47655172,1,77.75344828,25,41.95034483,21,36.44821429,,49.46076923,18,68.79172414,6,54.31,7,60.64310345,13,72.21275862,19,73.45241379,20,76.98896552,5,45.45448276,13,62.40793103,2,62.54310345,1,77.75344828,25,41.95034483,21,36.44821429,,54.72846154,,44.19769231,,89.33615385,17,66.10586207,18,69.80931034,18,42.90689655,16,69.03448276,9,86.77310345,6,54.62103448,6,60.33206897,7,56.44689655,14,50.23655172,18,47.99448276,10,62.35,7,58.93724138
56,BEL,Belgium,Europe & North America,77.38,15,15,77.90318182,18,93.45409091,9,67.53545455,21,80.32090909,18,92.53227273,17,97.64045455,11,96.55818182,14,47.83454545,11,19.8525,12,50.49947368,5,88.71954545,9,62.02590909,9,68.815,21,80.32090909,20,93.07681818,17,92.92909091,7,91.82409091,14,96.49409091,21,98.78454545,11,96.55818182,14,47.83454545,11,19.8525,9,56.48052632,13,44.51842105,1,92.74210526,1,91.41954545,1,92.94363636,5,61.67863636,1,94.60285714,17,83.03761905,13,55.41272727,4,77.68954545,15,53.61818182,8,69.37272727,12,63.16045455,6,72.68045455,10,64.95136364
84,BLZ,Belize,Latin America,57.79,81,10,58.173,11,66.851,8,52.387,10,48.3335,12,75.553,10,51.082,12,57.3915,11,30.836,16,18.441,16,58.86611111,2,76.5735,14,48.9085,8,36.302,10,48.3335,1,96.1595,1,94.8045,14,45.66,9,51.734,11,50.43,12,57.3915,11,30.836,16,18.441,12,58.61444444,17,59.11777778,1,86.33388889,1,79.4635,1,75.829,1,68.821,1,77.784,16,60.102,8,45.5225,20,62.321,19,58.982,7,40.4455,,43.75222222,10,40.318,6,32.286
204,BEN,Benin,Sub-Saharan Africa,38.17,167,39,44.89,35,41.97956522,37,46.83108696,39,40.61608696,30,54.94152174,36,14.12304348,25,26.31826087,11,25.57934783,27,14.22571429,25,57.17633333,23,68.05326087,36,46.66391304,42,43.71978261,39,40.61608696,26,81.83891304,31,83.82652174,33,13.10304348,36,14.19565217,36,14.05108696,25,26.31826087,11,25.57934783,27,14.22571429,14,74.763,23,39.58733333,26,59.89933333,1,69.12478261,1,71.375,7,44.20804348,6,71.46,26,83.6025,37,49.55956522,15,45.17934783,19,39.98804348,28,26.20717391,18,42.03434783,30,47.57826087,43,39.86108696
64,BTN,Bhutan,Asia,47.22,131,15,50.13346154,20,49.11423077,7,50.81384615,21,48.35153846,19,49.20269231,16,49.05,18,39.01961538,12,32.57423077,5,31.47583333,,59.96380952,1,62.54269231,22,51.71423077,14,50.56730769,21,48.35153846,17,57.59,17,60.79230769,12,34.22038462,18,50.27923077,16,47.82038462,18,39.01961538,12,32.57423077,5,31.47583333,,68.94,,50.98809524,,75.28095238,1,63.37307692,1,64.49576923,1,28.50192308,2,70.88652174,3,68.23521739,20,47.06961538,7,70.25346154,8,70.295,15,56.62846154,,38.38,15,50.44846154,14,50.68730769
68,BOL,Bolivia,Latin America,55.98,92,13,58.173,15,66.851,9,52.387,12,48.3335,15,75.553,13,51.082,11,57.3915,5,30.836,11,18.441,,58.86611111,3,76.5735,19,48.9085,9,36.302,12,48.3335,1,96.1595,14,94.8045,17,45.66,12,51.734,14,50.43,11,57.3915,5,30.836,11,18.441,,58.61444444,,59.11777778,,86.33388889,4,79.4635,4,75.829,11,68.821,8,77.784,7,60.102,19,45.5225,13,62.321,14,58.982,16,40.4455,11,43.75222222,7,40.318,17,32.286
70,BIH,Bosnia and Herzegovina,Eastern Europe & Eurasia,41.84,158,29,60.54827586,17,63.50758621,29,58.57655172,21,72.21275862,17,63.31413793,2,62.47655172,28,77.75344828,24,41.95034483,8,36.44821429,,49.46076923,28,68.79172414,29,54.31,28,60.64310345,21,72.21275862,12,73.45241379,13,76.98896552,25,45.45448276,5,62.40793103,4,62.54310345,28,77.75344828,24,41.95034483,8,36.44821429,,54.72846154,,44.19769231,,89.33615385,28,66.10586207,28,69.80931034,7,42.90689655,28,69.03448276,14,86.77310345,29,54.62103448,20,60.33206897,25,56.44689655,26,50.23655172,29,47.99448276,29,62.35,25,58.93724138
72,BWA,Botswana,Sub-Saharan Africa,51.7,113,8,44.89,32,41.97956522,5,46.83108696,9,40.61608696,36,54.94152174,9,14.12304348,12,26.31826087,14,25.57934783,1,14.22571429,,57.17633333,2,68.05326087,24,46.66391304,22,43.71978261,9,40.61608696,42,81.83891304,43,83.82652174,7,13.10304348,9,14.19565217,9,14.05108696,12,26.31826087,14,25.57934783,1,14.22571429,,74.763,,39.58733333,,59.89933333,1,69.12478261,1,71.375,1,44.20804348,10,71.46,7,83.6025,35,49.55956522,1,45.17934783,7,39.98804348,16,26.20717391,21,42.03434783,17,47.57826087,27,39.86108696
76,BRA,Brazil,Latin America,60.7,69,7,58.173,8,66.851,5,52.387,11,48.3335,7,75.553,11,51.082,4,57.3915,4,30.836,12,18.441,3,58.86611111,4,76.5735,20,48.9085,10,36.302,11,48.3335,1,96.1595,16,94.8045,7,45.66,13,51.734,10,50.43,4,57.3915,4,30.836,12,18.441,8,58.61444444,1,59.11777778,5,86.33388889,3,79.4635,3,75.829,12,68.821,7,77.784,15,60.102,20,45.5225,9,62.321,12,58.982,17,40.4455,13,43.75222222,8,40.318,15,32.286
96,BRN,Brunei Darussalam,Asia,63.57,53,4,50.13346154,1,49.11423077,22,50.81384615,5,48.35153846,1,49.20269231,4,49.05,11,39.01961538,16,32.57423077,15,31.47583333,16,59.96380952,4,62.54269231,26,51.71423077,26,50.56730769,5,48.35153846,1,57.59,7,60.79230769,1,34.22038462,4,50.27923077,4,47.82038462,11,39.01961538,16,32.57423077,15,31.47583333,14,68.94,20,50.98809524,19,75.28095238,1,63.37307692,1,64.49576923,19,28.50192308,1,70.88652174,10,68.23521739,26,47.06961538,26,70.25346154,6,70.295,4,56.62846154,5,38.38,26,50.44846154,26,50.68730769
100,BGR,Bulgaria,Eastern Europe & Eurasia,67.85,30,3,60.54827586,9,63.50758621,8,58.57655172,12,72.21275862,10,63.31413793,3,62.47655172,6,77.75344828,15,41.95034483,10,36.44821429,2,49.46076923,7,68.79172414,13,54.31,20,60.64310345,12,72.21275862,8,73.45241379,8,76.98896552,16,45.45448276,2,62.40793103,10,62.54310345,6,77.75344828,15,41.95034483,10,36.44821429,4,54.72846154,1,44.19769231,7,89.33615385,10,66.10586207,10,69.80931034,9,42.90689655,1,69.03448276,22,86.77310345,9,54.62103448,14,60.33206897,29,56.44689655,12,50.23655172,22,47.99448276,21,62.35,15,58.93724138
854,BFA,Burkina Faso,Sub-Saharan Africa,42.83,154,28,44.89,17,41.97956522,32,46.83108696,42,40.61608696,14,54.94152174,32,14.12304348,26,26.31826087,19,25.57934783,,14.22571429,,57.17633333,16,68.05326087,40,46.66391304,39,43.71978261,42,40.61608696,1,81.83891304,11,83.82652174,38,13.10304348,33,14.19565217,32,14.05108696,26,26.31826087,19,25.57934783,,14.22571429,,74.763,,39.58733333,,59.89933333,20,69.12478261,21,71.375,14,44.20804348,17,71.46,28,83.6025,39,49.55956522,30,45.17934783,35,39.98804348,46,26.20717391,,42.03434783,38,47.57826087,37,39.86108696
108,BDI,Burundi,Sub-Saharan Africa,27.43,180,46,44.89,44,41.97956522,45,46.83108696,43,40.61608696,44,54.94152174,43,14.12304348,26,26.31826087,34,25.57934783,7,14.22571429,,57.17633333,34,68.05326087,45,46.66391304,29,43.71978261,43,40.61608696,41,81.83891304,42,83.82652174,39,13.10304348,43,14.19565217,44,14.05108696,26,26.31826087,34,25.57934783,7,14.22571429,,74.763,,39.58733333,,59.89933333,33,69.12478261,35,71.375,31,44.20804348,34,71.46,21,83.6025,44,49.55956522,42,45.17934783,32,39.98804348,42,26.20717391,,42.03434783,28,47.57826087,24,39.86108696
384,CIV,CÃ´te d'Ivoire,Sub-Saharan Africa,45.25,139,18,44.89,29,41.97956522,19,46.83108696,35,40.61608696,26,54.94152174,27,14.12304348,14,26.31826087,37,25.57934783,28,14.22571429,10,57.17633333,17,68.05326087,33,46.66391304,13,43.71978261,35,40.61608696,24,81.83891304,26,83.82652174,37,13.10304348,26,14.19565217,29,14.05108696,14,26.31826087,37,25.57934783,28,14.22571429,14,74.763,11,39.58733333,16,59.89933333,1,69.12478261,1,71.375,8,44.20804348,2,71.46,43,83.6025,34,49.55956522,27,45.17934783,9,39.98804348,35,26.20717391,10,42.03434783,8,47.57826087,18,39.86108696
132,CPV,Cabo Verde,Sub-Saharan Africa,56.94,89,4,44.89,3,41.97956522,11,46.83108696,6,40.61608696,3,54.94152174,3,14.12304348,2,26.31826087,32,25.57934783,,14.22571429,8,57.17633333,45,68.05326087,6,46.66391304,5,43.71978261,6,40.61608696,1,81.83891304,1,83.82652174,5,13.10304348,3,14.19565217,3,14.05108696,2,26.31826087,32,25.57934783,,14.22571429,23,74.763,7,39.58733333,26,59.89933333,42,69.12478261,43,71.375,46,44.20804348,39,71.46,1,83.6025,13,49.55956522,2,45.17934783,3,39.98804348,3,26.20717391,,42.03434783,5,47.57826087,5,39.86108696
116,KHM,Cambodia,Asia,43.23,150,19,50.13346154,17,49.11423077,18,50.81384615,17,48.35153846,17,49.20269231,15,49.05,18,39.01961538,3,32.57423077,21,31.47583333,18,59.96380952,5,62.54269231,13,51.71423077,19,50.56730769,17,48.35153846,13,57.59,14,60.79230769,23,34.22038462,15,50.27923077,15,47.82038462,18,39.01961538,3,32.57423077,21,31.47583333,17,68.94,12,50.98809524,15,75.28095238,1,63.37307692,1,64.49576923,3,28.50192308,4,70.88652174,21,68.23521739,16,47.06961538,23,70.25346154,20,70.295,25,56.62846154,2,38.38,18,50.44846154,20,50.68730769
120,CMR,Cameroon,Sub-Saharan Africa,40.81,161,34,44.89,30,41.97956522,33,46.83108696,13,40.61608696,31,54.94152174,17,14.12304348,26,26.31826087,12,25.57934783,8,14.22571429,27,57.17633333,35,68.05326087,12,46.66391304,32,43.71978261,13,40.61608696,29,81.83891304,29,83.82652174,29,13.10304348,17,14.19565217,18,14.05108696,26,26.31826087,12,25.57934783,8,14.22571429,14,74.763,26,39.58733333,26,59.89933333,29,69.12478261,31,71.375,27,44.20804348,32,71.46,29,83.6025,7,49.55956522,16,45.17934783,34,39.98804348,9,26.20717391,14,42.03434783,42,47.57826087,21,39.86108696
124,CAN,Canada,Europe & North America,72.18,25,20,77.90318182,5,93.45409091,22,67.53545455,6,80.32090909,1,92.53227273,18,97.64045455,15,96.55818182,6,47.83454545,13,19.8525,14,50.49947368,17,88.71954545,22,62.02590909,21,68.815,6,80.32090909,1,93.07681818,8,92.92909091,1,91.82409091,20,96.49409091,1,98.78454545,15,96.55818182,6,47.83454545,13,19.8525,10,56.48052632,14,44.51842105,16,92.74210526,1,91.41954545,1,92.94363636,18,61.67863636,21,94.60285714,14,83.03761905,22,55.41272727,22,77.68954545,21,53.61818182,22,69.37272727,7,63.16045455,19,72.68045455,20,64.95136364
140,CAF,Central African Republic,Sub-Saharan Africa,36.42,171,41,44.89,43,41.97956522,34,46.83108696,46,40.61608696,37,54.94152174,46,14.12304348,26,26.31826087,33,25.57934783,2,14.22571429,,57.17633333,10,68.05326087,43,46.66391304,27,43.71978261,46,40.61608696,32,81.83891304,32,83.82652174,46,13.10304348,46,14.19565217,46,14.05108696,26,26.31826087,33,25.57934783,2,14.22571429,,74.763,,39.58733333,,59.89933333,1,69.12478261,1,71.375,17,44.20804348,20,71.46,2,83.6025,40,49.55956522,46,45.17934783,46,39.98804348,36,26.20717391,,42.03434783,22,47.57826087,26,39.86108696
148,TCD,Chad,Sub-Saharan Africa,45.34,137,17,44.89,26,41.97956522,20,46.83108696,31,40.61608696,18,54.94152174,45,14.12304348,26,26.31826087,15,25.57934783,22,14.22571429,,57.17633333,24,68.05326087,19,46.66391304,3,43.71978261,31,40.61608696,1,81.83891304,15,83.82652174,42,13.10304348,45,14.19565217,45,14.05108696,26,26.31826087,15,25.57934783,22,14.22571429,,74.763,,39.58733333,,59.89933333,28,69.12478261,27,71.375,33,44.20804348,21,71.46,17,83.6025,16,49.55956522,32,45.17934783,28,39.98804348,8,26.20717391,,42.03434783,3,47.57826087,4,39.86108696
152,CHL,Chile,Latin America,57.49,84,11,58.173,5,66.851,18,52.387,1,48.3335,16,75.553,2,51.082,1,57.3915,8,30.836,13,18.441,14,58.86611111,14,76.5735,16,48.9085,19,36.302,1,48.3335,20,96.1595,20,94.8045,4,45.66,2,51.734,1,50.43,1,57.3915,8,30.836,13,18.441,14,58.61444444,12,59.11777778,1,86.33388889,16,79.4635,19,75.829,15,68.821,16,77.784,4,60.102,18,45.5225,3,62.321,4,58.982,15,40.4455,18,43.75222222,18,40.318,19,32.286
156,CHN,China,Asia,50.74,120,11,50.13346154,21,49.11423077,2,50.81384615,18,48.35153846,23,49.20269231,6,49.05,5,39.01961538,10,32.57423077,14,31.47583333,3,59.96380952,14,62.54269231,5,51.71423077,8,50.56730769,18,48.35153846,23,57.59,23,60.79230769,9,34.22038462,8,50.27923077,5,47.82038462,5,39.01961538,10,32.57423077,14,31.47583333,4,68.94,9,50.98809524,4,75.28095238,16,63.37307692,11,64.49576923,14,28.50192308,15,70.88652174,13,68.23521739,5,47.06961538,5,70.25346154,1,70.295,8,56.62846154,6,38.38,8,50.44846154,10,50.68730769
170,COL,Colombia,Latin America,65.22,42,2,58.173,7,66.851,3,52.387,3,48.3335,8,75.553,5,51.082,7,57.3915,19,30.836,6,18.441,1,58.86611111,11,76.5735,9,48.9085,4,36.302,3,48.3335,1,96.1595,13,94.8045,10,45.66,5,51.734,6,50.43,7,57.3915,19,30.836,6,18.441,2,58.61444444,1,59.11777778,10,86.33388889,12,79.4635,12,75.829,9,68.821,10,77.784,13,60.102,12,45.5225,5,62.321,3,58.982,8,40.4455,12,43.75222222,6,40.318,2,32.286
174,COM,Comoros,Sub-Saharan Africa,44.24,146,24,44.89,10,41.97956522,31,46.83108696,16,40.61608696,7,54.94152174,26,14.12304348,21,26.31826087,39,25.57934783,16,14.22571429,16,57.17633333,33,68.05326087,20,46.66391304,37,43.71978261,16,40.61608696,1,81.83891304,1,83.82652174,18,13.10304348,28,14.19565217,23,14.05108696,21,26.31826087,39,25.57934783,16,14.22571429,21,74.763,14,39.58733333,21,59.89933333,30,69.12478261,32,71.375,38,44.20804348,28,71.46,41,83.6025,15,49.55956522,35,45.17934783,17,39.98804348,30,26.20717391,,42.03434783,36,47.57826087,35,39.86108696
188,CRI,Costa Rica,Latin America,67.85,30,1,58.173,3,66.851,2,52.387,8,48.3335,4,75.553,4,51.082,10,57.3915,20,30.836,4,18.441,4,58.86611111,5,76.5735,3,48.9085,2,36.302,8,48.3335,1,96.1595,1,94.8045,5,45.66,4,51.734,5,50.43,10,57.3915,20,30.836,4,18.441,5,58.61444444,8,59.11777778,16,86.33388889,6,79.4635,8,75.829,6,68.821,2,77.784,10,60.102,5,45.5225,12,62.321,10,58.982,20,40.4455,2,43.75222222,4,40.318,4,32.286
191,HRV,Croatia,Eastern Europe & Eurasia,65.45,41,9,60.54827586,13,63.50758621,12,58.57655172,5,72.21275862,16,63.31413793,5,62.47655172,13,77.75344828,11,41.95034483,11,36.44821429,5,49.46076923,3,68.79172414,15,54.31,26,60.64310345,5,72.21275862,16,73.45241379,18,76.98896552,11,45.45448276,7,62.40793103,12,62.54310345,13,77.75344828,11,41.95034483,11,36.44821429,2,54.72846154,12,44.19769231,5,89.33615385,1,66.10586207,1,69.80931034,6,42.90689655,7,69.03448276,12,86.77310345,13,54.62103448,25,60.33206897,13,56.44689655,28,50.23655172,5,47.99448276,20,62.35,27,58.93724138
192,CUB,Cuba,Caribbean,63.42,55,4,57.55916667,4,70.7,4,48.79833333,5,40.15583333,4,83.33666667,1,48.41583333,3,61.0775,1,5.836666667,8,33.552,8,55.05583333,8,69.46,6,40.7875,1,37.95666667,5,40.15583333,1,100,1,100,4,58.34,2,49.28333333,1,47.54666667,3,61.0775,1,5.836666667,8,33.552,11,58.5,2,51.6125,2,66.05166667,9,67.57333333,8,68.10583333,11,78.23666667,4,77.39666667,2,71.28166667,6,37.94166667,4,51.42416667,10,67.79583333,1,48.61083333,3,30.288,3,42.0125,1,33.9025
196,CYP,Cyprus,Europe & North America,72.6,24,19,77.90318182,20,93.45409091,18,67.53545455,16,80.32090909,19,92.53227273,21,97.64045455,22,96.55818182,21,47.83454545,2,19.8525,9,50.49947368,18,88.71954545,7,62.02590909,17,68.815,16,80.32090909,17,93.07681818,18,92.92909091,12,91.82409091,18,96.49409091,22,98.78454545,22,96.55818182,21,47.83454545,2,19.8525,17,56.48052632,2,44.51842105,19,92.74210526,1,91.41954545,1,92.94363636,21,61.67863636,14,94.60285714,21,83.03761905,5,55.41272727,11,77.68954545,8,53.61818182,3,69.37272727,17,63.16045455,16,72.68045455,18,64.95136364
203,CZE,Czech Republic,Eastern Europe & Eurasia,67.68,33,4,60.54827586,11,63.50758621,7,58.57655172,1,72.21275862,13,63.31413793,6,62.47655172,5,77.75344828,2,41.95034483,19,36.44821429,,49.46076923,4,68.79172414,14,54.31,17,60.64310345,1,72.21275862,23,73.45241379,23,76.98896552,4,45.45448276,3,62.40793103,16,62.54310345,5,77.75344828,2,41.95034483,19,36.44821429,,54.72846154,,44.19769231,,89.33615385,1,66.10586207,1,69.80931034,2,42.90689655,1,69.03448276,15,86.77310345,12,54.62103448,17,60.33206897,21,56.44689655,19,50.23655172,14,47.99448276,18,62.35,16,58.93724138
180,COD,Dem. Rep. Congo,Sub-Saharan Africa,30.41,178,45,44.89,46,41.97956522,39,46.83108696,20,40.61608696,46,54.94152174,24,14.12304348,26,26.31826087,31,25.57934783,15,14.22571429,,57.17633333,28,68.05326087,37,46.66391304,28,43.71978261,20,40.61608696,45,81.83891304,45,83.82652174,34,13.10304348,24,14.19565217,26,14.05108696,26,26.31826087,31,25.57934783,15,14.22571429,,74.763,,39.58733333,,59.89933333,27,69.12478261,30,71.375,26,44.20804348,29,71.46,36,83.6025,43,49.55956522,40,45.17934783,39,39.98804348,41,26.20717391,1,42.03434783,21,47.57826087,29,39.86108696
208,DNK,Denmark,Europe & North America,81.6,3,3,77.90318182,3,93.45409091,8,67.53545455,10,80.32090909,2,92.53227273,13,97.64045455,10,96.55818182,4,47.83454545,12,19.8525,10,50.49947368,7,88.71954545,5,62.02590909,10,68.815,10,80.32090909,1,93.07681818,10,92.92909091,4,91.82409091,12,96.49409091,20,98.78454545,10,96.55818182,4,47.83454545,12,19.8525,11,56.48052632,8,44.51842105,1,92.74210526,1,91.41954545,1,92.94363636,15,61.67863636,1,94.60285714,3,83.03761905,4,55.41272727,16,77.68954545,19,53.61818182,15,69.37272727,8,63.16045455,4,72.68045455,17,64.95136364
262,DJI,Djibouti,Sub-Saharan Africa,40.04,163,36,44.89,4,41.97956522,44,46.83108696,29,40.61608696,4,54.94152174,10,14.12304348,26,26.31826087,27,25.57934783,,14.22571429,26,57.17633333,43,68.05326087,25,46.66391304,44,43.71978261,29,40.61608696,1,81.83891304,17,83.82652174,6,13.10304348,10,14.19565217,10,14.05108696,26,26.31826087,27,25.57934783,,14.22571429,14,74.763,25,39.58733333,15,59.89933333,44,69.12478261,44,71.375,44,44.20804348,44,71.46,20,83.6025,29,49.55956522,12,45.17934783,11,39.98804348,26,26.20717391,,42.03434783,44,47.57826087,42,39.86108696
212,DMA,Dominica,Caribbean,59.38,73,5,57.55916667,8,70.7,5,48.79833333,6,40.15583333,8,83.33666667,7,48.41583333,11,61.0775,10,5.836666667,2,33.552,7,55.05583333,7,69.46,4,40.7875,7,37.95666667,6,40.15583333,1,100,1,100,8,58.34,6,49.28333333,7,47.54666667,11,61.0775,10,5.836666667,2,33.552,5,58.5,8,51.6125,10,66.05166667,6,67.57333333,7,68.10583333,1,78.23666667,,77.39666667,,71.28166667,5,37.94166667,7,51.42416667,8,67.79583333,5,48.61083333,,30.288,6,42.0125,9,33.9025
214,DOM,Dominican Republic,Caribbean,64.71,46,3,57.55916667,11,70.7,2,48.79833333,10,40.15583333,11,83.33666667,11,48.41583333,1,61.0775,5,5.836666667,9,33.552,2,55.05583333,3,69.46,1,40.7875,2,37.95666667,10,40.15583333,1,100,1,100,11,58.34,11,49.28333333,11,47.54666667,1,61.0775,5,5.836666667,9,33.552,1,58.5,4,51.6125,1,66.05166667,5,67.57333333,4,68.10583333,9,78.23666667,3,77.39666667,4,71.28166667,1,37.94166667,5,51.42416667,6,67.79583333,3,48.61083333,2,30.288,2,42.0125,2,33.9025
218,ECU,Ecuador,Latin America,57.42,87,12,58.173,6,66.851,16,52.387,4,48.3335,5,75.553,7,51.082,18,57.3915,15,30.836,5,18.441,8,58.86611111,9,76.5735,11,48.9085,16,36.302,4,48.3335,1,96.1595,8,94.8045,6,45.66,8,51.734,8,50.43,18,57.3915,15,30.836,5,18.441,6,58.61444444,11,59.11777778,1,86.33388889,8,79.4635,13,75.829,13,68.821,9,77.784,9,60.102,14,45.5225,7,62.321,8,58.982,9,40.4455,8,43.75222222,15,40.318,16,32.286
818,EGY,Egypt,Mid East & North Africa,61.21,66,7,58.70941176,12,73.89588235,5,48.58529412,16,39.02058824,7,83.98352941,16,57.85058824,9,80.05,1,24.79529412,3,39.15625,15,58.42933333,4,48.41705882,4,42.12235294,10,47.42411765,16,39.02058824,9,86.64823529,10,87.26117647,10,79.52882353,16,60.46058824,16,55.23941176,9,80.05,1,24.79529412,3,39.15625,11,68.724,15,48.13066667,3,73.00133333,4,39.08235294,7,38.98294118,5,13.58176471,8,47.435625,5,89.600625,3,29.32352941,8,62.70764706,8,67.99823529,7,64.81764706,7,41.38529412,13,53.13117647,5,41.71823529
222,SLV,El Salvador,Latin America,53.91,106,17,58.173,12,66.851,17,52.387,16,48.3335,9,75.553,15,51.082,15,57.3915,16,30.836,9,18.441,18,58.86611111,15,76.5735,2,48.9085,14,36.302,16,48.3335,1,96.1595,10,94.8045,11,45.66,18,51.734,12,50.43,15,57.3915,16,30.836,9,18.441,18,58.61444444,18,59.11777778,15,86.33388889,15,79.4635,14,75.829,16,68.821,12,77.784,5,60.102,2,45.5225,11,62.321,11,58.982,13,40.4455,6,43.75222222,17,40.318,9,32.286
226,GNQ,Equatorial Guinea,Sub-Saharan Africa,60.4,71,2,44.89,7,41.97956522,1,46.83108696,4,40.61608696,24,54.94152174,4,14.12304348,10,26.31826087,40,25.57934783,10,14.22571429,6,57.17633333,12,68.05326087,4,46.66391304,1,43.71978261,4,40.61608696,31,81.83891304,25,83.82652174,8,13.10304348,4,14.19565217,4,14.05108696,10,26.31826087,40,25.57934783,10,14.22571429,8,74.763,13,39.58733333,14,59.89933333,1,69.12478261,1,71.375,13,44.20804348,1,71.46,35,83.6025,12,49.55956522,5,45.17934783,2,39.98804348,1,26.20717391,,42.03434783,1,47.57826087,1,39.86108696
232,ERI,Eritrea,Sub-Saharan Africa,39.34,165,37,44.89,13,41.97956522,41,46.83108696,27,40.61608696,6,54.94152174,35,14.12304348,26,26.31826087,3,25.57934783,,14.22571429,1,57.17633333,44,68.05326087,39,46.66391304,21,43.71978261,27,40.61608696,1,81.83891304,16,83.82652174,15,13.10304348,35,14.19565217,34,14.05108696,26,26.31826087,3,25.57934783,,14.22571429,4,74.763,1,39.58733333,26,59.89933333,39,69.12478261,40,71.375,41,44.20804348,40,71.46,3,83.6025,25,49.55956522,39,45.17934783,43,39.98804348,24,26.20717391,22,42.03434783,29,47.57826087,15,39.86108696
233,EST,Estonia,Eastern Europe & Eurasia,64.31,48,13,60.54827586,3,63.50758621,17,58.57655172,3,72.21275862,3,63.31413793,25,62.47655172,3,77.75344828,17,41.95034483,27,36.44821429,1,49.46076923,8,68.79172414,27,54.31,19,60.64310345,3,72.21275862,1,73.45241379,1,76.98896552,12,45.45448276,22,62.40793103,24,62.54310345,3,77.75344828,17,41.95034483,27,36.44821429,1,54.72846154,6,44.19769231,1,89.33615385,1,66.10586207,1,69.80931034,15,42.90689655,1,69.03448276,25,86.77310345,27,54.62103448,24,60.33206897,26,56.44689655,16,50.23655172,25,47.99448276,22,62.35,13,58.93724138
231,ETH,Ethiopia,Sub-Saharan Africa,44.78,141,20,44.89,38,41.97956522,13,46.83108696,36,40.61608696,35,54.94152174,29,14.12304348,26,26.31826087,5,25.57934783,4,14.22571429,,57.17633333,20,68.05326087,8,46.66391304,30,43.71978261,36,40.61608696,34,81.83891304,34,83.82652174,28,13.10304348,32,14.19565217,27,14.05108696,26,26.31826087,5,25.57934783,4,14.22571429,,74.763,,39.58733333,,59.89933333,22,69.12478261,25,71.375,29,44.20804348,22,71.46,8,83.6025,8,49.55956522,34,45.17934783,38,39.98804348,38,26.20717391,1,42.03434783,24,47.57826087,31,39.86108696
242,FJI,Fiji,Pacific,53.09,107,6,57.89875,5,66.08375,6,52.445,1,59.56375,3,73.645,5,50.78375,3,61.775,3,19.7125,2,21.436,3,62.1575,6,62.83375,2,48.54625,8,53.04875,1,59.56375,1,100,1,100,3,34.10875,5,52.1425,5,49.425,3,61.775,3,19.7125,2,21.436,2,61.215,5,63.1,5,80.7375,6,58.84875,6,57.87125,5,23.46375,4,54.74833333,3,86.235,2,49.15125,1,42.86875,3,44.0875,8,54.885,,61.2,8,50.4825,8,55.615
246,FIN,Finland,Europe & North America,78.64,10,10,77.90318182,1,93.45409091,15,67.53545455,1,80.32090909,3,92.53227273,1,97.64045455,14,96.55818182,11,47.83454545,18,19.8525,4,50.49947368,12,88.71954545,13,62.02590909,19,68.815,1,80.32090909,1,93.07681818,1,92.92909091,6,91.82409091,1,96.49409091,1,98.78454545,14,96.55818182,11,47.83454545,18,19.8525,1,56.48052632,15,44.51842105,1,92.74210526,1,91.41954545,1,92.94363636,19,61.67863636,16,94.60285714,20,83.03761905,12,55.41272727,12,77.68954545,16,53.61818182,17,69.37272727,11,63.16045455,17,72.68045455,15,64.95136364
250,FRA,France,Europe & North America,83.95,2,2,77.90318182,8,93.45409091,2,67.53545455,13,80.32090909,7,92.53227273,14,97.64045455,17,96.55818182,3,47.83454545,8,19.8525,5,50.49947368,4,88.71954545,3,62.02590909,2,68.815,13,80.32090909,13,93.07681818,13,92.92909091,5,91.82409091,15,96.49409091,15,98.78454545,17,96.55818182,3,47.83454545,8,19.8525,4,56.48052632,12,44.51842105,1,92.74210526,1,91.41954545,1,92.94363636,7,61.67863636,11,94.60285714,9,83.03761905,9,55.41272727,14,77.68954545,10,53.61818182,9,69.37272727,5,63.16045455,5,72.68045455,3,64.95136364
266,GAB,Gabon,Sub-Saharan Africa,45.05,140,19,44.89,21,41.97956522,22,46.83108696,5,40.61608696,29,54.94152174,8,14.12304348,26,26.31826087,42,25.57934783,3,14.22571429,14,57.17633333,13,68.05326087,38,46.66391304,10,43.71978261,5,40.61608696,39,81.83891304,39,83.82652174,3,13.10304348,8,14.19565217,8,14.05108696,26,26.31826087,42,25.57934783,3,14.22571429,28,74.763,2,39.58733333,10,59.89933333,21,69.12478261,19,71.375,19,44.20804348,11,71.46,6,83.6025,42,49.55956522,13,45.17934783,20,39.98804348,32,26.20717391,19,42.03434783,32,47.57826087,6,39.86108696
270,GMB,Gambia,Sub-Saharan Africa,42.42,156,30,44.89,8,41.97956522,38,46.83108696,24,40.61608696,11,54.94152174,11,14.12304348,21,26.31826087,26,25.57934783,,14.22571429,21,57.17633333,37,68.05326087,35,46.66391304,24,43.71978261,24,40.61608696,1,81.83891304,1,83.82652174,26,13.10304348,11,14.19565217,11,14.05108696,21,26.31826087,26,25.57934783,,14.22571429,14,74.763,21,39.58733333,19,59.89933333,41,69.12478261,39,71.375,21,44.20804348,37,71.46,22,83.6025,26,49.55956522,44,45.17934783,22,39.98804348,21,26.20717391,,42.03434783,20,47.57826087,28,39.86108696
268,GEO,Georgia,Eastern Europe & Eurasia,55.69,94,21,60.54827586,24,63.50758621,22,58.57655172,18,72.21275862,23,63.31413793,21,62.47655172,18,77.75344828,29,41.95034483,2,36.44821429,13,49.46076923,21,68.79172414,20,54.31,23,60.64310345,18,72.21275862,14,73.45241379,14,76.98896552,28,45.45448276,25,62.40793103,20,62.54310345,18,77.75344828,29,41.95034483,2,36.44821429,4,54.72846154,13,44.19769231,11,89.33615385,20,66.10586207,21,69.80931034,17,42.90689655,17,69.03448276,4,86.77310345,26,54.62103448,10,60.33206897,14,56.44689655,7,50.23655172,3,47.99448276,26,62.35,10,58.93724138
276,DEU,Germany,Europe & North America,78.37,13,13,77.90318182,19,93.45409091,5,67.53545455,1,80.32090909,20,92.53227273,16,97.64045455,7,96.55818182,7,47.83454545,4,19.8525,11,50.49947368,1,88.71954545,17,62.02590909,4,68.815,1,80.32090909,18,93.07681818,19,92.92909091,20,91.82409091,17,96.49409091,18,98.78454545,7,96.55818182,7,47.83454545,4,19.8525,15,56.48052632,5,44.51842105,1,92.74210526,1,91.41954545,1,92.94363636,4,61.67863636,1,94.60285714,10,83.03761905,19,55.41272727,1,77.68954545,7,53.61818182,4,69.37272727,21,63.16045455,8,72.68045455,2,64.95136364
288,GHA,Ghana,Sub-Saharan Africa,49.66,124,11,44.89,16,41.97956522,12,46.83108696,10,40.61608696,28,54.94152174,6,14.12304348,9,26.31826087,17,25.57934783,28,14.22571429,19,57.17633333,21,68.05326087,13,46.66391304,26,43.71978261,10,40.61608696,30,81.83891304,28,83.82652174,19,13.10304348,6,14.19565217,6,14.05108696,9,26.31826087,17,25.57934783,28,14.22571429,27,74.763,8,39.58733333,17,59.89933333,25,69.12478261,23,71.375,11,44.20804348,14,71.46,31,83.6025,19,49.55956522,4,45.17934783,4,39.98804348,13,26.20717391,6,42.03434783,26,47.57826087,20,39.86108696
300,GRC,Greece,Europe & North America,73.6,22,18,77.90318182,16,93.45409091,19,67.53545455,20,80.32090909,17,92.53227273,1,97.64045455,12,96.55818182,12,47.83454545,5,19.8525,3,50.49947368,11,88.71954545,21,62.02590909,20,68.815,20,80.32090909,16,93.07681818,16,92.92909091,14,91.82409091,1,96.49409091,1,98.78454545,12,96.55818182,12,47.83454545,5,19.8525,14,56.48052632,1,44.51842105,15,92.74210526,1,91.41954545,1,92.94363636,17,61.67863636,1,94.60285714,7,83.03761905,18,55.41272727,18,77.68954545,22,53.61818182,14,69.37272727,19,63.16045455,18,72.68045455,19,64.95136364
308,GRD,Grenada,Caribbean,50.93,118,11,57.55916667,7,70.7,10,48.79833333,9,40.15583333,7,83.33666667,8,48.41583333,5,61.0775,9,5.836666667,4,33.552,11,55.05583333,10,69.46,10,40.7875,8,37.95666667,9,40.15583333,1,100,1,100,7,58.34,9,49.28333333,8,47.54666667,5,61.0775,9,5.836666667,4,33.552,5,58.5,12,51.6125,9,66.05166667,10,67.57333333,10,68.10583333,4,78.23666667,,77.39666667,,71.28166667,10,37.94166667,11,51.42416667,2,67.79583333,10,48.61083333,,30.288,8,42.0125,8,33.9025
320,GTM,Guatemala,Latin America,52.33,110,18,58.173,20,66.851,12,52.387,17,48.3335,18,75.553,20,51.082,8,57.3915,14,30.836,18,18.441,10,58.86611111,16,76.5735,6,48.9085,13,36.302,17,48.3335,1,96.1595,11,94.8045,20,45.66,20,51.734,20,50.43,8,57.3915,14,30.836,18,18.441,3,58.61444444,14,59.11777778,14,86.33388889,14,79.4635,17,75.829,8,68.821,14,77.784,18,60.102,6,45.5225,10,62.321,13,58.982,11,40.4455,5,43.75222222,14,40.318,12,32.286
324,GIN,Guinea,Sub-Saharan Africa,46.62,134,15,44.89,14,41.97956522,21,46.83108696,34,40.61608696,19,54.94152174,20,14.12304348,11,26.31826087,13,25.57934783,28,14.22571429,13,57.17633333,18,68.05326087,34,46.66391304,35,43.71978261,34,40.61608696,1,81.83891304,14,83.82652174,43,13.10304348,19,14.19565217,20,14.05108696,11,26.31826087,13,25.57934783,28,14.22571429,2,74.763,24,39.58733333,11,59.89933333,13,69.12478261,20,71.375,34,44.20804348,16,71.46,34,83.6025,22,49.55956522,43,45.17934783,41,39.98804348,39,26.20717391,,42.03434783,31,47.57826087,40,39.86108696
624,GNB,Guinea-Bissau,Sub-Saharan Africa,44.67,143,22,44.89,20,41.97956522,25,46.83108696,45,40.61608696,23,54.94152174,24,14.12304348,26,26.31826087,36,25.57934783,28,14.22571429,30,57.17633333,14,68.05326087,16,46.66391304,33,43.71978261,45,40.61608696,1,81.83891304,1,83.82652174,45,13.10304348,25,14.19565217,25,14.05108696,26,26.31826087,36,25.57934783,28,14.22571429,29,74.763,19,39.58733333,2,59.89933333,18,69.12478261,12,71.375,24,44.20804348,25,71.46,39,83.6025,11,49.55956522,38,45.17934783,40,39.98804348,27,26.20717391,,42.03434783,33,47.57826087,34,39.86108696
328,GUY,Guyana,Latin America,47.93,128,20,58.173,16,66.851,20,52.387,20,48.3335,10,75.553,18,51.082,18,57.3915,10,30.836,1,18.441,13,58.86611111,19,76.5735,18,48.9085,11,36.302,20,48.3335,1,96.1595,1,94.8045,12,45.66,16,51.734,18,50.43,18,57.3915,10,30.836,1,18.441,11,58.61444444,13,59.11777778,18,86.33388889,17,79.4635,16,75.829,1,68.821,19,77.784,1,60.102,16,45.5225,18,62.321,18,58.982,4,40.4455,,43.75222222,11,40.318,10,32.286
332,HTI,Haiti,Caribbean,33.74,174,12,57.55916667,12,70.7,12,48.79833333,12,40.15583333,12,83.33666667,12,48.41583333,12,61.0775,2,5.836666667,10,33.552,3,55.05583333,12,69.46,7,40.7875,11,37.95666667,12,40.15583333,1,100,1,100,12,58.34,12,49.28333333,12,47.54666667,12,61.0775,2,5.836666667,10,33.552,2,58.5,10,51.6125,12,66.05166667,12,67.57333333,12,68.10583333,12,78.23666667,6,77.39666667,6,71.28166667,3,37.94166667,8,51.42416667,12,67.79583333,11,48.61083333,5,30.288,10,42.0125,11,33.9025
340,HND,Honduras,Latin America,51.51,114,19,58.173,19,66.851,15,52.387,19,48.3335,17,75.553,19,51.082,14,57.3915,18,30.836,17,18.441,12,58.86611111,8,76.5735,13,48.9085,18,36.302,19,48.3335,1,96.1595,1,94.8045,19,45.66,19,51.734,19,50.43,14,57.3915,18,30.836,17,18.441,4,58.61444444,15,59.11777778,6,86.33388889,10,79.4635,6,75.829,10,68.821,5,77.784,17,60.102,9,45.5225,16,62.321,15,58.982,12,40.4455,9,43.75222222,16,40.318,18,32.286
348,HUN,Hungary,Eastern Europe & Eurasia,65.01,43,10,60.54827586,23,63.50758621,3,58.57655172,11,72.21275862,26,63.31413793,13,62.47655172,8,77.75344828,1,41.95034483,25,36.44821429,,49.46076923,10,68.79172414,11,54.31,6,60.64310345,11,72.21275862,25,73.45241379,24,76.98896552,15,45.45448276,11,62.40793103,17,62.54310345,8,77.75344828,1,41.95034483,25,36.44821429,,54.72846154,,44.19769231,,89.33615385,1,66.10586207,1,69.80931034,16,42.90689655,1,69.03448276,13,86.77310345,10,54.62103448,11,60.33206897,10,56.44689655,13,50.23655172,12,47.99448276,3,62.35,17,58.93724138
352,ISL,Iceland,Europe & North America,78.57,11,11,77.90318182,2,93.45409091,14,67.53545455,12,80.32090909,4,92.53227273,1,97.64045455,18,96.55818182,8,47.83454545,,19.8525,16,50.49947368,21,88.71954545,14,62.02590909,18,68.815,12,80.32090909,1,93.07681818,1,92.92909091,8,91.82409091,1,96.49409091,1,98.78454545,18,96.55818182,8,47.83454545,,19.8525,16,56.48052632,10,44.51842105,18,92.74210526,19,91.41954545,21,92.94363636,9,61.67863636,18,94.60285714,1,83.03761905,14,55.41272727,17,77.68954545,11,53.61818182,11,69.37272727,1,63.16045455,22,72.68045455,6,64.95136364
356,IND,India,Asia,30.57,177,25,50.13346154,26,49.11423077,20,50.81384615,23,48.35153846,24,49.20269231,26,49.05,10,39.01961538,23,32.57423077,13,31.47583333,14,59.96380952,19,62.54269231,19,51.71423077,20,50.56730769,23,48.35153846,24,57.59,24,60.79230769,18,34.22038462,26,50.27923077,26,47.82038462,10,39.01961538,23,32.57423077,13,31.47583333,6,68.94,19,50.98809524,13,75.28095238,19,63.37307692,19,64.49576923,22,28.50192308,19,70.88652174,8,68.23521739,17,47.06961538,8,70.25346154,13,70.295,16,56.62846154,18,38.38,21,50.44846154,15,50.68730769
360,IDN,Indonesia,Asia,46.92,133,17,50.13346154,16,49.11423077,16,50.81384615,14,48.35153846,14,49.20269231,18,49.05,17,39.01961538,8,32.57423077,20,31.47583333,13,59.96380952,15,62.54269231,10,51.71423077,15,50.56730769,14,48.35153846,12,57.59,12,60.79230769,11,34.22038462,16,50.27923077,18,47.82038462,17,39.01961538,8,32.57423077,20,31.47583333,11,68.94,11,50.98809524,3,75.28095238,15,63.37307692,14,64.49576923,13,28.50192308,14,70.88652174,18,68.23521739,9,47.06961538,16,70.25346154,16,70.295,14,56.62846154,14,38.38,17,50.44846154,13,50.68730769
364,IRN,Iran,Mid East & North Africa,58.16,80,10,58.70941176,9,73.89588235,10,48.58529412,15,39.02058824,9,83.98352941,11,57.85058824,16,80.05,4,24.79529412,1,39.15625,12,58.42933333,6,48.41705882,11,42.12235294,16,47.42411765,15,39.02058824,11,86.64823529,12,87.26117647,9,79.52882353,11,60.46058824,12,55.23941176,16,80.05,4,24.79529412,1,39.15625,4,68.724,13,48.13066667,8,73.00133333,7,39.08235294,8,38.98294118,9,13.58176471,9,47.435625,6,89.600625,10,29.32352941,14,62.70764706,7,67.99823529,14,64.81764706,14,41.38529412,14,53.13117647,16,41.71823529
368,IRQ,Iraq,Mid East & North Africa,43.2,152,17,58.70941176,16,73.89588235,16,48.58529412,11,39.02058824,15,83.98352941,15,57.85058824,14,80.05,11,24.79529412,,39.15625,,58.42933333,15,48.41705882,16,42.12235294,12,47.42411765,11,39.02058824,12,86.64823529,11,87.26117647,16,79.52882353,15,60.46058824,14,55.23941176,14,80.05,11,24.79529412,,39.15625,,68.724,,48.13066667,,73.00133333,15,39.08235294,5,38.98294118,16,13.58176471,16,47.435625,2,89.600625,14,29.32352941,11,62.70764706,10,67.99823529,15,64.81764706,17,41.38529412,10,53.13117647,12,41.71823529
372,IRL,Ireland,Europe & North America,78.77,9,9,77.90318182,7,93.45409091,13,67.53545455,14,80.32090909,8,92.53227273,1,97.64045455,21,96.55818182,5,47.83454545,16,19.8525,1,50.49947368,14,88.71954545,18,62.02590909,6,68.815,14,80.32090909,1,93.07681818,1,92.92909091,13,91.82409091,1,96.49409091,1,98.78454545,21,96.55818182,5,47.83454545,16,19.8525,6,56.48052632,3,44.51842105,14,92.74210526,17,91.41954545,17,92.94363636,11,61.67863636,12,94.60285714,2,83.03761905,6,55.41272727,21,77.68954545,20,53.61818182,5,69.37272727,15,63.16045455,10,72.68045455,8,64.95136364
376,ISR,Israel,Mid East & North Africa,75.01,19,1,58.70941176,1,73.89588235,2,48.58529412,1,39.02058824,3,83.98352941,1,57.85058824,1,80.05,9,24.79529412,5,39.15625,1,58.42933333,5,48.41705882,3,42.12235294,3,47.42411765,1,39.02058824,1,86.64823529,6,87.26117647,5,79.52882353,1,60.46058824,1,55.23941176,1,80.05,9,24.79529412,5,39.15625,6,68.724,1,48.13066667,12,73.00133333,3,39.08235294,4,38.98294118,3,13.58176471,5,47.435625,15,89.600625,4,29.32352941,5,62.70764706,6,67.99823529,1,64.81764706,9,41.38529412,2,53.13117647,4,41.71823529
380,ITA,Italy,Europe & North America,76.96,16,16,77.90318182,22,93.45409091,7,67.53545455,15,80.32090909,22,92.53227273,1,97.64045455,13,96.55818182,13,47.83454545,6,19.8525,17,50.49947368,8,88.71954545,8,62.02590909,5,68.815,15,80.32090909,22,93.07681818,22,92.92909091,11,91.82409091,1,96.49409091,1,98.78454545,13,96.55818182,13,47.83454545,6,19.8525,19,56.48052632,4,44.51842105,12,92.74210526,1,91.41954545,1,92.94363636,13,61.67863636,9,94.60285714,8,83.03761905,11,55.41272727,8,77.68954545,4,53.61818182,13,69.37272727,13,63.16045455,9,72.68045455,7,64.95136364
388,JAM,Jamaica,Caribbean,58.58,78,7,57.55916667,9,70.7,6,48.79833333,7,40.15583333,10,83.33666667,6,48.41583333,2,61.0775,4,5.836666667,6,33.552,12,55.05583333,6,69.46,3,40.7875,10,37.95666667,7,40.15583333,1,100,1,100,10,58.34,7,49.28333333,5,47.54666667,2,61.0775,4,5.836666667,6,33.552,12,58.5,9,51.6125,3,66.05166667,4,67.57333333,5,68.10583333,10,78.23666667,2,77.39666667,5,71.28166667,2,37.94166667,2,51.42416667,11,67.79583333,12,48.61083333,4,30.288,12,42.0125,6,33.9025
392,JPN,Japan,Asia,74.69,20,1,50.13346154,2,49.11423077,3,50.81384615,1,48.35153846,2,49.20269231,2,49.05,3,39.01961538,5,32.57423077,7,31.47583333,20,59.96380952,2,62.54269231,17,51.71423077,6,50.56730769,1,48.35153846,9,57.59,9,60.79230769,1,34.22038462,1,50.27923077,2,47.82038462,3,39.01961538,5,32.57423077,7,31.47583333,20,68.94,8,50.98809524,1,75.28095238,1,63.37307692,1,64.49576923,5,28.50192308,3,70.88652174,16,68.23521739,22,47.06961538,6,70.25346154,4,70.295,2,56.62846154,19,38.38,7,50.44846154,4,50.68730769
400,JOR,Jordan,Mid East & North Africa,62.2,62,6,58.70941176,2,73.89588235,13,48.58529412,13,39.02058824,1,83.98352941,3,57.85058824,11,80.05,15,24.79529412,,39.15625,,58.42933333,16,48.41705882,7,42.12235294,2,47.42411765,13,39.02058824,1,86.64823529,4,87.26117647,1,79.52882353,3,60.46058824,4,55.23941176,11,80.05,15,24.79529412,,39.15625,,68.724,,48.13066667,,73.00133333,16,39.08235294,16,38.98294118,4,13.58176471,12,47.435625,8,89.600625,7,29.32352941,10,62.70764706,9,67.99823529,5,64.81764706,15,41.38529412,6,53.13117647,1,41.71823529
398,KAZ,Kazakhstan,Eastern Europe & Eurasia,54.56,101,23,60.54827586,14,63.50758621,24,58.57655172,20,72.21275862,11,63.31413793,16,62.47655172,20,77.75344828,26,41.95034483,7,36.44821429,,49.46076923,26,68.79172414,22,54.31,24,60.64310345,20,72.21275862,5,73.45241379,5,76.98896552,19,45.45448276,17,62.40793103,6,62.54310345,20,77.75344828,26,41.95034483,7,36.44821429,,54.72846154,,44.19769231,,89.33615385,26,66.10586207,25,69.80931034,27,42.90689655,25,69.03448276,1,86.77310345,22,54.62103448,7,60.33206897,5,56.44689655,29,50.23655172,13,47.99448276,23,62.35,21,58.93724138
404,KEN,Kenya,Sub-Saharan Africa,47.25,130,14,44.89,22,41.97956522,17,46.83108696,25,40.61608696,12,54.94152174,44,14.12304348,16,26.31826087,22,25.57934783,14,14.22571429,22,57.17633333,19,68.05326087,18,46.66391304,38,43.71978261,25,40.61608696,1,81.83891304,22,83.82652174,13,13.10304348,44,14.19565217,43,14.05108696,16,26.31826087,22,25.57934783,14,14.22571429,25,74.763,18,39.58733333,9,59.89933333,23,69.12478261,24,71.375,28,44.20804348,15,71.46,29,83.6025,18,49.55956522,21,45.17934783,27,39.98804348,22,26.20717391,5,42.03434783,41,47.57826087,33,39.86108696
296,KIR,Kiribati,Pacific,55.26,95,4,57.89875,8,66.08375,3,52.445,7,59.56375,6,73.645,8,50.78375,4,61.775,8,19.7125,,21.436,2,62.1575,2,62.83375,6,48.54625,5,53.04875,7,59.56375,1,100,1,100,6,34.10875,8,52.1425,8,49.425,4,61.775,8,19.7125,,21.436,1,61.215,6,63.1,1,80.7375,1,58.84875,1,57.87125,8,23.46375,,54.74833333,,86.235,6,49.15125,5,42.86875,6,44.0875,6,54.885,,61.2,4,50.4825,5,55.615
414,KWT,Kuwait,Mid East & North Africa,62.28,61,5,58.70941176,11,73.89588235,4,48.58529412,7,39.02058824,13,83.98352941,4,57.85058824,2,80.05,5,24.79529412,,39.15625,4,58.42933333,2,48.41705882,13,42.12235294,15,47.42411765,7,39.02058824,16,86.64823529,15,87.26117647,4,79.52882353,4,60.46058824,3,55.23941176,2,80.05,5,24.79529412,,39.15625,6,68.724,6,48.13066667,5,73.00133333,1,39.08235294,1,38.98294118,6,13.58176471,2,47.435625,9,89.600625,13,29.32352941,12,62.70764706,2,67.99823529,6,64.81764706,10,41.38529412,15,53.13117647,14,41.71823529
417,KGZ,Kyrgyzstan,Eastern Europe & Eurasia,54.86,99,22,60.54827586,26,63.50758621,21,58.57655172,26,72.21275862,19,63.31413793,28,62.47655172,24,77.75344828,8,41.95034483,1,36.44821429,,49.46076923,14,68.79172414,28,54.31,29,60.64310345,26,72.21275862,10,73.45241379,10,76.98896552,27,45.45448276,28,62.40793103,28,62.54310345,24,77.75344828,8,41.95034483,1,36.44821429,,54.72846154,,44.19769231,,89.33615385,14,66.10586207,15,69.80931034,21,42.90689655,14,69.03448276,5,86.77310345,28,54.62103448,26,60.33206897,24,56.44689655,27,50.23655172,6,47.99448276,28,62.35,29,58.93724138
418,LAO,Laos,Asia,42.94,153,20,50.13346154,22,49.11423077,9,50.81384615,20,48.35153846,21,49.20269231,20,49.05,18,39.01961538,13,32.57423077,21,31.47583333,,59.96380952,8,62.54269231,2,51.71423077,10,50.56730769,20,48.35153846,18,57.59,19,60.79230769,24,34.22038462,20,50.27923077,19,47.82038462,18,39.01961538,13,32.57423077,21,31.47583333,,68.94,,50.98809524,,75.28095238,7,63.37307692,8,64.49576923,4,28.50192308,7,70.88652174,22,68.23521739,4,47.06961538,17,70.25346154,19,70.295,17,56.62846154,,38.38,12,50.44846154,12,50.68730769
428,LVA,Latvia,Eastern Europe & Eurasia,66.12,37,6,60.54827586,4,63.50758621,15,58.57655172,9,72.21275862,6,63.31413793,20,62.47655172,4,77.75344828,14,41.95034483,28,36.44821429,7,49.46076923,9,68.79172414,24,54.31,3,60.64310345,9,72.21275862,1,73.45241379,2,76.98896552,13,45.45448276,16,62.40793103,22,62.54310345,4,77.75344828,14,41.95034483,28,36.44821429,10,54.72846154,4,44.19769231,1,89.33615385,1,66.10586207,1,69.80931034,13,42.90689655,10,69.03448276,27,86.77310345,23,54.62103448,28,60.33206897,27,56.44689655,15,50.23655172,7,47.99448276,5,62.35,6,58.93724138
422,LBN,Lebanon,Mid East & North Africa,61.08,67,8,58.70941176,3,73.89588235,12,48.58529412,2,39.02058824,5,83.98352941,9,57.85058824,12,80.05,8,24.79529412,6,39.15625,1,58.42933333,14,48.41705882,9,42.12235294,6,47.42411765,2,39.02058824,10,86.64823529,9,87.26117647,1,79.52882353,9,60.46058824,13,55.23941176,12,80.05,8,24.79529412,6,39.15625,6,68.724,1,48.13066667,15,73.00133333,11,39.08235294,12,38.98294118,2,13.58176471,10,47.435625,11,89.600625,8,29.32352941,3,62.70764706,11,67.99823529,8,64.81764706,16,41.38529412,8,53.13117647,6,41.71823529
426,LSO,Lesotho,Sub-Saharan Africa,33.78,173,43,44.89,42,41.97956522,40,46.83108696,41,40.61608696,40,54.94152174,39,14.12304348,18,26.31826087,4,25.57934783,,14.22571429,,57.17633333,46,68.05326087,26,46.66391304,7,43.71978261,41,40.61608696,37,81.83891304,35,83.82652174,32,13.10304348,39,14.19565217,39,14.05108696,18,26.31826087,4,25.57934783,,14.22571429,,74.763,,39.58733333,,59.89933333,46,69.12478261,46,71.375,42,44.20804348,42,71.46,11,83.6025,32,49.55956522,10,45.17934783,12,39.98804348,18,26.20717391,,42.03434783,11,47.57826087,10,39.86108696
430,LBR,Liberia,Sub-Saharan Africa,41.62,160,33,44.89,18,41.97956522,35,46.83108696,33,40.61608696,13,54.94152174,37,14.12304348,26,26.31826087,35,25.57934783,28,14.22571429,2,57.17633333,41,68.05326087,3,46.66391304,43,43.71978261,33,40.61608696,1,81.83891304,18,83.82652174,30,13.10304348,37,14.19565217,38,14.05108696,26,26.31826087,35,25.57934783,28,14.22571429,12,74.763,4,39.58733333,18,59.89933333,43,69.12478261,37,71.375,36,44.20804348,41,71.46,42,83.6025,4,49.55956522,9,45.17934783,15,39.98804348,44,26.20717391,,42.03434783,39,47.57826087,45,39.86108696
434,LBY,Libya,Mid East & North Africa,49.79,123,16,58.70941176,4,73.89588235,17,48.58529412,4,39.02058824,2,83.98352941,13,57.85058824,13,80.05,10,24.79529412,,39.15625,11,58.42933333,17,48.41705882,17,42.12235294,13,47.42411765,4,39.02058824,1,86.64823529,1,87.26117647,6,79.52882353,13,60.46058824,10,55.23941176,13,80.05,10,24.79529412,,39.15625,15,68.724,4,48.13066667,14,73.00133333,17,39.08235294,17,38.98294118,13,13.58176471,15,47.435625,3,89.600625,15,29.32352941,17,62.70764706,17,67.99823529,16,64.81764706,2,41.38529412,12,53.13117647,11,41.71823529
440,LTU,Lithuania,Eastern Europe & Eurasia,69.33,29,2,60.54827586,6,63.50758621,6,58.57655172,7,72.21275862,5,63.31413793,24,62.47655172,7,77.75344828,3,41.95034483,26,36.44821429,4,49.46076923,6,68.79172414,9,54.31,14,60.64310345,7,72.21275862,9,73.45241379,9,76.98896552,6,45.45448276,23,62.40793103,23,62.54310345,7,77.75344828,3,41.95034483,26,36.44821429,4,54.72846154,5,44.19769231,1,89.33615385,11,66.10586207,11,69.80931034,12,42.90689655,9,69.03448276,10,86.77310345,11,54.62103448,12,60.33206897,6,56.44689655,10,50.23655172,4,47.99448276,12,62.35,20,58.93724138
442,LUX,Luxembourg,Europe & North America,79.12,7,7,77.90318182,9,93.45409091,11,67.53545455,9,80.32090909,12,92.53227273,11,97.64045455,4,96.55818182,16,47.83454545,10,19.8525,,50.49947368,3,88.71954545,15,62.02590909,14,68.815,9,80.32090909,14,93.07681818,15,92.92909091,9,91.82409091,1,96.49409091,16,98.78454545,4,96.55818182,16,47.83454545,10,19.8525,,56.48052632,,44.51842105,,92.74210526,1,91.41954545,1,92.94363636,2,61.67863636,1,94.60285714,16,83.03761905,16,55.41272727,7,77.68954545,5,53.61818182,21,69.37272727,20,63.16045455,1,72.68045455,21,64.95136364
807,MKD,Macedonia,Eastern Europe & Eurasia,61.06,68,19,60.54827586,12,63.50758621,18,58.57655172,14,72.21275862,12,63.31413793,10,62.47655172,27,77.75344828,20,41.95034483,15,36.44821429,,49.46076923,19,68.79172414,8,54.31,18,60.64310345,14,72.21275862,6,73.45241379,6,76.98896552,22,45.45448276,10,62.40793103,5,62.54310345,27,77.75344828,20,41.95034483,15,36.44821429,,54.72846154,,44.19769231,,89.33615385,21,66.10586207,17,69.80931034,10,42.90689655,15,69.03448276,26,86.77310345,4,54.62103448,13,60.33206897,9,56.44689655,18,50.23655172,26,47.99448276,19,62.35,11,58.93724138
450,MDG,Madagascar,Sub-Saharan Africa,33.73,175,44,44.89,23,41.97956522,46,46.83108696,40,40.61608696,17,54.94152174,38,14.12304348,26,26.31826087,2,25.57934783,28,14.22571429,9,57.17633333,36,68.05326087,44,46.66391304,25,43.71978261,40,40.61608696,1,81.83891304,1,83.82652174,41,13.10304348,38,14.19565217,37,14.05108696,26,26.31826087,2,25.57934783,28,14.22571429,9,74.763,15,39.58733333,13,59.89933333,36,69.12478261,41,71.375,35,44.20804348,31,71.46,44,83.6025,45,49.55956522,41,45.17934783,37,39.98804348,34,26.20717391,,42.03434783,25,47.57826087,22,39.86108696
454,MWI,Malawi,Sub-Saharan Africa,49.21,127,13,44.89,28,41.97956522,8,46.83108696,26,40.61608696,25,54.94152174,33,14.12304348,26,26.31826087,6,25.57934783,25,14.22571429,,57.17633333,6,68.05326087,7,46.66391304,12,43.71978261,26,40.61608696,25,81.83891304,24,83.82652174,31,13.10304348,34,14.19565217,33,14.05108696,26,26.31826087,6,25.57934783,25,14.22571429,,74.763,,39.58733333,,59.89933333,16,69.12478261,13,71.375,9,44.20804348,13,71.46,14,83.6025,6,49.55956522,20,45.17934783,36,39.98804348,33,26.20717391,,42.03434783,16,47.57826087,14,39.86108696
458,MYS,Malaysia,Asia,59.22,75,7,50.13346154,7,49.11423077,11,50.81384615,11,48.35153846,5,49.20269231,7,49.05,4,39.01961538,15,32.57423077,21,31.47583333,11,59.96380952,9,62.54269231,12,51.71423077,16,50.56730769,11,48.35153846,14,57.59,13,60.79230769,5,34.22038462,7,50.27923077,9,47.82038462,4,39.01961538,15,32.57423077,21,31.47583333,13,68.94,7,50.98809524,12,75.28095238,1,63.37307692,1,64.49576923,17,28.50192308,6,70.88652174,23,68.23521739,14,47.06961538,13,70.25346154,7,70.295,5,56.62846154,12,38.38,20,50.44846154,8,50.68730769
462,MDV,Maldives,Asia,52.14,111,10,50.13346154,4,49.11423077,25,50.81384615,9,48.35153846,3,49.20269231,10,49.05,11,39.01961538,20,32.57423077,,31.47583333,9,59.96380952,24,62.54269231,20,51.71423077,22,50.56730769,9,48.35153846,1,57.59,1,60.79230769,7,34.22038462,9,50.27923077,10,47.82038462,11,39.01961538,20,32.57423077,,31.47583333,7,68.94,13,50.98809524,17,75.28095238,25,63.37307692,25,64.49576923,20,28.50192308,,70.88652174,,68.23521739,23,47.06961538,2,70.25346154,3,70.295,11,56.62846154,,38.38,19,50.44846154,23,50.68730769
466,MLI,Mali,Sub-Saharan Africa,43.71,147,25,44.89,19,41.97956522,28,46.83108696,32,40.61608696,10,54.94152174,40,14.12304348,26,26.31826087,10,25.57934783,26,14.22571429,,57.17633333,32,68.05326087,14,46.66391304,11,43.71978261,32,40.61608696,1,81.83891304,1,83.82652174,23,13.10304348,40,14.19565217,40,14.05108696,26,26.31826087,10,25.57934783,26,14.22571429,,74.763,,39.58733333,,59.89933333,34,69.12478261,29,71.375,39,44.20804348,26,71.46,4,83.6025,9,49.55956522,37,45.17934783,42,39.98804348,14,26.20717391,,42.03434783,15,47.57826087,12,39.86108696
470,MLT,Malta,Europe & North America,80.9,4,4,77.90318182,13,93.45409091,4,67.53545455,22,80.32090909,10,92.53227273,1,97.64045455,1,96.55818182,18,47.83454545,,19.8525,7,50.49947368,15,88.71954545,6,62.02590909,15,68.815,22,80.32090909,1,93.07681818,1,92.92909091,19,91.82409091,1,96.49409091,1,98.78454545,1,96.55818182,18,47.83454545,,19.8525,2,56.48052632,16,44.51842105,11,92.74210526,1,91.41954545,1,92.94363636,22,61.67863636,,94.60285714,,83.03761905,8,55.41272727,10,77.68954545,1,53.61818182,12,69.37272727,14,63.16045455,14,72.68045455,16,64.95136364
478,MRT,Mauritania,Sub-Saharan Africa,39.24,166,38,44.89,6,41.97956522,42,46.83108696,8,40.61608696,5,54.94152174,15,14.12304348,26,26.31826087,16,25.57934783,,14.22571429,29,57.17633333,42,68.05326087,30,46.66391304,34,43.71978261,8,40.61608696,1,81.83891304,1,83.82652174,10,13.10304348,15,14.19565217,15,14.05108696,26,26.31826087,16,25.57934783,,14.22571429,10,74.763,30,39.58733333,3,59.89933333,45,69.12478261,45,71.375,45,44.20804348,43,71.46,10,83.6025,31,49.55956522,29,45.17934783,21,39.98804348,10,26.20717391,,42.03434783,27,47.57826087,41,39.86108696
480,MUS,Mauritius,Sub-Saharan Africa,56.63,90,5,44.89,2,41.97956522,30,46.83108696,1,40.61608696,2,54.94152174,1,14.12304348,4,26.31826087,46,25.57934783,6,14.22571429,17,57.17633333,39,68.05326087,23,46.66391304,41,43.71978261,1,40.61608696,1,81.83891304,1,83.82652174,2,13.10304348,1,14.19565217,2,14.05108696,4,26.31826087,46,25.57934783,6,14.22571429,24,74.763,10,39.58733333,24,59.89933333,38,69.12478261,38,71.375,40,44.20804348,35,71.46,40,83.6025,23,49.55956522,6,45.17934783,6,39.98804348,12,26.20717391,15,42.03434783,43,47.57826087,32,39.86108696
484,MEX,Mexico,Latin America,59.69,72,8,58.173,10,66.851,7,52.387,14,48.3335,14,75.553,6,51.082,2,57.3915,6,30.836,10,18.441,15,58.86611111,12,76.5735,10,48.9085,6,36.302,14,48.3335,18,96.1595,18,94.8045,8,45.66,6,51.734,4,50.43,2,57.3915,6,30.836,10,18.441,9,58.61444444,16,59.11777778,1,86.33388889,13,79.4635,11,75.829,17,68.821,17,77.784,14,60.102,10,45.5225,14,62.321,17,58.982,10,40.4455,10,43.75222222,1,40.318,13,32.286
583,FSM,Micronesia,Asia,49.8,122,13,50.13346154,10,49.11423077,21,50.81384615,12,48.35153846,7,49.20269231,13,49.05,11,39.01961538,21,32.57423077,1,31.47583333,17,59.96380952,23,62.54269231,23,51.71423077,9,50.56730769,12,48.35153846,1,57.59,1,60.79230769,14,34.22038462,13,50.27923077,13,47.82038462,11,39.01961538,21,32.57423077,1,31.47583333,21,68.94,1,50.98809524,20,75.28095238,21,63.37307692,23,64.49576923,26,28.50192308,,70.88652174,,68.23521739,25,47.06961538,14,70.25346154,11,70.295,12,56.62846154,,38.38,10,50.44846154,11,50.68730769
498,MDA,Moldova,Eastern Europe & Eurasia,51.97,112,26,60.54827586,20,63.50758621,25,58.57655172,24,72.21275862,18,63.31413793,18,62.47655172,16,77.75344828,12,41.95034483,12,36.44821429,,49.46076923,24,68.79172414,21,54.31,16,60.64310345,24,72.21275862,20,73.45241379,21,76.98896552,14,45.45448276,20,62.40793103,18,62.54310345,16,77.75344828,12,41.95034483,12,36.44821429,,54.72846154,,44.19769231,,89.33615385,24,66.10586207,26,69.80931034,24,42.90689655,24,69.03448276,24,86.77310345,21,54.62103448,18,60.33206897,17,56.44689655,11,50.23655172,16,47.99448276,17,62.35,14,58.93724138
496,MNG,Mongolia,Asia,57.51,83,9,50.13346154,9,49.11423077,10,50.81384615,16,48.35153846,9,49.20269231,8,49.05,8,39.01961538,25,32.57423077,9,31.47583333,,59.96380952,10,62.54269231,9,51.71423077,17,50.56730769,16,48.35153846,1,57.59,6,60.79230769,15,34.22038462,10,50.27923077,7,47.82038462,8,39.01961538,25,32.57423077,9,31.47583333,,68.94,,50.98809524,,75.28095238,12,63.37307692,15,64.49576923,9,28.50192308,8,70.88652174,5,68.23521739,11,47.06961538,9,70.25346154,9,70.295,23,56.62846154,16,38.38,14,50.44846154,19,50.68730769
499,MNE,Montenegro,Eastern Europe & Eurasia,61.33,65,18,60.54827586,5,63.50758621,23,58.57655172,10,72.21275862,9,63.31413793,1,62.47655172,17,77.75344828,28,41.95034483,14,36.44821429,11,49.46076923,15,68.79172414,23,54.31,15,60.64310345,10,72.21275862,3,73.45241379,3,76.98896552,26,45.45448276,1,62.40793103,1,62.54310345,17,77.75344828,28,41.95034483,14,36.44821429,4,54.72846154,11,44.19769231,13,89.33615385,15,66.10586207,14,69.80931034,5,42.90689655,12,69.03448276,28,86.77310345,20,54.62103448,15,60.33206897,3,56.44689655,23,50.23655172,28,47.99448276,14,62.35,19,58.93724138
504,MAR,Morocco,Mid East & North Africa,63.47,54,3,58.70941176,14,73.89588235,3,48.58529412,8,39.02058824,10,83.98352941,14,57.85058824,10,80.05,6,24.79529412,4,39.15625,7,58.42933333,1,48.41705882,6,42.12235294,8,47.42411765,8,39.02058824,1,86.64823529,8,87.26117647,15,79.52882353,14,60.46058824,15,55.23941176,10,80.05,6,24.79529412,4,39.15625,3,68.724,11,48.13066667,9,73.00133333,2,39.08235294,2,38.98294118,1,13.58176471,1,47.435625,13,89.600625,5,29.32352941,7,62.70764706,12,67.99823529,9,64.81764706,13,41.38529412,11,53.13117647,7,41.71823529
508,MOZ,Mozambique,Sub-Saharan Africa,46.37,135,16,44.89,11,41.97956522,23,46.83108696,38,40.61608696,15,54.94152174,12,14.12304348,13,26.31826087,29,25.57934783,18,14.22571429,20,57.17633333,9,68.05326087,42,46.66391304,16,43.71978261,38,40.61608696,1,81.83891304,20,83.82652174,25,13.10304348,12,14.19565217,12,14.05108696,13,26.31826087,29,25.57934783,18,14.22571429,13,74.763,22,39.58733333,5,59.89933333,17,69.12478261,16,71.375,6,44.20804348,19,71.46,19,83.6025,36,49.55956522,36,45.17934783,44,39.98804348,43,26.20717391,23,42.03434783,10,47.57826087,23,39.86108696
104,MMR,Myanmar,Asia,45.32,138,18,50.13346154,19,49.11423077,13,50.81384615,13,48.35153846,20,49.20269231,17,49.05,18,39.01961538,1,32.57423077,19,31.47583333,4,59.96380952,21,62.54269231,3,51.71423077,5,50.56730769,13,48.35153846,16,57.59,15,60.79230769,16,34.22038462,17,50.27923077,17,47.82038462,18,39.01961538,1,32.57423077,19,31.47583333,10,68.94,5,50.98809524,18,75.28095238,18,63.37307692,20,64.49576923,15,28.50192308,20,70.88652174,17,68.23521739,3,47.06961538,18,70.25346154,15,70.295,9,56.62846154,1,38.38,5,50.44846154,5,50.68730769
516,NAM,Namibia,Sub-Saharan Africa,58.46,79,3,44.89,12,41.97956522,3,46.83108696,12,40.61608696,21,54.94152174,13,14.12304348,5,26.31826087,45,25.57934783,,14.22571429,15,57.17633333,3,68.05326087,10,46.66391304,18,43.71978261,12,40.61608696,23,81.83891304,23,83.82652174,9,13.10304348,13,14.19565217,14,14.05108696,5,26.31826087,45,25.57934783,,14.22571429,6,74.763,20,39.58733333,7,59.89933333,1,69.12478261,1,71.375,1,44.20804348,5,71.46,26,83.6025,27,49.55956522,11,45.17934783,14,39.98804348,5,26.20717391,3,42.03434783,35,47.57826087,8,39.86108696
524,NPL,Nepal,Asia,31.44,176,24,50.13346154,25,49.11423077,19,50.81384615,22,48.35153846,26,49.20269231,22,49.05,18,39.01961538,7,32.57423077,4,31.47583333,,59.96380952,16,62.54269231,24,51.71423077,12,50.56730769,22,48.35153846,24,57.59,25,60.79230769,22,34.22038462,22,50.27923077,23,47.82038462,18,39.01961538,7,32.57423077,4,31.47583333,,68.94,,50.98809524,,75.28095238,14,63.37307692,18,64.49576923,6,28.50192308,10,70.88652174,2,68.23521739,21,47.06961538,25,70.25346154,26,70.295,26,56.62846154,4,38.38,9,50.44846154,17,50.68730769
528,NLD,Netherlands,Europe & North America,75.46,18,17,77.90318182,15,93.45409091,16,67.53545455,8,80.32090909,16,92.53227273,12,97.64045455,2,96.55818182,17,47.83454545,3,19.8525,18,50.49947368,20,88.71954545,19,62.02590909,3,68.815,8,80.32090909,19,93.07681818,20,92.92909091,1,91.82409091,13,96.49409091,19,98.78454545,2,96.55818182,17,47.83454545,3,19.8525,13,56.48052632,18,44.51842105,1,92.74210526,20,91.41954545,22,92.94363636,14,61.67863636,13,94.60285714,15,83.03761905,21,55.41272727,13,77.68954545,3,53.61818182,1,69.37272727,22,63.16045455,2,72.68045455,4,64.95136364
554,NZL,New Zealand,Pacific,75.96,17,1,57.89875,2,66.08375,1,52.445,2,59.56375,2,73.645,2,50.78375,2,61.775,2,19.7125,5,21.436,6,62.1575,1,62.83375,3,48.54625,6,53.04875,2,59.56375,1,100,1,100,2,34.10875,2,52.1425,2,49.425,2,61.775,2,19.7125,5,21.436,6,61.215,4,63.1,1,80.7375,3,58.84875,3,57.87125,1,23.46375,1,54.74833333,5,86.235,4,49.15125,3,42.86875,2,44.0875,3,54.885,1,61.2,6,50.4825,6,55.615
558,NIC,Nicaragua,Latin America,55.04,97,14,58.173,14,66.851,13,52.387,7,48.3335,13,75.553,16,51.082,18,57.3915,13,30.836,15,18.441,6,58.86611111,7,76.5735,4,48.9085,12,36.302,7,48.3335,1,96.1595,1,94.8045,16,45.66,17,51.734,16,50.43,18,57.3915,13,30.836,15,18.441,10,58.61444444,4,59.11777778,7,86.33388889,5,79.4635,5,75.829,1,68.821,4,77.784,18,60.102,3,45.5225,15,62.321,16,58.982,6,40.4455,4,43.75222222,13,40.318,11,32.286
562,NER,Niger,Sub-Saharan Africa,35.74,172,42,44.89,24,41.97956522,43,46.83108696,44,40.61608696,16,54.94152174,42,14.12304348,26,26.31826087,38,25.57934783,20,14.22571429,,57.17633333,15,68.05326087,46,46.66391304,36,43.71978261,44,40.61608696,1,81.83891304,12,83.82652174,40,13.10304348,42,14.19565217,41,14.05108696,26,26.31826087,38,25.57934783,20,14.22571429,,74.763,,39.58733333,,59.89933333,1,69.12478261,1,71.375,30,44.20804348,23,71.46,23,83.6025,46,49.55956522,45,45.17934783,45,39.98804348,40,26.20717391,16,42.03434783,34,47.57826087,38,39.86108696
566,NGA,Nigeria,Sub-Saharan Africa,54.76,100,6,44.89,34,41.97956522,2,46.83108696,2,40.61608696,33,54.94152174,34,14.12304348,20,26.31826087,7,25.57934783,,14.22571429,3,57.17633333,25,68.05326087,2,46.66391304,2,43.71978261,2,40.61608696,33,81.83891304,33,83.82652174,14,13.10304348,31,14.19565217,35,14.05108696,20,26.31826087,7,25.57934783,,14.22571429,7,74.763,9,39.58733333,22,59.89933333,26,69.12478261,28,71.375,18,44.20804348,18,71.46,32,83.6025,2,49.55956522,8,45.17934783,5,39.98804348,6,26.20717391,12,42.03434783,2,47.57826087,3,39.86108696
578,NOR,Norway,Europe & North America,77.49,14,14,77.90318182,4,93.45409091,17,67.53545455,4,80.32090909,6,92.53227273,10,97.64045455,16,96.55818182,20,47.83454545,9,19.8525,2,50.49947368,13,88.71954545,10,62.02590909,22,68.815,4,80.32090909,1,93.07681818,1,92.92909091,10,91.82409091,1,96.49409091,12,98.78454545,16,96.55818182,20,47.83454545,9,19.8525,3,56.48052632,7,44.51842105,17,92.74210526,16,91.41954545,16,92.94363636,8,61.67863636,17,94.60285714,4,83.03761905,20,55.41272727,5,77.68954545,6,53.61818182,20,69.37272727,2,63.16045455,21,72.68045455,22,64.95136364
512,OMN,Oman,Mid East & North Africa,51.32,116,15,58.70941176,7,73.89588235,15,48.58529412,14,39.02058824,8,83.98352941,7,57.85058824,15,80.05,13,24.79529412,,39.15625,10,58.42933333,12,48.41705882,12,42.12235294,17,47.42411765,14,39.02058824,8,86.64823529,7,87.26117647,14,79.52882353,5,60.46058824,8,55.23941176,15,80.05,13,24.79529412,,39.15625,1,68.724,14,48.13066667,11,73.00133333,13,39.08235294,14,38.98294118,14,13.58176471,13,47.435625,1,89.600625,15,29.32352941,4,62.70764706,5,67.99823529,11,64.81764706,5,41.38529412,17,53.13117647,17,41.71823529
586,PAK,Pakistan,Asia,37.5,169,23,50.13346154,23,49.11423077,14,50.81384615,25,48.35153846,22,49.20269231,24,49.05,16,39.01961538,24,32.57423077,3,31.47583333,15,59.96380952,17,62.54269231,11,51.71423077,21,50.56730769,25,48.35153846,22,57.59,22,60.79230769,20,34.22038462,23,50.27923077,25,47.82038462,16,39.01961538,24,32.57423077,3,31.47583333,16,68.94,14,50.98809524,9,75.28095238,17,63.37307692,17,64.49576923,21,28.50192308,18,70.88652174,9,68.23521739,6,47.06961538,24,70.25346154,25,70.295,22,56.62846154,9,38.38,23,50.44846154,18,50.68730769
591,PAN,Panama,Latin America,62.71,56,5,58.173,9,66.851,4,52.387,9,48.3335,6,75.553,14,51.082,6,57.3915,17,30.836,7,18.441,7,58.86611111,6,76.5735,7,48.9085,7,36.302,9,48.3335,1,96.1595,1,94.8045,9,45.66,15,51.734,14,50.43,6,57.3915,17,30.836,7,18.441,15,58.61444444,6,59.11777778,12,86.33388889,7,79.4635,9,75.829,14,68.821,6,77.784,6,60.102,11,45.5225,2,62.321,1,58.982,3,40.4455,16,43.75222222,9,40.318,5,32.286
598,PNG,Papua New Guinea,Asia,39.35,164,21,50.13346154,13,49.11423077,26,50.81384615,10,48.35153846,12,49.20269231,25,49.05,18,39.01961538,18,32.57423077,10,31.47583333,21,59.96380952,22,62.54269231,7,51.71423077,24,50.56730769,10,48.35153846,1,57.59,1,60.79230769,25,34.22038462,25,50.27923077,24,47.82038462,18,39.01961538,18,32.57423077,10,31.47583333,19,68.94,21,50.98809524,14,75.28095238,24,63.37307692,24,64.49576923,18,28.50192308,22,70.88652174,4,68.23521739,10,47.06961538,22,70.25346154,24,70.295,19,56.62846154,,38.38,25,50.44846154,22,50.68730769
600,PRY,Paraguay,Latin America,53.93,105,16,58.173,17,66.851,11,52.387,13,48.3335,19,75.553,12,51.082,16,57.3915,1,30.836,19,18.441,,58.86611111,17,76.5735,8,48.9085,5,36.302,13,48.3335,17,96.1595,17,94.8045,18,45.66,11,51.734,13,50.43,16,57.3915,1,30.836,19,18.441,,58.61444444,,59.11777778,,86.33388889,11,79.4635,10,75.829,18,68.821,15,77.784,18,60.102,4,45.5225,19,62.321,20,58.982,18,40.4455,3,43.75222222,2,40.318,8,32.286
604,PER,Peru,Latin America,61.92,64,6,58.173,18,66.851,1,52.387,2,48.3335,20,75.553,9,51.082,3,57.3915,9,30.836,8,18.441,2,58.86611111,10,76.5735,5,48.9085,3,36.302,2,48.3335,19,96.1595,19,94.8045,15,45.66,10,51.734,7,50.43,3,57.3915,9,30.836,8,18.441,1,58.61444444,5,59.11777778,17,86.33388889,9,79.4635,7,75.829,7,68.821,13,77.784,8,60.102,7,45.5225,6,62.321,7,58.982,5,40.4455,7,43.75222222,5,40.318,3,32.286
608,PHL,Philippines,Asia,57.65,82,8,50.13346154,11,49.11423077,4,50.81384615,19,48.35153846,10,49.20269231,14,49.05,9,39.01961538,11,32.57423077,16,31.47583333,5,59.96380952,7,62.54269231,8,51.71423077,7,50.56730769,19,48.35153846,1,57.59,8,60.79230769,17,34.22038462,14,50.27923077,14,47.82038462,9,39.01961538,11,32.57423077,16,31.47583333,12,68.94,4,50.98809524,8,75.28095238,9,63.37307692,9,64.49576923,10,28.50192308,9,70.88652174,19,68.23521739,8,47.06961538,12,70.25346154,12,70.295,7,56.62846154,17,38.38,6,50.44846154,7,50.68730769
616,POL,Poland,Eastern Europe & Eurasia,64.11,50,14,60.54827586,21,63.50758621,5,58.57655172,15,72.21275862,25,63.31413793,9,62.47655172,9,77.75344828,16,41.95034483,22,36.44821429,9,49.46076923,1,68.79172414,7,54.31,8,60.64310345,15,72.21275862,28,73.45241379,28,76.98896552,9,45.45448276,9,62.40793103,9,62.54310345,9,77.75344828,16,41.95034483,22,36.44821429,12,54.72846154,7,44.19769231,1,89.33615385,1,66.10586207,1,69.80931034,3,42.90689655,7,69.03448276,7,86.77310345,8,54.62103448,2,60.33206897,8,56.44689655,25,50.23655172,19,47.99448276,2,62.35,23,58.93724138
620,PRT,Portugal,Europe & North America,71.91,26,21,77.90318182,17,93.45409091,20,67.53545455,18,80.32090909,15,92.53227273,20,97.64045455,19,96.55818182,22,47.83454545,20,19.8525,19,50.49947368,10,88.71954545,16,62.02590909,12,68.815,18,80.32090909,1,93.07681818,6,92.92909091,22,91.82409091,21,96.49409091,13,98.78454545,19,96.55818182,22,47.83454545,20,19.8525,18,56.48052632,11,44.51842105,13,92.74210526,1,91.41954545,1,92.94363636,12,61.67863636,1,94.60285714,18,83.03761905,7,55.41272727,20,77.68954545,9,53.61818182,16,69.37272727,6,63.16045455,11,72.68045455,14,64.95136364
634,QAT,Qatar,Mid East & North Africa,67.8,32,2,58.70941176,8,73.89588235,1,48.58529412,3,39.02058824,12,83.98352941,2,57.85058824,5,80.05,12,24.79529412,,39.15625,5,58.42933333,10,48.41705882,2,42.12235294,1,47.42411765,3,39.02058824,17,86.64823529,16,87.26117647,1,79.52882353,2,60.46058824,2,55.23941176,5,80.05,12,24.79529412,,39.15625,6,68.724,7,48.13066667,10,73.00133333,10,39.08235294,11,38.98294118,15,13.58176471,4,47.435625,16,89.600625,2,29.32352941,1,62.70764706,3,67.99823529,3,64.81764706,4,41.38529412,1,53.13117647,2,41.71823529
178,COG,Republic of Congo,Sub-Saharan Africa,42.39,157,31,44.89,45,41.97956522,7,46.83108696,11,40.61608696,45,54.94152174,23,14.12304348,19,26.31826087,28,25.57934783,5,14.22571429,28,57.17633333,8,68.05326087,11,46.66391304,19,43.71978261,11,40.61608696,46,81.83891304,46,83.82652174,17,13.10304348,23,14.19565217,24,14.05108696,19,26.31826087,28,25.57934783,5,14.22571429,14,74.763,29,39.58733333,4,59.89933333,1,69.12478261,1,71.375,25,44.20804348,9,71.46,13,83.6025,3,49.55956522,31,45.17934783,23,39.98804348,15,26.20717391,13,42.03434783,9,47.57826087,30,39.86108696
642,ROU,Romania,Eastern Europe & Eurasia,64.78,45,12,60.54827586,22,63.50758621,4,58.57655172,19,72.21275862,21,63.31413793,22,62.47655172,15,77.75344828,9,41.95034483,16,36.44821429,8,49.46076923,11,68.79172414,4,54.31,11,60.64310345,19,72.21275862,21,73.45241379,19,76.98896552,17,45.45448276,21,62.40793103,21,62.54310345,15,77.75344828,9,41.95034483,16,36.44821429,4,54.72846154,8,44.19769231,6,89.33615385,12,66.10586207,12,69.80931034,11,42.90689655,11,69.03448276,19,86.77310345,3,54.62103448,8,60.33206897,19,56.44689655,22,50.23655172,10,47.99448276,16,62.35,4,58.93724138
643,RUS,Russia,Eastern Europe & Eurasia,63.79,52,15,60.54827586,1,63.50758621,19,58.57655172,8,72.21275862,2,63.31413793,15,62.47655172,2,77.75344828,10,41.95034483,24,36.44821429,12,49.46076923,17,68.79172414,17,54.31,5,60.64310345,8,72.21275862,11,73.45241379,11,76.98896552,2,45.45448276,15,62.40793103,8,62.54310345,2,77.75344828,10,41.95034483,24,36.44821429,11,54.72846154,10,44.19769231,9,89.33615385,18,66.10586207,20,69.80931034,20,42.90689655,19,69.03448276,11,86.77310345,16,54.62103448,19,60.33206897,20,56.44689655,3,50.23655172,24,47.99448276,8,62.35,5,58.93724138
646,RWA,Rwanda,Sub-Saharan Africa,43.68,148,26,44.89,41,41.97956522,14,46.83108696,23,40.61608696,43,54.94152174,14,14.12304348,26,26.31826087,9,25.57934783,12,14.22571429,,57.17633333,31,68.05326087,5,46.66391304,6,43.71978261,23,40.61608696,43,81.83891304,41,83.82652174,22,13.10304348,14,14.19565217,13,14.05108696,26,26.31826087,9,25.57934783,12,14.22571429,,74.763,,39.58733333,,59.89933333,32,69.12478261,33,71.375,23,44.20804348,24,71.46,12,83.6025,5,49.55956522,17,45.17934783,18,39.98804348,19,26.20717391,,42.03434783,6,47.57826087,7,39.86108696
678,STP,SÃ£o TomÃ© and PrÃ­ncipe,Sub-Saharan Africa,54.01,104,7,44.89,5,41.97956522,9,46.83108696,14,40.61608696,8,54.94152174,5,14.12304348,21,26.31826087,44,25.57934783,,14.22571429,5,57.17633333,22,68.05326087,15,46.66391304,23,43.71978261,14,40.61608696,1,81.83891304,19,83.82652174,16,13.10304348,5,14.19565217,5,14.05108696,21,26.31826087,44,25.57934783,,14.22571429,3,74.763,16,39.58733333,23,59.89933333,1,69.12478261,1,71.375,22,44.20804348,,71.46,,83.6025,21,49.55956522,7,45.17934783,16,39.98804348,4,26.20717391,,42.03434783,18,47.57826087,25,39.86108696
662,LCA,Saint Lucia,Caribbean,56.18,91,8,57.55916667,6,70.7,8,48.79833333,8,40.15583333,5,83.33666667,9,48.41583333,5,61.0775,10,5.836666667,3,33.552,9,55.05583333,9,69.46,8,40.7875,9,37.95666667,8,40.15583333,1,100,1,100,5,58.34,8,49.28333333,10,47.54666667,5,61.0775,10,5.836666667,3,33.552,5,58.5,11,51.6125,5,66.05166667,8,67.57333333,9,68.10583333,5,78.23666667,,77.39666667,,71.28166667,7,37.94166667,9,51.42416667,7,67.79583333,2,48.61083333,,30.288,9,42.0125,7,33.9025
670,VCT,Saint Vincent and the Grenadines,Caribbean,66.48,36,2,57.55916667,10,70.7,1,48.79833333,11,40.15583333,9,83.33666667,10,48.41583333,5,61.0775,8,5.836666667,1,33.552,1,55.05583333,5,69.46,2,40.7875,6,37.95666667,11,40.15583333,1,100,1,100,9,58.34,10,49.28333333,9,47.54666667,5,61.0775,8,5.836666667,1,33.552,5,58.5,1,51.6125,6,66.05166667,7,67.57333333,6,68.10583333,1,78.23666667,,77.39666667,,71.28166667,4,37.94166667,6,51.42416667,4,67.79583333,4,48.61083333,,30.288,7,42.0125,5,33.9025
882,WSM,Samoa,Pacific,54.5,102,5,57.89875,4,66.08375,5,52.445,5,59.56375,5,73.645,3,50.78375,4,61.775,6,19.7125,,21.436,4,62.1575,5,62.83375,7,48.54625,2,53.04875,5,59.56375,1,100,1,100,5,34.10875,3,52.1425,3,49.425,4,61.775,6,19.7125,,21.436,4,61.215,3,63.1,6,80.7375,5,58.84875,5,57.87125,7,23.46375,3,54.74833333,1,86.235,7,49.15125,6,42.86875,4,44.0875,4,54.885,,61.2,3,50.4825,2,55.615
682,SAU,Saudi Arabia,Mid East & North Africa,57.47,86,11,58.70941176,10,73.89588235,11,48.58529412,6,39.02058824,11,83.98352941,8,57.85058824,8,80.05,7,24.79529412,,39.15625,9,58.42933333,8,48.41705882,10,42.12235294,14,47.42411765,6,39.02058824,13,86.64823529,13,87.26117647,12,79.52882353,7,60.46058824,7,55.23941176,8,80.05,7,24.79529412,,39.15625,5,68.724,9,48.13066667,4,73.00133333,9,39.08235294,10,38.98294118,11,13.58176471,7,47.435625,4,89.600625,12,29.32352941,2,62.70764706,4,67.99823529,10,64.81764706,12,41.38529412,16,53.13117647,9,41.71823529
686,SEN,Senegal,Sub-Saharan Africa,49.52,126,12,44.89,9,41.97956522,16,46.83108696,22,40.61608696,9,54.94152174,16,14.12304348,15,26.31826087,23,25.57934783,21,14.22571429,4,57.17633333,7,68.05326087,32,46.66391304,40,43.71978261,22,40.61608696,1,81.83891304,1,83.82652174,21,13.10304348,16,14.19565217,17,14.05108696,15,26.31826087,23,25.57934783,21,14.22571429,22,74.763,3,39.58733333,8,59.89933333,1,69.12478261,1,71.375,10,44.20804348,4,71.46,4,83.6025,33,49.55956522,22,45.17934783,29,39.98804348,20,26.20717391,11,42.03434783,40,47.57826087,36,39.86108696
688,SRB,Serbia,Eastern Europe & Eurasia,57.49,84,20,60.54827586,19,63.50758621,20,58.57655172,17,72.21275862,22,63.31413793,7,62.47655172,25,77.75344828,6,41.95034483,9,36.44821429,,49.46076923,22,68.79172414,10,54.31,13,60.64310345,17,72.21275862,17,73.45241379,17,76.98896552,20,45.45448276,8,62.40793103,13,62.54310345,25,77.75344828,6,41.95034483,9,36.44821429,,54.72846154,,44.19769231,,89.33615385,22,66.10586207,22,69.80931034,14,42.90689655,21,69.03448276,17,86.77310345,7,54.62103448,3,60.33206897,16,56.44689655,20,50.23655172,21,47.99448276,13,62.35,18,58.93724138
690,SYC,Seychelles,Sub-Saharan Africa,66.02,39,1,44.89,1,41.97956522,6,46.83108696,3,40.61608696,1,54.94152174,2,14.12304348,21,26.31826087,41,25.57934783,,14.22571429,23,57.17633333,30,68.05326087,1,46.66391304,46,43.71978261,3,40.61608696,1,81.83891304,1,83.82652174,1,13.10304348,2,14.19565217,1,14.05108696,21,26.31826087,41,25.57934783,,14.22571429,30,74.763,5,39.58733333,20,59.89933333,24,69.12478261,26,71.375,43,44.20804348,,71.46,,83.6025,1,49.55956522,3,45.17934783,1,39.98804348,23,26.20717391,,42.03434783,46,47.57826087,46,39.86108696
694,SLE,Sierra Leone,Sub-Saharan Africa,42.54,155,29,44.89,25,41.97956522,29,46.83108696,37,40.61608696,20,54.94152174,41,14.12304348,26,26.31826087,24,25.57934783,28,14.22571429,18,57.17633333,26,68.05326087,22,46.66391304,20,43.71978261,37,40.61608696,1,81.83891304,13,83.82652174,44,13.10304348,41,14.19565217,42,14.05108696,26,26.31826087,24,25.57934783,28,14.22571429,1,74.763,28,39.58733333,12,59.89933333,31,69.12478261,22,71.375,37,44.20804348,30,71.46,37,83.6025,20,49.55956522,24,45.17934783,26,39.98804348,31,26.20717391,,42.03434783,19,47.57826087,17,39.86108696
702,SGP,Singapore,Asia,64.23,49,3,50.13346154,5,49.11423077,5,50.81384615,3,48.35153846,13,49.20269231,1,49.05,1,39.01961538,26,32.57423077,,31.47583333,2,59.96380952,25,62.54269231,6,51.71423077,1,50.56730769,3,48.35153846,20,57.59,21,60.79230769,1,34.22038462,1,50.27923077,1,47.82038462,1,39.01961538,26,32.57423077,,31.47583333,14,68.94,2,50.98809524,21,75.28095238,20,63.37307692,21,64.49576923,23,28.50192308,,70.88652174,,68.23521739,7,47.06961538,3,70.25346154,2,70.295,1,56.62846154,8,38.38,1,50.44846154,3,50.68730769
703,SVK,Slovakia,Eastern Europe & Eurasia,70.6,28,1,60.54827586,17,63.50758621,1,58.57655172,6,72.21275862,20,63.31413793,8,62.47655172,11,77.75344828,4,41.95034483,20,36.44821429,,49.46076923,5,68.79172414,2,54.31,4,60.64310345,6,72.21275862,26,73.45241379,26,76.98896552,8,45.45448276,6,62.40793103,14,62.54310345,11,77.75344828,4,41.95034483,20,36.44821429,,54.72846154,,44.19769231,,89.33615385,1,66.10586207,1,69.80931034,4,42.90689655,1,69.03448276,18,86.77310345,5,54.62103448,4,60.33206897,2,56.44689655,5,50.23655172,8,47.99448276,11,62.35,3,58.93724138
705,SVN,Slovenia,Eastern Europe & Eurasia,67.57,34,5,60.54827586,7,63.50758621,11,58.57655172,2,72.21275862,7,63.31413793,4,62.47655172,12,77.75344828,21,41.95034483,13,36.44821429,,49.46076923,2,68.79172414,16,54.31,21,60.64310345,2,72.21275862,15,73.45241379,15,76.98896552,7,45.45448276,4,62.40793103,7,62.54310345,12,77.75344828,21,41.95034483,13,36.44821429,,54.72846154,,44.19769231,,89.33615385,1,66.10586207,1,69.80931034,1,42.90689655,1,69.03448276,21,86.77310345,19,54.62103448,9,60.33206897,22,56.44689655,17,50.23655172,9,47.99448276,15,62.35,26,58.93724138
90,SLB,Solomon Islands,Pacific,43.22,151,8,57.89875,7,66.08375,8,52.445,8,59.56375,8,73.645,7,50.78375,8,61.775,5,19.7125,3,21.436,8,62.1575,8,62.83375,1,48.54625,4,53.04875,8,59.56375,1,100,1,100,8,34.10875,7,52.1425,7,49.425,8,61.775,5,19.7125,3,21.436,3,61.215,8,63.1,7,80.7375,8,58.84875,8,57.87125,4,23.46375,6,54.74833333,6,86.235,1,49.15125,4,42.86875,1,44.0875,7,54.885,,61.2,4,50.4825,3,55.615
710,ZAF,South Africa,Sub-Saharan Africa,44.73,142,21,44.89,33,41.97956522,18,46.83108696,7,40.61608696,42,54.94152174,7,14.12304348,1,26.31826087,1,25.57934783,28,14.22571429,12,57.17633333,29,68.05326087,27,46.66391304,31,43.71978261,7,40.61608696,44,81.83891304,44,83.82652174,4,13.10304348,7,14.19565217,7,14.05108696,1,26.31826087,1,25.57934783,28,14.22571429,26,74.763,6,39.58733333,1,59.89933333,35,69.12478261,34,71.375,32,44.20804348,33,71.46,9,83.6025,24,49.55956522,14,45.17934783,13,39.98804348,17,26.20717391,17,42.03434783,37,47.57826087,19,39.86108696
410,KOR,South Korea,Asia,62.3,60,5,50.13346154,3,49.11423077,8,50.81384615,2,48.35153846,11,49.20269231,3,49.05,2,39.01961538,2,32.57423077,11,31.47583333,7,59.96380952,20,62.54269231,15,51.71423077,4,50.56730769,2,48.35153846,21,57.59,18,60.79230769,1,34.22038462,1,50.27923077,3,47.82038462,2,39.01961538,2,32.57423077,11,31.47583333,3,68.94,15,50.98809524,7,75.28095238,22,63.37307692,22,64.49576923,16,28.50192308,17,70.88652174,11,68.23521739,18,47.06961538,4,70.25346154,22,70.295,10,56.62846154,15,38.38,2,50.44846154,6,50.68730769
724,ESP,Spain,Europe & North America,78.39,12,12,77.90318182,11,93.45409091,12,67.53545455,19,80.32090909,11,92.53227273,1,97.64045455,5,96.55818182,19,47.83454545,14,19.8525,13,50.49947368,6,88.71954545,4,62.02590909,11,68.815,19,80.32090909,1,93.07681818,11,92.92909091,17,91.82409091,1,96.49409091,1,98.78454545,5,96.55818182,19,47.83454545,14,19.8525,8,56.48052632,17,44.51842105,9,92.74210526,1,91.41954545,1,92.94363636,10,61.67863636,9,94.60285714,6,83.03761905,3,55.41272727,15,77.68954545,17,53.61818182,18,69.37272727,10,63.16045455,12,72.68045455,12,64.95136364
144,LKA,Sri Lanka,Asia,60.61,70,6,50.13346154,8,49.11423077,6,50.81384615,7,48.35153846,4,49.20269231,12,49.05,18,39.01961538,22,32.57423077,12,31.47583333,1,59.96380952,6,62.54269231,4,51.71423077,11,50.56730769,7,48.35153846,1,57.59,5,60.79230769,10,34.22038462,12,50.27923077,11,47.82038462,18,39.01961538,22,32.57423077,12,31.47583333,9,68.94,3,50.98809524,16,75.28095238,8,63.37307692,7,64.49576923,2,28.50192308,12,70.88652174,12,68.23521739,2,47.06961538,10,70.25346154,10,70.295,13,56.62846154,13,38.38,16,50.44846154,9,50.68730769
729,SDN,Sudan,Mid East & North Africa,51.49,115,14,58.70941176,17,73.89588235,7,48.58529412,17,39.02058824,17,83.98352941,17,57.85058824,17,80.05,16,24.79529412,2,39.15625,3,58.42933333,11,48.41705882,1,42.12235294,9,47.42411765,17,39.02058824,1,86.64823529,3,87.26117647,17,79.52882353,17,60.46058824,17,55.23941176,17,80.05,16,24.79529412,2,39.15625,13,68.724,1,48.13066667,1,73.00133333,14,39.08235294,15,38.98294118,7,13.58176471,14,47.435625,7,89.600625,1,29.32352941,13,62.70764706,14,67.99823529,13,64.81764706,1,41.38529412,9,53.13117647,8,41.71823529
740,SUR,Suriname,Latin America,54.2,103,15,58.173,13,66.851,14,52.387,18,48.3335,11,75.553,17,51.082,17,57.3915,7,30.836,2,18.441,5,58.86611111,13,76.5735,17,48.9085,1,36.302,18,48.3335,1,96.1595,1,94.8045,13,45.66,14,51.734,17,50.43,17,57.3915,7,30.836,2,18.441,7,58.61444444,7,59.11777778,11,86.33388889,20,79.4635,20,75.829,1,68.821,11,77.784,2,60.102,15,45.5225,17,62.321,6,58.982,1,40.4455,17,43.75222222,3,40.318,1,32.286
748,SWZ,Swaziland,Sub-Saharan Africa,40.32,162,35,44.89,39,41.97956522,24,46.83108696,15,40.61608696,39,54.94152174,28,14.12304348,7,26.31826087,8,25.57934783,24,14.22571429,,57.17633333,40,68.05326087,9,46.66391304,17,43.71978261,15,40.61608696,40,81.83891304,39,83.82652174,11,13.10304348,29,14.19565217,28,14.05108696,7,26.31826087,8,25.57934783,24,14.22571429,,74.763,,39.58733333,,59.89933333,40,69.12478261,42,71.375,16,44.20804348,38,71.46,38,83.6025,10,49.55956522,18,45.17934783,10,39.98804348,7,26.20717391,,42.03434783,23,47.57826087,13,39.86108696
752,SWE,Sweden,Europe & North America,80.51,5,5,77.90318182,10,93.45409091,6,67.53545455,1,80.32090909,13,92.53227273,15,97.64045455,9,96.55818182,10,47.83454545,19,19.8525,8,50.49947368,19,88.71954545,2,62.02590909,13,68.815,1,80.32090909,1,93.07681818,7,92.92909091,21,91.82409091,16,96.49409091,17,98.78454545,9,96.55818182,10,47.83454545,19,19.8525,12,56.48052632,6,44.51842105,10,92.74210526,18,91.41954545,19,92.94363636,16,61.67863636,15,94.60285714,19,83.03761905,2,55.41272727,2,77.68954545,12,53.61818182,7,69.37272727,3,63.16045455,15,72.68045455,11,64.95136364
756,CHE,Switzerland,Europe & North America,87.42,1,1,77.90318182,14,93.45409091,1,67.53545455,11,80.32090909,14,92.53227273,9,97.64045455,6,96.55818182,15,47.83454545,1,19.8525,,50.49947368,16,88.71954545,1,62.02590909,1,68.815,11,80.32090909,15,93.07681818,13,92.92909091,14,91.82409091,1,96.49409091,11,98.78454545,6,96.55818182,15,47.83454545,1,19.8525,,56.48052632,,44.51842105,,92.74210526,21,91.41954545,18,92.94363636,1,61.67863636,8,94.60285714,11,83.03761905,1,55.41272727,3,77.68954545,2,53.61818182,2,69.37272727,4,63.16045455,3,72.68045455,1,64.95136364
158,TWN,Taiwan,Asia,72.84,23,2,50.13346154,6,49.11423077,1,50.81384615,4,48.35153846,6,49.20269231,5,49.05,7,39.01961538,14,32.57423077,6,31.47583333,10,59.96380952,3,62.54269231,1,51.71423077,3,50.56730769,4,48.35153846,11,57.59,11,60.79230769,6,34.22038462,5,50.27923077,6,47.82038462,7,39.01961538,14,32.57423077,6,31.47583333,8,68.94,10,50.98809524,10,75.28095238,1,63.37307692,6,64.49576923,12,28.50192308,11,70.88652174,15,68.23521739,1,47.06961538,1,70.25346154,5,70.295,3,56.62846154,7,38.38,4,50.44846154,2,50.68730769
762,TJK,Tajikistan,Eastern Europe & Eurasia,47.85,129,27,60.54827586,29,63.50758621,13,58.57655172,29,72.21275862,29,63.31413793,29,62.47655172,26,77.75344828,22,41.95034483,3,36.44821429,,49.46076923,16,68.79172414,12,54.31,22,60.64310345,29,72.21275862,29,73.45241379,29,76.98896552,29,45.45448276,29,62.40793103,29,62.54310345,26,77.75344828,22,41.95034483,3,36.44821429,,54.72846154,,44.19769231,,89.33615385,16,66.10586207,16,69.80931034,19,42.90689655,18,69.03448276,6,86.77310345,14,54.62103448,23,60.33206897,23,56.44689655,24,50.23655172,2,47.99448276,25,62.35,12,58.93724138
834,TZA,Tanzania,Sub-Saharan Africa,50.83,119,10,44.89,15,41.97956522,10,46.83108696,19,40.61608696,22,54.94152174,22,14.12304348,8,26.31826087,17,25.57934783,17,14.22571429,24,57.17633333,4,68.05326087,28,46.66391304,14,43.71978261,19,40.61608696,1,81.83891304,21,83.82652174,27,13.10304348,22,14.19565217,21,14.05108696,8,26.31826087,17,25.57934783,17,14.22571429,11,74.763,27,39.58733333,6,59.89933333,14,69.12478261,15,71.375,4,44.20804348,7,71.46,33,83.6025,28,49.55956522,19,45.17934783,25,39.98804348,25,26.20717391,9,42.03434783,13,47.57826087,16,39.86108696
764,THA,Thailand,Asia,49.88,121,12,50.13346154,15,49.11423077,12,50.81384615,6,48.35153846,18,49.20269231,9,49.05,6,39.01961538,19,32.57423077,18,31.47583333,19,59.96380952,11,62.54269231,16,51.71423077,13,50.56730769,6,48.35153846,19,57.59,20,60.79230769,8,34.22038462,6,50.27923077,12,47.82038462,6,39.01961538,19,32.57423077,18,31.47583333,18,68.94,6,50.98809524,6,75.28095238,13,63.37307692,16,64.49576923,11,28.50192308,5,70.88652174,14,68.23521739,12,47.06961538,19,70.25346154,23,70.295,21,56.62846154,10,38.38,11,50.44846154,16,50.68730769
626,TLS,Timor-Leste,Asia,49.54,125,14,50.13346154,12,49.11423077,15,50.81384615,15,48.35153846,8,49.20269231,23,49.05,14,39.01961538,17,32.57423077,8,31.47583333,12,59.96380952,13,62.54269231,18,51.71423077,25,50.56730769,15,48.35153846,1,57.59,1,60.79230769,19,34.22038462,24,50.27923077,22,47.82038462,14,39.01961538,17,32.57423077,8,31.47583333,5,68.94,16,50.98809524,11,75.28095238,11,63.37307692,13,64.49576923,8,28.50192308,16,70.88652174,1,68.23521739,15,47.06961538,20,70.25346154,18,70.295,20,56.62846154,,38.38,24,50.44846154,25,50.68730769
768,TGO,Togo,Sub-Saharan Africa,41.78,159,32,44.89,31,41.97956522,27,46.83108696,28,40.61608696,32,54.94152174,19,14.12304348,26,26.31826087,21,25.57934783,11,14.22571429,11,57.17633333,27,68.05326087,29,46.66391304,15,43.71978261,28,40.61608696,28,81.83891304,30,83.82652174,35,13.10304348,18,14.19565217,19,14.05108696,26,26.31826087,21,25.57934783,11,14.22571429,14,74.763,12,39.58733333,26,59.89933333,15,69.12478261,17,71.375,15,44.20804348,27,71.46,15,83.6025,38,49.55956522,23,45.17934783,30,39.98804348,37,26.20717391,4,42.03434783,4,47.57826087,39,39.86108696
776,TON,Tonga,Pacific,62.49,57,3,57.89875,3,66.08375,2,52.445,3,59.56375,4,73.645,4,50.78375,4,61.775,4,19.7125,,21.436,1,62.1575,4,62.83375,4,48.54625,3,53.04875,3,59.56375,1,100,1,100,4,34.10875,4,52.1425,4,49.425,4,61.775,4,19.7125,,21.436,7,61.215,1,63.1,4,80.7375,1,58.84875,1,57.87125,6,23.46375,,54.74833333,,86.235,3,49.15125,7,42.86875,8,44.0875,2,54.885,,61.2,2,50.4825,4,55.615
780,TTO,Trinidad and Tobago,Caribbean,67.36,35,1,57.55916667,2,70.7,3,48.79833333,1,40.15583333,2,83.33666667,2,48.41583333,4,61.0775,10,5.836666667,5,33.552,4,55.05583333,1,69.46,5,40.7875,3,37.95666667,1,40.15583333,1,100,1,100,2,58.34,1,49.28333333,3,47.54666667,4,61.0775,10,5.836666667,5,33.552,4,58.5,5,51.6125,8,66.05166667,3,67.57333333,3,68.10583333,1,78.23666667,1,77.39666667,3,71.28166667,9,37.94166667,1,51.42416667,5,67.79583333,7,48.61083333,1,30.288,1,42.0125,10,33.9025
788,TUN,Tunisia,Mid East & North Africa,62.35,58,4,58.70941176,5,73.89588235,8,48.58529412,9,39.02058824,4,83.98352941,12,57.85058824,7,80.05,14,24.79529412,8,39.15625,6,58.42933333,9,48.41705882,5,42.12235294,4,47.42411765,9,39.02058824,1,86.64823529,2,87.26117647,7,79.52882353,12,60.46058824,10,55.23941176,7,80.05,14,24.79529412,8,39.15625,2,68.724,10,48.13066667,7,73.00133333,8,39.08235294,9,38.98294118,12,13.58176471,11,47.435625,10,89.600625,6,29.32352941,6,62.70764706,13,67.99823529,12,64.81764706,8,41.38529412,7,53.13117647,3,41.71823529
792,TUR,Turkey,Eastern Europe & Eurasia,52.96,108,24,60.54827586,8,63.50758621,28,58.57655172,25,72.21275862,4,63.31413793,23,62.47655172,10,77.75344828,18,41.95034483,17,36.44821429,10,49.46076923,29,68.79172414,25,54.31,25,60.64310345,25,72.21275862,13,73.45241379,12,76.98896552,3,45.45448276,14,62.40793103,25,62.54310345,10,77.75344828,18,41.95034483,17,36.44821429,13,54.72846154,2,44.19769231,12,89.33615385,29,66.10586207,29,69.80931034,26,42.90689655,29,69.03448276,15,86.77310345,25,54.62103448,16,60.33206897,12,56.44689655,21,50.23655172,23,47.99448276,24,62.35,24,58.93724138
795,TKM,Turkmenistan,Eastern Europe & Eurasia,66.1,38,7,60.54827586,2,63.50758621,16,58.57655172,27,72.21275862,1,63.31413793,27,62.47655172,23,77.75344828,7,41.95034483,,36.44821429,,49.46076923,27,68.79172414,1,54.31,9,60.64310345,27,72.21275862,4,73.45241379,4,76.98896552,1,45.45448276,27,62.40793103,27,62.54310345,23,77.75344828,7,41.95034483,,36.44821429,,54.72846154,,44.19769231,,89.33615385,27,66.10586207,27,69.80931034,28,42.90689655,27,69.03448276,2,86.77310345,2,54.62103448,1,60.33206897,1,56.44689655,4,50.23655172,27,47.99448276,7,62.35,9,58.93724138
800,UGA,Uganda,Sub-Saharan Africa,44.28,145,23,44.89,37,41.97956522,15,46.83108696,18,40.61608696,38,54.94152174,18,14.12304348,17,26.31826087,25,25.57934783,19,14.22571429,,57.17633333,11,68.05326087,31,46.66391304,9,43.71978261,18,40.61608696,36,81.83891304,37,83.82652174,24,13.10304348,21,14.19565217,16,14.05108696,17,26.31826087,25,25.57934783,19,14.22571429,,74.763,,39.58733333,,59.89933333,19,69.12478261,18,71.375,12,44.20804348,8,71.46,25,83.6025,30,49.55956522,26,45.17934783,31,39.98804348,29,26.20717391,,42.03434783,14,47.57826087,9,39.86108696
804,UKR,Ukraine,Eastern Europe & Eurasia,52.87,109,25,60.54827586,16,63.50758621,26,58.57655172,4,72.21275862,15,63.31413793,19,62.47655172,21,77.75344828,5,41.95034483,23,36.44821429,6,49.46076923,23,68.79172414,26,54.31,27,60.64310345,4,72.21275862,18,73.45241379,16,76.98896552,10,45.45448276,19,62.40793103,19,62.54310345,21,77.75344828,5,41.95034483,23,36.44821429,3,54.72846154,9,44.19769231,8,89.33615385,23,66.10586207,24,69.80931034,23,42.90689655,22,69.03448276,20,86.77310345,24,54.62103448,27,60.33206897,28,56.44689655,8,50.23655172,15,47.99448276,27,62.35,22,58.93724138
784,ARE,United Arab Emirates,Mid East & North Africa,58.9,77,9,58.70941176,13,73.89588235,6,48.58529412,12,39.02058824,14,83.98352941,5,57.85058824,3,80.05,17,24.79529412,,39.15625,8,58.42933333,3,48.41705882,14,42.12235294,7,47.42411765,12,39.02058824,14,86.64823529,14,87.26117647,11,79.52882353,6,60.46058824,6,55.23941176,3,80.05,17,24.79529412,,39.15625,12,68.724,8,48.13066667,1,73.00133333,5,39.08235294,3,38.98294118,8,13.58176471,3,47.435625,12,89.600625,15,29.32352941,15,62.70764706,15,67.99823529,2,64.81764706,3,41.38529412,3,53.13117647,13,41.71823529
826,GBR,United Kingdom,Europe & North America,79.89,6,6,77.90318182,6,93.45409091,10,67.53545455,5,80.32090909,9,92.53227273,1,97.64045455,3,96.55818182,9,47.83454545,17,19.8525,15,50.49947368,2,88.71954545,11,62.02590909,8,68.815,5,80.32090909,1,93.07681818,9,92.92909091,16,91.82409091,1,96.49409091,1,98.78454545,3,96.55818182,9,47.83454545,17,19.8525,5,56.48052632,19,44.51842105,1,92.74210526,1,91.41954545,1,92.94363636,6,61.67863636,1,94.60285714,5,83.03761905,10,55.41272727,9,77.68954545,13,53.61818182,6,69.37272727,18,63.16045455,13,72.68045455,5,64.95136364
840,USA,United States of America,Europe & North America,71.19,27,22,77.90318182,12,93.45409091,21,67.53545455,17,80.32090909,5,92.53227273,22,97.64045455,20,96.55818182,1,47.83454545,15,19.8525,6,50.49947368,22,88.71954545,20,62.02590909,16,68.815,17,80.32090909,12,93.07681818,12,92.92909091,1,91.82409091,22,96.49409091,1,98.78454545,20,96.55818182,1,47.83454545,15,19.8525,7,56.48052632,9,44.51842105,1,92.74210526,22,91.41954545,20,92.94363636,20,61.67863636,20,94.60285714,13,83.03761905,17,55.41272727,19,77.68954545,18,53.61818182,10,69.37272727,16,63.16045455,20,72.68045455,13,64.95136364
858,URY,Uruguay,Latin America,64.65,47,3,58.173,1,66.851,10,52.387,6,48.3335,2,75.553,1,51.082,13,57.3915,3,30.836,19,18.441,9,58.86611111,20,76.5735,1,48.9085,20,36.302,6,48.3335,1,96.1595,12,94.8045,2,45.66,1,51.734,2,50.43,13,57.3915,3,30.836,19,18.441,13,58.61444444,10,59.11777778,13,86.33388889,18,79.4635,18,75.829,20,68.821,20,77.784,11,60.102,1,45.5225,1,62.321,2,58.982,19,40.4455,1,43.75222222,20,40.318,20,32.286
860,UZB,Uzbekistan,Eastern Europe & Eurasia,45.88,136,28,60.54827586,27,63.50758621,27,58.57655172,28,72.21275862,28,63.31413793,14,62.47655172,28,77.75344828,13,41.95034483,6,36.44821429,,49.46076923,25,68.79172414,19,54.31,10,60.64310345,28,72.21275862,27,73.45241379,27,76.98896552,24,45.45448276,24,62.40793103,3,62.54310345,28,77.75344828,13,41.95034483,6,36.44821429,,54.72846154,,44.19769231,,89.33615385,25,66.10586207,23,69.80931034,29,42.90689655,26,69.03448276,29,86.77310345,17,54.62103448,22,60.33206897,18,56.44689655,2,50.23655172,17,47.99448276,9,62.35,8,58.93724138
548,VUT,Vanuatu,Pacific,44.55,144,7,57.89875,6,66.08375,7,52.445,6,59.56375,7,73.645,6,50.78375,4,61.775,7,19.7125,1,21.436,7,62.1575,7,62.83375,8,48.54625,1,53.04875,6,59.56375,1,100,1,100,7,34.10875,6,52.1425,6,49.425,4,61.775,7,19.7125,1,21.436,5,61.215,7,63.1,8,80.7375,7,58.84875,7,57.87125,3,23.46375,5,54.74833333,2,86.235,8,49.15125,8,42.86875,7,44.0875,1,54.885,,61.2,1,50.4825,1,55.615
862,VEN,Venezuela,Latin America,63.89,51,4,58.173,4,66.851,6,52.387,15,48.3335,1,75.553,8,51.082,5,57.3915,12,30.836,3,18.441,11,58.86611111,1,76.5735,15,48.9085,15,36.302,15,48.3335,1,96.1595,8,94.8045,1,45.66,7,51.734,9,50.43,5,57.3915,12,30.836,3,18.441,17,58.61444444,1,59.11777778,9,86.33388889,2,79.4635,2,75.829,1,68.821,3,77.784,3,60.102,17,45.5225,8,62.321,9,58.982,14,40.4455,14,43.75222222,12,40.318,14,32.286
704,VNM,Viet Nam,Asia,46.96,132,16,50.13346154,14,49.11423077,17,50.81384615,8,48.35153846,16,49.20269231,11,49.05,15,39.01961538,4,32.57423077,21,31.47583333,6,59.96380952,12,62.54269231,21,51.71423077,23,50.56730769,8,48.35153846,15,57.59,16,60.79230769,13,34.22038462,11,50.27923077,8,47.82038462,15,39.01961538,4,32.57423077,21,31.47583333,1,68.94,17,50.98809524,5,75.28095238,10,63.37307692,10,64.49576923,7,28.50192308,13,70.88652174,20,68.23521739,19,47.06961538,11,70.25346154,17,70.295,24,56.62846154,3,38.38,22,50.44846154,24,50.68730769
894,ZMB,Zambia,Sub-Saharan Africa,50.97,117,9,44.89,40,41.97956522,4,46.83108696,30,40.61608696,41,54.94152174,31,14.12304348,6,26.31826087,20,25.57934783,13,14.22571429,,57.17633333,1,68.05326087,17,46.66391304,4,43.71978261,30,40.61608696,35,81.83891304,36,83.82652174,36,13.10304348,30,14.19565217,30,14.05108696,6,26.31826087,20,25.57934783,13,14.22571429,,74.763,,39.58733333,,59.89933333,1,69.12478261,1,71.375,1,44.20804348,3,71.46,16,83.6025,14,49.55956522,25,45.17934783,24,39.98804348,11,26.20717391,7,42.03434783,7,47.57826087,2,39.86108696
716,ZWE,Zimbabwe,Sub-Saharan Africa,43.41,149,27,44.89,27,41.97956522,26,46.83108696,17,40.61608696,27,54.94152174,21,14.12304348,3,26.31826087,43,25.57934783,23,14.22571429,,57.17633333,5,68.05326087,41,46.66391304,45,43.71978261,17,40.61608696,27,81.83891304,27,83.82652174,20,13.10304348,20,14.19565217,22,14.05108696,3,26.31826087,43,25.57934783,23,14.22571429,,74.763,,39.58733333,,59.89933333,12,69.12478261,14,71.375,5,44.20804348,12,71.46,18,83.6025,41,49.55956522,28,45.17934783,33,39.98804348,45,26.20717391,20,42.03434783,45,47.57826087,44,39.86108696
