code,iso,country,EPI.baseline,HLT.baseline,AIR.baseline,H2O.baseline,HMT.baseline,ECO.baseline,BDH.baseline,FRT.baseline,FSH.baseline,CCE.baseline,APE.baseline,WRS.baseline,AGR.baseline,HAD.baseline,PME.baseline,PMW.baseline,USD.baseline,UWD.baseline,PBD.baseline,MPA.baseline,TBN.baseline,TBG.baseline,SPI.baseline,PAR.baseline,SHI.baseline,TCL.baseline,FSS.baseline,MTR.baseline,DCT.baseline,DPT.baseline,DMT.baseline,DNT.baseline,DBT.baseline,DST.baseline,DXT.baseline,WWT.baseline,SNM.baseline
4,AFG,Afghanistan,31.44,36.18,49.52,13.33,0,28.28,13.1,45.15,,27.6,71.44,0,44.77,0,81.08,83.97,12.8,13.86,0,,0.07,0.18,2.59,4.44,94.7,45.15,,,24.81,,28.79,35.49,54.01,66.05,76.83,0,44.77
8,ALB,Albania,56.27,64.71,65.78,63.52,57.85,50.65,44.34,25.31,82.73,54.17,33.09,80.73,22.61,19.1,100,93.8,63.22,63.81,57.85,77.71,34.25,30.62,12.04,40.56,93.64,25.31,65.46,100,32.28,100,64.46,49.38,53.39,35.32,30.87,80.73,22.61
12,DZA,Algeria,58.46,72.15,84.66,52.36,28.24,49.33,49.49,23.49,55.06,39.8,62.85,91.6,34.26,62.16,100,99.33,54.42,50.29,28.24,57.34,43.33,46.31,52.58,4.46,91.36,23.49,98.37,11.75,53.06,46.35,0.07,32.62,47.22,64.36,61.34,91.6,34.26
24,AGO,Angola,34.12,32.64,47.62,0,33.77,35.1,39.56,38.1,72.26,30.42,39.11,0,22.7,4.14,73,80.22,0,0,33.77,23.48,34.14,37.07,34.58,40.37,96.67,38.1,69.25,75.28,35.63,40.18,4.83,34.38,37.75,39.1,39.13,0,22.7
28,ATG,Antigua and Barbuda,56.26,73.37,85.04,52.99,43.88,44.85,53.63,,76.59,28.83,38.44,64.44,7.26,62.61,100,100,54.12,51.87,43.88,60.44,34.3,61.22,,63.53,,,80.41,72.77,29.78,,15.97,50.83,45.02,42.86,34.02,64.44,7.26
32,ARG,Argentina,55.11,74.05,80.14,64.65,51.22,42.48,53.98,10.09,75.88,21.48,32,72.13,70.69,53.56,100,95.72,65.52,63.79,51.22,81.01,39.69,52.15,43.48,16.45,90.76,10.09,85.17,66.59,30.36,22.41,0,0,36.3,28.02,35.98,72.13,70.69
51,ARM,Armenia,64.26,52.34,52.26,51.01,61.34,72.2,78.46,55.04,,69.91,87.81,84.51,33.19,24.16,65.84,76.15,48.72,53.3,61.34,,99.99,100,53.64,22.35,98.03,55.04,,,72.02,49.82,78.83,63.39,100,100,75.63,84.51,33.19
36,AUS,Australia,70.94,96,97.51,99.31,56.47,54.24,71.72,12.85,60.89,44.6,37.23,99.44,37.79,93.76,100,100,100,98.62,56.47,98.64,59.12,61.26,77.97,27.2,96.06,12.85,63.48,58.3,42.68,45.12,41.69,45.21,72.7,20.11,54.35,99.44,37.79
40,AUT,Austria,74.12,83.96,81.4,89.85,81.95,67.57,90.28,23.31,,51.51,69.8,99.08,71.34,76.51,84.52,84.78,85.54,94.16,81.95,,100,100,77.44,76.45,90.91,23.31,,,29.64,65.06,94.98,44.64,49.09,86.43,53.17,99.08,71.34
31,AZE,Azerbaijan,60.11,45.86,49.77,36.01,54.09,69.62,56.23,53.84,,78.75,99.99,76.03,39.76,20.78,66.1,72.11,33.48,38.54,54.09,,42.67,51.97,74.91,11.77,98.94,53.84,,,100,37.47,66.57,83.28,75.58,100,99.98,76.03,39.76
44,BHS,Bahamas,62.67,72.33,81.96,56.62,41.34,56.23,83.74,29.18,66.68,52.7,30.69,64.44,7.72,54.91,100,100,58.61,54.63,41.34,77.94,99.13,99.15,65.69,53.88,99.7,29.18,93.98,39.38,46.13,,65.36,95.8,50.84,31.52,29.87,64.44,7.72
48,BHR,Bahrain,47.94,58.12,59.5,59.62,31.28,41.15,30.75,,51.98,39.15,9.41,96.54,36.22,57.03,56.8,65.5,62.41,56.83,31.28,82.1,12.63,12.63,,0.55,,,81.6,22.36,35.58,35.85,21.94,97.71,98.33,0.09,18.73,96.54,36.22
50,BGD,Bangladesh,27.64,7.21,2.01,17.93,10.53,41.26,52.58,32.54,63.67,38.15,51.65,0,37.82,5.01,0,0,17.42,18.45,10.53,90.86,17.96,81.05,21.22,4.65,98.94,32.54,99.49,27.84,39.12,31.44,40.57,37.08,46.62,56.87,46.42,0,37.82
52,BRB,Barbados,52.66,84.38,100,55.63,53.89,31.52,25.41,,53.04,20.57,35.86,64.44,10.23,100,100,100,55.94,55.31,53.89,45.38,6.08,6.08,,62.75,,,44.04,62.04,18.83,,9.79,57.05,51.51,35.84,35.87,64.44,10.23
112,BLR,Belarus,68.95,70.08,72.25,66.5,63.39,68.19,60.94,22.52,,75.76,100,97.54,28.1,50.22,86.03,87.83,63.96,69.03,63.39,,53.94,53.94,70.07,35.67,95.91,22.52,,,98.59,39.38,59.68,61.5,71.55,100,100,97.54,28.1
56,BEL,Belgium,77.47,86.38,85.93,93.79,47.64,71.52,94.64,24.18,61.04,67.05,70.36,98.08,47.61,87.83,81.79,87.55,92.39,95.19,47.64,100,100,100,100,68.56,77.87,24.18,59.43,62.65,59.84,58.18,98.95,36.85,77.3,80.45,60.28,98.08,47.61
84,BLZ,Belize,60.34,61.99,72.47,42.43,43,59.24,98.11,16.34,60.18,56.28,30.19,59,25.14,31.18,100,100,42.76,42.11,43,97.66,100,100,99.85,100,86.06,16.34,66.54,53.82,67.85,,20.76,40.56,52.14,33.76,26.62,59,25.14
204,BEN,Benin,38.04,38.05,55.11,2.71,28.4,38.03,75.55,0,59.98,25,30.22,10.7,31.11,3.05,89.83,89.79,2.4,3.01,28.4,0,100,100,96.95,65.69,95.91,0,82.12,37.84,21,23.13,34.71,27.17,31.46,42.09,18.34,10.7,31.11
64,BTN,Bhutan,53.13,33.64,38.66,24.14,25.36,66.13,95.42,70.36,,80.09,29.41,0,33.15,12.27,51.48,61.02,21.57,26.7,25.36,,100,100,99.54,64.54,99.7,70.36,,,87.25,,67.78,68.87,40.26,30.93,27.88,0,33.15
68,BOL,Bolivia,53.35,53.38,65.89,28.83,37.98,53.33,88.51,24.82,,30.38,51.88,63.66,54.41,18,100,95.65,28.98,28.68,37.98,,97.14,96.97,85.12,60.41,89.24,24.82,,,38.62,34.36,10.27,14.67,28.29,63.5,40.25,63.66,54.41
70,BIH,Bosnia and Herzegovina,41.13,66.25,66,68.26,57.51,24.38,18.33,54.57,,26.33,23.5,0,33.09,21.76,97.96,93.02,68.82,67.7,57.51,,2.29,1.74,0.95,40.3,96.36,54.57,,,20.3,25.09,38.69,37.78,30.61,21.55,25.46,0,33.09
72,BWA,Botswana,51.04,38.27,49.37,13.95,39.94,59.54,96.8,26.93,,56.14,33.81,49.56,30.36,11.49,72.2,77.04,13.25,14.65,39.94,,100,100,95.27,86.61,97.27,26.93,,,51.48,14.56,100,100,49.79,31.92,35.69,49.56,30.36
76,BRA,Brazil,55.79,60.9,73.95,36.54,37.38,52.39,88.95,10.57,50.01,28.86,43.83,81.08,58.83,38.89,100,94.66,34.35,38.73,37.38,94.83,99.85,99.34,88.42,49.04,75.6,10.57,65.44,34.58,44.29,25.51,0.01,0,32.25,52.11,35.55,81.08,58.83
96,BRN,Brunei Darussalam,64.83,96.08,98.67,94.92,69.46,43.99,83.03,30.41,41.35,30.02,15.77,39.76,29.92,96.8,100,99.84,95.42,94.41,69.46,59.2,100,100,99.89,15.27,96.82,30.41,82.7,0,20.45,50.28,3.28,98.53,83.14,20.57,10.96,39.76,29.92
100,BGR,Bulgaria,64.51,68.02,67.08,70.34,66.32,62.17,79.53,35.56,35.86,61.57,50.99,93.93,43.68,33.41,89.73,89.31,76.67,64.01,66.32,74.58,80.43,79.91,99.67,33.41,92.73,35.56,65.46,6.26,75.83,35.93,62.79,40.37,37.79,57.74,44.25,93.93,43.68
854,BFA,Burkina Faso,47.34,40.95,60.62,0.38,28.59,51.6,82.7,,,45.66,54.86,0,28.42,1.55,100,100,0.4,0.36,28.59,,88.23,88.23,84.32,49.02,91.06,,,,58.63,,19.13,4.62,11.31,62.08,47.64,0,28.42
108,BDI,Burundi,40.59,26.42,38.74,0,24.79,50.04,47.5,31.59,,86.97,28.6,0,21.06,0.85,62.61,65.38,0,0,24.79,,35.79,36.49,51.33,34.79,98.03,31.59,,,100,,80.9,15.37,0.37,35.53,21.68,0,21.06
116,KHM,Cambodia,48.32,36.83,44.44,20.87,33.72,55.99,84.82,10.67,75.11,66.14,39.88,0,47.46,0.1,70.35,77.65,19.49,22.25,33.72,68.07,100,100,99.03,39.71,74.24,10.67,97.03,53.2,78.03,67.36,46.09,51.23,37.48,45.23,34.53,0,47.46
120,CMR,Cameroon,41.6,39.15,54.51,5.35,42.33,43.23,38.59,45.58,64.46,51.92,54.56,0,31.05,4.21,89.03,87.06,5.24,5.46,42.33,0,38.94,33.15,54.02,36.24,97.42,45.58,82.12,46.8,72,32.29,34.95,14.91,34.47,55.64,53.48,0,31.05
124,CAN,Canada,73.1,97.8,99.75,94.4,92.73,56.63,81.76,14.43,39.35,44.86,46.3,96.35,61.78,100,100,99.18,88.81,100,92.73,78.39,100,100,64.77,36.28,95,14.43,43.15,35.55,49.57,67.21,9.04,27.53,69.04,38.96,53.64,96.35,61.78
132,CPV,Cabo Verde,48.17,56.09,67.12,33.58,47.81,42.9,20.35,,60.62,37.01,70.41,82.2,21.9,17.8,100,100,32.47,34.69,47.81,0,13.03,13.03,25.37,0.58,100,,77.76,43.47,26.61,,66.79,49.93,50.55,67.69,73.13,82.2,21.9
140,CAF,Central African Republic,45.46,32.14,47.67,0,23.07,54.33,89.47,55.14,,48.78,52.92,0,21.83,0,76.83,82.09,0,0,23.07,,100,100,84.14,47.95,99.55,55.14,,,68.78,,1.32,0.38,6.88,64.55,41.3,0,21.83
148,TCD,Chad,42.48,40.56,59.9,0,32.45,43.75,71.7,32.01,,27.49,85.58,0,28.9,0,100,99.68,0,0,32.45,,68.09,77.36,82.69,20.55,96.82,32.01,,,30.24,,15.04,25.76,40.59,87.18,83.98,0,28.9
152,CHL,Chile,59.79,71.53,68.44,74.78,92.27,51.96,59.32,17.37,53.11,40.94,63.22,98.55,32.52,51.27,81.71,78.06,73.36,76.21,92.27,56.92,60.72,41.69,61.92,54.47,96.21,17.37,63.31,42.91,57.32,11.13,35.57,24.6,34.33,66.63,59.81,98.55,32.52
156,CHN,China,45.13,22.13,7.33,52.71,31.04,60.46,74.31,31.44,64.38,51.59,70.72,80.2,34.64,13.95,0,5.84,50.43,55,31.04,88.95,67.53,82.95,71.43,26.95,94.39,31.44,84.07,44.7,42.08,45.59,67.37,76.37,82.9,75.34,66.1,80.2,34.64
170,COL,Colombia,59.22,64.67,72.96,49.06,50.43,55.6,73.03,28.29,53.74,47.29,67.47,77.21,9.6,34.52,100,97.18,51.3,46.82,50.43,87.23,65.35,66.33,72.63,58.33,88.94,28.29,71.88,35.61,71.72,29.47,13.18,19.83,38.22,72.55,62.4,77.21,9.6
174,COM,Comoros,37.26,43.8,62.73,3.36,40.43,32.89,22.85,62.58,51.18,25.27,46.92,26.32,18.05,6.83,100,100,3.01,3.71,40.43,55.3,3.8,3.8,8.32,17.9,68.18,62.58,67.72,34.64,19.52,,38.73,45.34,31.86,46.67,47.17,26.32,18.05
188,CRI,Costa Rica,63.16,72.19,80.12,59.22,46.89,57.13,88.76,22.89,54.14,47.72,61.44,64.78,6.04,50.3,100,100,63.23,55.21,46.89,80.49,94.39,87.09,98.86,72.88,93.03,22.89,60.85,47.44,38.7,79.09,44.71,58.72,13.44,55.22,67.65,64.78,6.04
384,CIV,CÃ´te d'Ivoire,48.67,42.14,59.65,6.32,29.48,53.02,87.88,11.15,66.97,40.59,56.02,44.63,19.83,2.23,100,95.86,6.16,6.47,29.48,65.37,100,100,99.45,64.61,84.54,11.15,82.12,51.83,55.61,37.24,14.69,35.86,12.19,64.21,47.83,44.63,19.83
191,HRV,Croatia,63.29,71.68,72.23,68.82,81.75,57.69,76.37,37.84,60.6,41.83,51.62,86.58,47.68,39.68,96.06,91.79,73.22,64.43,81.75,81.89,74.09,69.23,90.55,36.6,95.61,37.84,86.14,35.06,43.21,62.12,33.33,22.58,0.06,59.76,43.48,86.58,47.68
192,CUB,Cuba,66.32,71.82,81.95,55.34,39.07,62.65,71.26,20.27,59.76,70.68,76.92,72.52,13.59,54.87,100,100,55.65,55.03,39.07,89.09,56.53,62.2,79.14,40.99,97.73,20.27,39.93,79.6,89.15,33.45,54.31,72.28,98.74,57.59,96.25,72.52,13.59
196,CYP,Cyprus,69.54,88.41,90.66,89.06,55.27,56.95,69.67,53.5,51.95,54.38,44.31,79.34,6.29,78.27,100,97.84,87.94,90.18,55.27,61.27,70.05,70.05,99.04,13.19,82.72,53.5,3.9,100,39.65,45.11,96.94,48.01,74.77,44.74,43.87,79.34,6.29
203,CZE,Czech Republic,70.36,72.13,70.26,73.24,89.74,69.18,93.79,21.76,,54.17,77,95.77,62.17,62.99,72.3,77.92,79.56,66.92,89.74,,100,100,100,60.81,89.54,21.76,,,63.45,44.24,51.21,36.57,30.57,100,53.99,95.77,62.17
180,COD,Dem. Rep. Congo,33.24,26.93,36.28,4.58,39.47,37.44,62.57,30.25,,37.93,25.33,0,22.39,3.29,53.71,62.86,4.47,4.68,39.47,,59.43,59.33,64.9,37.66,95.61,30.25,,,35.59,100,0.46,0.53,0.38,36.44,14.21,0,22.39
208,DNK,Denmark,78.76,95.53,96.05,97.52,76.75,67.58,93.99,13.17,39.74,61.85,70.4,98.45,67.02,90.22,100,99.89,97.12,97.92,76.75,100,100,100,100,45.05,94.85,13.17,39.18,40.3,59.43,65.72,65.52,52.09,65.61,90.02,50.78,98.45,67.02
262,DJI,Djibouti,34.84,48.25,66.92,10.8,30.36,25.9,24.52,,46.91,35.26,6.22,0,25.79,17.3,100,100,10.78,10.81,30.36,70.18,0.51,0.51,0.61,7.84,93.79,,82.12,11.71,39.36,,26.39,25.17,23.47,6.61,5.82,0,25.79
212,DMA,Dominica,54.69,66.56,76.5,50.23,35.28,46.78,78.94,54.42,62.68,34.87,12.91,35.78,0,41.25,100,100,49.79,50.66,35.28,58.92,81.31,86.99,,98.14,,54.42,65.13,60.24,34.26,,30.68,59.89,35.24,24.5,1.31,35.78,0
214,DOM,Dominican Republic,59.12,60.47,74.92,35.13,24.75,58.22,88.35,12.05,66.87,49.56,39.51,90.17,8.11,37.3,100,100,36.11,34.14,24.75,97.28,79.43,97.07,96.22,51.51,91.97,12.05,92.45,41.3,57.86,42.08,41.28,17.03,62.05,37.79,41.23,90.17,8.11
218,ECU,Ecuador,54.65,65.22,76.93,41.98,52.43,47.6,83.66,33.75,64.75,43.33,32.04,0,12.76,42.41,100,99.87,41.86,42.11,52.43,100,90.99,71.56,84.61,49.72,92.57,33.75,53.67,75.83,42.19,46.63,41.98,41.81,48.39,32.57,31.51,0,12.76
818,EGY,Egypt,56.71,63.86,85.2,25.49,16.72,51.94,52.26,54.82,59.96,37.73,51.43,86.32,46.15,63.12,100,99.83,24.58,26.41,16.72,89.08,41.29,33.37,44.3,7.42,99.09,54.82,58.23,61.7,32.48,45.92,34.75,40.82,66.4,45.92,56.94,86.32,46.15
222,SLV,El Salvador,45.74,58.21,71.35,34.43,30.09,37.42,32.77,11.41,51.96,46.88,31.5,50.5,12.5,28.41,100,99.96,32.94,35.92,30.09,74.37,0.66,0.25,28,26.14,95,11.41,27.98,75.94,47.48,60.04,35.22,34.69,47.17,28.71,34.28,50.5,12.5
226,GNQ,Equatorial Guinea,64.51,45.97,57,21.64,48.65,76.86,88.53,47.75,74.22,88.21,100,52.51,16.38,10.3,87.76,88.49,21.63,21.64,48.65,72.18,100,100,99.45,45.79,96.21,47.75,87.06,61.39,99.99,,41.6,100,97.89,100,100,52.51,16.38
232,ERI,Eritrea,37.7,43.1,62.64,2.41,33.35,34.09,27.37,,38.13,44.4,48.83,0,36.51,6.59,100,100,2.26,2.57,33.35,0,28.6,28.07,23.99,13.29,99.09,,76.26,0,78.14,0.89,16.03,2.72,36.21,48.2,49.47,0,36.51
233,EST,Estonia,71.21,69.69,73.92,58.49,81.93,72.22,93.1,12.37,62.34,70.42,86.7,96.42,40.75,34.89,100,99.88,58.25,58.73,81.93,100,100,100,100,37.63,93.33,12.37,87.14,37.53,87.38,33.22,65.62,64.49,74.64,96.38,77.02,96.42,40.75
231,ETH,Ethiopia,42.46,38.23,56.07,1.57,26.15,45.28,77.29,41.49,,37.42,42.79,0,35.52,0.81,94.7,91.12,1.32,1.83,26.15,,84.22,77.8,79.97,36.34,98.03,41.49,,,31.05,100,7.08,3.55,6.1,55.47,30.11,0,35.52
242,FJI,Fiji,48.84,58.75,67.08,38.2,73.82,42.23,44.19,45.97,78.69,33.59,12.16,64.8,18.78,17.7,100,100,40.65,35.76,73.82,81.67,17.74,23.83,47.92,2.03,97.58,45.97,79.96,77.43,29.77,,43.89,42.22,37.3,12.96,11.37,64.8,18.78
246,FIN,Finland,79.29,94.91,94.3,95.91,96.74,68.88,91.2,9.15,91.13,61.19,54.95,97.01,49.97,85.76,100,100,93.89,97.93,96.74,100,100,100,95.27,35.86,85.6,9.15,95.01,87.25,48.1,60.17,91.18,58.75,78.78,58.28,51.61,97.01,49.97
250,FRA,France,80.67,91.67,91.07,96.22,72.08,73.34,94.63,26.86,52.79,65.7,90.67,95.56,67.77,89.56,93.5,90.65,93.23,99.21,72.08,96.99,100,100,99.97,59.18,93.18,26.86,68,37.58,50.2,92.56,76.74,48.71,86.2,89.17,92.17,95.56,67.77
266,GAB,Gabon,42.4,39.21,49.15,15.93,49.63,44.52,81.84,52.89,65.38,38.61,0.34,0,12.36,20.73,66.35,69.84,15.38,16.48,49.63,79.71,87.41,86.4,88.33,36.19,98.48,52.89,89.33,41.43,48.47,21.68,29.36,74.06,9.22,0.03,0.66,0,12.36
270,GMB,Gambia,40.53,45.42,62.06,10.98,35.85,37.27,43.12,,54.98,30.42,42.1,26.32,26.02,5.14,100,100,10.62,11.34,35.85,59.81,23.5,31.62,33.16,40.49,94.54,,82.12,27.84,40.37,,1.16,15.87,22.78,52.27,31.92,26.32,26.02
268,GEO,Georgia,58.1,53.42,52.96,52.75,63.34,61.23,51.94,67.84,32.73,69.11,90.15,81.51,5.7,14.83,76.29,80.47,50.72,54.78,63.34,80.97,34.2,32.34,46.42,32.9,98.64,67.84,65.46,0,75.3,72.7,54.72,40.3,79.25,96.33,83.97,81.51,5.7
276,DEU,Germany,78.23,88.19,84.05,96.59,91.51,71.59,95.86,31.94,45.14,58.04,94.81,99.65,61.21,76.17,89.25,89.37,94.82,98.36,91.51,100,100,100,100,70.57,88.03,31.94,49.59,40.69,49.21,37.27,97.71,36.93,91.82,90.82,98.79,99.65,61.21
288,GHA,Ghana,47.81,42.6,54.89,15.86,43.28,51.29,78.55,12.18,69.63,45.32,30.63,53.73,28.76,5.31,88.1,87.78,15.39,16.33,43.28,67.12,78.96,82.74,90.27,55.2,92.12,12.18,78.19,61.08,52.53,46.09,32.32,34.52,32.87,26.95,34.3,53.73,28.76
300,GRC,Greece,75.72,89.62,87.81,100,50.98,66.44,90.38,34.26,67.25,54.9,49.81,97.72,49.5,77.65,96.74,92.41,100,100,50.98,85.18,100,100,100,36.61,96.82,34.26,65.64,68.86,48.79,44.22,78.28,54.31,65.69,47.26,52.36,97.72,49.5
308,GRD,Grenada,48.36,66.32,78.23,47.73,23.07,36.38,46.32,12.11,45.25,41.33,1.82,64.44,0.76,45.57,100,100,47.25,48.21,23.07,52.66,46.07,19.92,,86.99,,12.11,65.13,25.38,44.26,,30.72,84.09,0,0,3.64,64.44,0.76
320,GTM,Guatemala,49.33,49.48,64.66,19.69,30.9,49.23,70.38,3.86,58.31,44.88,39.66,72.59,14.55,11.99,100,99.55,18.74,20.65,30.9,81.84,79.09,49.17,71.81,68.87,71.06,3.86,66.53,50.1,43.06,60.89,38.84,29.74,38.33,34.37,44.94,72.59,14.55
324,GIN,Guinea,46.78,41.62,60,3.14,33.67,50.22,81.87,30,69.76,33.07,32.18,51.13,30.5,0,100,100,3.09,3.18,33.67,78.98,92.78,87.95,88.62,24.28,97.73,30,89.67,49.85,43.79,,10.16,6.35,1.21,40.73,23.63,51.13,30.5
624,GNB,Guinea-Bissau,41.94,40.16,60,0,23.16,43.13,87.67,23.3,65.42,27.88,29.25,0,20.94,0,100,100,0,0,23.16,99.02,94.14,99.35,78.01,39.61,96.06,23.3,94.81,36.02,32.64,,18.82,6.86,18.59,35.72,22.79,0,20.94
328,GUY,Guyana,43.42,55.59,71.44,28.85,9.98,35.3,33.1,62.84,65.23,37.86,13.9,0,29.4,28.61,100,100,28.9,28.8,9.98,33.89,12.12,12.15,19.48,79.81,95.91,62.84,62.23,68.22,46.18,,13.64,13.32,42.71,19.5,8.29,0,29.4
332,HTI,Haiti,30.59,42.16,60.7,9.02,0,22.88,17.83,28.59,60.01,17.97,36.25,0,10.83,1.75,100,100,8.69,9.34,0,0,1.58,2.86,23.13,38.94,84.24,28.59,98.23,21.8,20.77,6.34,20.53,18.9,25.44,46.65,25.85,0,10.83
340,HND,Honduras,47.97,51.38,66.64,24.8,12.52,45.7,82.67,17.02,62.57,30.79,16.95,56.32,10.21,16.6,100,100,24.19,25.41,12.52,85.37,81.3,81.46,90.12,67.01,83.18,17.02,80.93,44.21,26.63,45.02,22.34,32.27,47.89,22.09,11.81,56.32,10.21
348,HUN,Hungary,68.93,66.06,64.77,68.32,69.32,70.84,89.79,17.62,,62.36,80.37,93.42,69.15,35.34,83.33,85.44,68.97,67.67,69.32,,100,100,100,28.96,89.39,17.62,,,72.65,49.66,56.85,33.72,60.96,99.95,60.79,93.42,69.15
352,ISL,Iceland,74.49,95.47,94.85,100,76.42,60.51,47.4,,42.42,66.02,61.22,94.47,59.78,87.13,100,100,100,100,76.42,75.2,25.15,25.15,36.02,50.99,100,,38.61,46.23,60.45,100,53.16,39.06,64.33,33.7,88.74,94.47,59.78
356,IND,India,30.59,5.36,4.42,5.98,13.78,47.41,49.46,36.01,73.1,41.67,46.51,58.83,21.98,5.49,0,7.42,5.92,6.04,13.78,79.19,29.64,35.81,48.93,10.16,97.27,36.01,92.49,53.71,45.97,17.66,50.9,46.88,52.7,41.97,51.05,58.83,21.98
360,IDN,Indonesia,45.49,48.44,61.72,21.42,37.88,43.53,70.94,12.73,64.6,38.59,32.27,13.6,37.98,14.39,98.01,88.54,21.17,21.67,37.88,84.03,65.83,72.54,76.04,24.31,88.18,12.73,87.93,41.27,39.46,28.25,44.81,40.6,44.39,27.16,37.38,13.6,37.98
364,IRN,Iran,55.62,68.36,79.25,54.4,10.56,47.12,51.77,72.8,77.25,27.04,29.9,64.32,32.91,68.07,87.58,85.82,57.28,51.51,10.56,81.95,41.04,36.9,45.58,8.53,98.18,72.8,54.51,100,27.19,30.89,20.24,27.82,36.44,51.45,8.35,64.32,32.91
368,IRQ,Iraq,41.3,51.2,60.92,33.61,30.45,34.71,13.33,,,44.66,28.64,70.21,22.96,40.27,71.99,77.38,34.54,32.67,30.45,,1.52,1.06,0.98,0,99.55,,,,75.74,0,11.68,69,20.07,37.93,19.34,70.21,22.96
372,IRL,Ireland,76.83,92.07,91.22,99.21,60.3,66.66,80.26,7.71,67.42,63.52,78.15,91.19,61.94,78.05,100,100,98.42,100,60.3,82.51,71.22,71.22,99.94,55.94,96.82,7.71,71.19,63.64,65.75,51.74,62.03,73.37,84.41,79.69,76.61,91.19,61.94
376,ISR,Israel,70.44,91.84,92.75,92.39,76.61,56.17,57.6,22.32,69.04,50.62,61.97,99.49,26.03,82.77,100,98.82,89.43,95.34,76.61,56,75.63,48.66,55.1,12.81,92.42,22.32,81.6,56.49,38.7,42.6,72.89,69.05,94.3,70.93,53.01,99.49,26.03
380,ITA,Italy,75.17,88.44,85.35,100,59.24,66.32,93.38,41.58,46.11,49.63,71.17,97.53,49.03,83.16,88.06,85.56,100,100,59.24,95.58,100,100,99.79,47.91,95.15,41.58,30.03,62.19,30.16,58.02,93.56,25.54,59.09,71.58,70.77,97.53,49.03
388,JAM,Jamaica,55.84,66.61,76.1,50.7,38.76,48.66,85.86,19.08,64.11,30.37,16.55,76.99,8.32,40.26,100,100,50.41,50.98,38.76,80.15,84.45,95.18,99.93,51.15,88.03,19.08,33.07,95.15,20.93,25.08,58.31,43.69,20.79,0,33.09,76.99,8.32
392,JPN,Japan,76.81,93.57,91.49,96.98,100,65.64,92.52,42.21,53.76,49.93,62.55,94.06,45.41,100,84.09,87.56,98.75,95.21,100,97,100,100,99.05,38.23,94.85,42.21,43.13,64.4,35.27,16.8,98.44,95.24,89.61,58.83,66.27,94.06,45.41
400,JOR,Jordan,58.95,83.38,99.95,59.2,13.11,42.66,21.32,,,48,55.73,81.74,13.03,100,100,99.83,62.21,56.19,13.11,,4.11,4.86,21.38,11.38,98.48,,,,38.89,27.74,82.77,58.74,70.31,52.22,59.23,81.74,13.03
398,KAZ,Kazakhstan,56.38,60.93,65.81,51.49,54.25,53.35,26.92,45.17,,70.12,66.07,79.83,22.85,20.05,99.54,93.08,48.36,54.62,54.25,,14.65,18.78,22.43,4.71,98.94,45.17,,,76.38,45.52,77.69,50.55,95.23,54.25,77.89,79.83,22.85
404,KEN,Kenya,46.99,42.52,62.91,0,32.63,49.96,78.27,15.27,34.99,51.14,45.09,41.57,27.25,9.53,100,96.98,0,0,32.63,80.76,80.37,76.1,87.79,36.43,96.21,15.27,32.66,37.32,61.98,62.16,26.66,23.42,24.36,46.1,44.08,41.57,27.25
296,KIR,Kiribati,43.03,46.26,60.87,16.1,37.26,40.89,72.46,,48.8,17.59,20.61,58.45,12.38,2.17,100,100,16,16.2,37.26,53.6,100,100,,0,,,74.73,22.87,14.92,,24.06,23.72,23.09,21.92,19.29,58.45,12.38
414,KWT,Kuwait,48.87,61.32,62.7,64.47,24.49,40.57,33.88,,68.37,31.14,6.4,96.88,30.75,70.72,48.92,65.77,67.42,61.52,24.49,67.45,18.13,18.13,16.33,2.79,95.91,,81.6,55.15,16.91,40.82,23.73,97.71,97.71,0,12.8,96.88,30.75
417,KGZ,Kyrgyzstan,54.38,49.5,55.48,36.99,46.76,57.64,73.79,60.85,,45.39,46.74,65.61,49.82,10.67,84.72,85.98,34.42,39.57,46.76,,72.49,79.71,81.58,26.38,96.36,60.85,,,42.8,59.24,36.49,30.21,66.75,38.54,54.95,65.61,49.82
418,LAO,Laos,37.22,24.28,28.67,14.46,26.09,45.86,85.43,22.75,,44.29,26.99,0,33.06,0,43.26,52.31,13.32,15.6,26.09,,93.54,96.61,92.53,37.9,80.15,22.75,,,45.82,,40.52,41.95,40.37,26.52,27.46,0,33.06
428,LVA,Latvia,73.68,69.46,74.23,58.32,74.28,76.49,91.01,6.28,63.38,83.91,96.88,96.3,45.68,36.25,100,99.08,57.44,59.2,74.28,89.57,100,100,98.98,40.4,92.57,6.28,92.77,33.99,99.97,58.57,81.25,64.85,54.51,93.77,99.99,96.3,45.68
422,LBN,Lebanon,59.13,83.82,98.46,56.76,55.79,42.67,27.1,26.25,53.29,44.7,54.94,76.47,27.83,100,100,94.87,62.54,50.97,55.79,24.56,13,13,29.47,14.13,96.82,26.25,81.6,24.99,63.97,24.36,15.48,52.1,42.88,49.84,60.04,76.47,27.83
426,LSO,Lesotho,30.98,37.53,55.67,0,26.82,26.62,17.08,,,26.54,35.24,37.28,36.27,2.36,91.14,91.28,0,0,26.82,,1.41,1.41,12.17,8.96,97.73,,,,26.57,,28.5,22.82,21.96,34.36,36.13,37.28,36.27
430,LBR,Liberia,30.35,41.89,61.89,0,33.15,22.65,35.52,26.3,65.23,6.64,15.77,0,21.03,4.72,100,100,0,0,33.15,64.65,12.04,35.94,21.75,22.98,63.48,26.3,84.75,45.71,1.37,,18.59,38.6,0.61,30.79,0.75,0,21.03
434,LBY,Libya,51.54,74.02,87.32,50.2,44.18,36.54,20.43,,49.98,35.16,35.6,74.57,24.39,68.29,100,100,48.02,52.37,44.18,39.72,1.24,6.02,5.29,0.53,99.24,,99.96,0,40.85,54.58,4.83,38.85,18.28,34.8,36.4,74.57,24.39
440,LTU,Lithuania,75.23,72.74,79.6,56.85,78.9,76.88,88.23,14.5,68,83.03,92.16,93.49,62.01,58.18,95.41,92.34,55.69,58.01,78.9,98.23,86.68,86.68,99.92,42.51,96.82,14.5,65.46,70.54,99.54,64.52,77.05,47.98,51.04,99.77,84.55,93.49,62.01
442,LUX,Luxembourg,75.62,92.83,91.84,97.88,75.46,64.15,95.37,39.52,,42.6,52.82,99.76,38.06,84.9,99.23,93.7,98.11,97.64,75.46,,100,100,100,77.52,85.45,39.52,,,20.99,44.08,99.01,50.15,19.51,99.53,6.1,99.76,38.06
807,MKD,Macedonia,56.82,64.86,65.64,63.11,65.19,51.46,63.62,32.52,,47.66,58.51,52.07,35.99,22.34,96.11,92.91,63.29,62.93,65.19,,44.82,67.63,78.6,37.35,89.54,32.52,,,61.01,31.87,29.77,52.53,43.93,44.08,72.94,52.07,35.99
450,MDG,Madagascar,42.16,40.55,60.26,0.25,26.03,43.24,45.89,14.88,72.96,57.05,38.95,0,39.5,0.66,100,100,0,0.49,26.03,67.77,29.91,22.8,57.39,21.33,81.81,14.88,95.19,50.73,74.4,,17.87,12.73,15.08,43.1,34.8,0,39.5
454,MWI,Malawi,46.53,37.76,55.42,0.5,31.81,52.37,91.82,20.03,,56.54,35,0,34.26,2.03,92.56,89.47,0.35,0.65,31.81,,98.11,99.2,93.66,55.77,96.82,20.03,,,71.52,,26.47,14.98,8.59,41.85,28.16,0,34.26
458,MYS,Malaysia,57.02,67.85,72.79,61.16,43.75,49.81,84.53,1.9,69.06,23.56,46.87,82.3,31.86,57.15,82.07,84.36,67.21,55.12,43.75,78.8,100,100,93.1,18.44,83.03,1.9,90.51,47.6,17.11,30.6,27.58,25.32,42.1,47.08,46.65,82.3,31.86
462,MDV,Maldives,47.2,65,72.42,52.03,46.34,35.34,19.33,,74.17,47.52,0.05,39.76,26.33,31.05,100,100,51.81,52.25,46.34,57.17,3.17,3.17,,8.25,,,98.56,49.79,33.85,,91.71,98.66,11.08,0.08,0.02,39.76,26.33
466,MLI,Mali,42.93,41.96,62.14,0,31.27,43.58,59.06,11.01,,52.03,61.81,0,31.34,5.36,100,100,0,0,31.27,,41.41,69.26,71.86,8.98,98.48,11.01,,,64.91,,22.24,7.01,35.78,64.4,59.22,0,31.34
470,MLT,Malta,76.29,90.14,89.5,100,39.42,67.06,75,,73.06,59.55,48.01,100,32.62,73.74,100,100,100,100,39.42,55.88,100,100,,13.21,,,96.61,49.51,47.15,54.27,79.84,90.31,92.81,39.59,56.44,100,32.62
478,MRT,Mauritania,38.65,45.4,63.73,5.41,47.06,34.16,31.33,,53.39,43.26,31.51,0,28.82,9.33,100,100,4.96,5.85,47.06,92.72,3.65,3,7.23,1.04,99.09,,91.62,15.15,52.08,,21.18,18.32,32.92,40.11,22.91,0,28.82
480,MUS,Mauritius,46.65,72.53,79.8,59.8,54.44,29.4,38.08,26.65,54.46,14.09,0.03,73.12,4.51,49.49,100,100,66.59,53.01,54.44,29.66,31.12,31.12,52.93,10.28,80.91,26.65,62.66,46.26,8.6,27.31,5.22,44.3,21.42,0,0.05,73.12,4.51
484,MEX,Mexico,52.26,58.86,65.89,47.43,35.91,47.85,64.32,23.19,56.62,27.3,47.69,91.48,33.73,40.9,81.51,83.61,47.75,47.12,35.91,86.92,60.75,64.38,53.74,20.25,91.36,23.19,78.31,34.93,33.09,40.21,0.03,9.67,44.46,62.8,32.57,91.48,33.73
583,FSM,Micronesia,48.57,56.9,64.68,42.59,41.64,43.02,22.32,100,58.52,33.11,65.31,39.76,23.03,11.7,100,100,43.45,41.73,41.64,51.7,15.96,10.47,,0,,100,92.63,24.42,31.87,,29.91,32.84,63.52,64.46,66.16,39.76,23.03
498,MDA,Moldova,54.27,62.75,66.22,56.43,55.55,48.61,29.24,56.76,,44.59,67.54,83.06,46.51,27.03,95.22,89.47,53.99,58.88,55.55,,18.93,21.48,28.98,14.08,81.06,56.76,,,39.28,43.03,54.89,50.61,56.65,79.23,55.85,83.06,46.51
496,MNG,Mongolia,52.83,58.69,60.82,59.1,28.46,48.93,65.68,9.74,,50.72,44.07,63,14.35,4.18,100,97.15,55.44,62.76,28.46,,69.05,58.4,72.42,27.52,98.18,9.74,,,46.55,24.91,84.12,66.4,46.38,46.19,41.94,63,14.35
499,MNE,Montenegro,50.61,71.64,70.03,74.72,74.11,36.59,41.78,48.66,52.25,14.09,31.31,81.67,10.57,25.46,100,99.49,77.78,71.66,74.11,45.79,0,0,93.03,46.11,94.09,48.66,65.46,39.04,0,25.1,34.19,40.31,4.34,38.51,24.11,81.67,10.57
504,MAR,Morocco,57.06,59.62,75.81,29.35,30.66,55.35,82.41,22.39,57.46,40.67,45.09,85.38,30.25,39.67,100,99.82,31.02,27.68,30.66,67.83,99.91,99.68,83.93,29.4,91.97,22.39,90.56,24.36,38.19,32.99,51.56,33.66,59.65,36.65,53.53,85.38,30.25
508,MOZ,Mozambique,48.49,42.63,59.78,7.83,28.45,52.41,84.39,21.53,72.96,36.8,50.92,45.65,23.27,4.2,100,93.67,7.65,8.01,28.45,74.67,91.03,94.74,82.93,61.54,95.61,21.53,79.28,66.65,67.42,0.01,14.89,0.94,1.16,60.95,40.89,45.65,23.27
104,MMR,Myanmar,44.85,31.75,37.06,19.28,37.49,53.58,44.05,33.46,63.72,78.72,66.05,0,52.64,3.49,55.06,63.83,18.44,20.13,37.49,61.19,34.49,26.24,43.2,19.06,91.21,33.46,95.5,31.95,96.95,69,52.97,60.85,56.27,69.34,62.76,0,52.64
516,NAM,Namibia,55.99,44.46,60.76,10.65,35.44,63.68,83.69,,64.77,59.95,44.22,69.91,10.32,8.06,100,91.78,10.6,10.69,35.44,42,96.75,96.87,94.49,81.49,95.15,,87.83,41.71,59.24,99.83,33.19,28.72,45.92,42.5,45.94,69.91,10.32
524,NPL,Nepal,32,5.6,2.39,10.97,15.01,49.61,61.76,58.5,,52.75,56.26,0,38.16,3.43,3.4,0,10.98,10.96,15.01,,65.36,38.75,75.95,34.55,99.39,58.5,,,71.34,50.62,21.57,31.27,21.59,58.54,53.99,0,38.16
528,NLD,Netherlands,75.9,89.86,86.79,98.76,76.37,66.6,79.36,35.78,57.62,55.73,89.41,99.9,35.39,88.44,83.55,87.84,97.52,100,76.37,100,66.18,66.18,99.81,49.69,79.54,35.78,55.34,59.9,50.25,36.52,84.9,37.15,89.31,98.71,80.1,99.9,35.39
554,NZL,New Zealand,72.12,93.29,95.28,94.18,62.19,58.01,88.54,15.84,49.98,46.31,44.42,96.16,26.74,88.19,100,100,95,93.35,62.19,89.41,86.61,83.87,96.54,74.81,97.73,15.84,49.48,50.49,40.78,77.28,28.46,28.4,67.06,28.22,60.63,96.16,26.74
558,NIC,Nicaragua,50.31,56.81,68.98,31.37,51.22,45.98,91,9.93,67.11,40.62,25.15,0,16.44,22.45,100,100,29.57,33.17,51.22,91.16,93.6,95.01,96.28,90.97,66.96,9.93,77.91,56.31,43.61,61.05,18.87,19.43,37.21,28.69,21.6,0,16.44
562,NER,Niger,42.37,40.45,60,0,29.05,43.65,75,0,,53.93,33.83,0,19.51,0,100,100,0,0,29.05,,87.84,86.54,66.99,19.24,98.03,0,,,97.25,26.25,0,0,1.03,46.53,21.13,0,19.51
566,NGA,Nigeria,49.74,34.6,49.01,0,54.96,59.82,70.73,,62.66,60.58,69.96,30.76,32.93,8.2,74.33,78.1,0,0,54.96,53.05,76.69,68.91,85.44,44.89,94.24,,90.57,34.75,79.5,37.04,44.32,46.66,44.51,73.91,66,30.76,32.93
578,NOR,Norway,76.14,94.42,92.9,99.28,85.16,63.96,74.55,30.67,68.95,68.17,38.72,96.11,28.51,82.24,100,100,98.55,100,85.16,75.11,70.36,70.43,78.33,58.59,98.48,30.67,83.74,54.16,51.01,96.51,98.38,20.94,52.75,28.63,48.8,96.11,28.51
512,OMN,Oman,45.15,66.07,72.52,60.93,12.93,31.2,33.57,,60.82,19.32,0.37,68.37,18.7,40.66,95.63,91.91,67.16,54.7,12.93,67.63,14.56,12.36,22.15,2.5,99.85,,98.3,23.33,0,48.86,13.4,87.54,49.74,0.01,0.72,68.37,18.7
586,PAK,Pakistan,33.74,14.46,14.77,14.97,7.27,46.59,60.68,50.68,52.4,41.26,50.91,26.03,20.89,5.69,18.77,22.88,15.59,14.34,7.27,82.24,62.89,53.82,52.3,11.31,93.03,50.68,60.44,44.36,46.25,41.37,31.33,29.97,41.84,52.02,49.79,26.03,20.89
591,PAN,Panama,53.78,62.87,75.14,39.18,45.36,47.73,86.48,25.89,43.08,30.27,17.55,78.12,11.23,37.86,100,100,37.25,41.11,45.36,84.23,93.8,86.61,92.24,56.03,95,25.89,33.83,52.33,35.72,21.77,22.04,31.78,41.23,16.51,18.6,78.12,11.23
598,PNG,Papua New Guinea,34.34,45.13,60,12.31,48.66,27.15,34.08,43.29,72.11,18.35,1.34,0,29.02,0,100,100,11.88,12.73,48.66,70.51,14.22,13.16,15.41,14.63,99.55,43.29,89.73,54.5,13.9,,32.63,15.16,26.68,2.32,0.35,0,29.02
600,PRY,Paraguay,51.28,56.94,67.8,36.42,38.89,47.51,48.56,4.29,,52.24,60.46,46.8,75.77,21.05,100,97.92,36.75,36.09,38.89,,38.36,43.42,71.58,23.1,58.63,4.29,,,71.35,61.81,10.12,14.17,29.47,73.21,47.71,46.8,75.77
604,PER,Peru,57.55,52.53,56.37,42.22,64.51,60.89,75.02,39.16,61.56,53.02,58.21,88.49,29.7,24.87,78.45,76.3,39.52,44.92,64.51,72.9,85.36,81.68,65.87,46.78,91.82,39.16,95.4,27.73,64.79,51.04,30.54,34.49,51.7,46.79,69.64,88.49,29.7
608,PHL,Philippines,57.07,52.12,62,34.02,32.43,60.37,79.66,30.06,69.77,52.07,71.47,60.34,33.45,10.28,100,92.95,36.22,31.81,32.43,85.48,83.79,89.74,81.43,25.59,90.15,30.06,84.78,54.76,68.64,24.14,38.91,44.26,58.55,71.27,71.67,60.34,33.45
616,POL,Poland,66.4,62.56,60.45,67.99,57.47,68.96,95.55,19.26,58.22,59.96,79.3,92.35,43.37,45.03,67.57,73.89,70.19,65.79,57.47,100,100,100,99.98,61.76,93.79,19.26,16.45,100,74.75,38.61,50.4,35.87,59.85,85.01,73.59,92.35,43.37
620,PRT,Portugal,67.27,84.99,84.41,91.79,51.66,55.46,89.08,0,43.94,37.93,77.28,93.82,6.09,61.33,100,99.61,85.97,97.61,51.66,74.45,100,100,100,53.57,88.33,0,18.57,69.32,35.79,68.97,12.59,27.62,46.83,90.55,64.01,93.82,6.09
634,QAT,Qatar,55.59,70.9,73.71,70.08,39.25,45.38,39.94,,40.8,37.25,49.98,96.13,19.76,100,46.84,65.52,72.73,67.43,39.25,69.46,12.82,12.82,54,1.93,99.24,,81.6,0,4.69,49.02,77.39,97.71,94.84,97.71,2.25,96.13,19.76
178,COG,Republic of Congo,37.61,24.78,32.34,5.89,40,46.16,68.15,48.17,41.06,35.18,52.7,31.97,23.62,5.07,45.04,55.99,5.64,6.14,40,92.45,56.89,57.48,68.08,33.69,98.03,48.17,82.12,0,39.06,33.94,28.34,30.03,33.76,70.23,35.16,31.97,23.62
642,ROU,Romania,62.3,59.49,62.56,52.76,59.91,64.17,56.5,30.89,82.73,65.84,81.28,83.95,48.15,25.74,87.4,86.81,49.65,55.86,59.91,96.32,29.72,40.17,54.77,32.14,90.91,30.89,65.46,100,78.45,51.64,58.74,44.84,45.9,79.92,82.64,83.95,48.15
643,RUS,Russia,64.56,69.67,73.64,59.86,76.94,61.15,66.09,22.4,38.15,62.43,77.98,96.53,47.83,52.86,88.22,86.76,56.93,62.79,76.94,90.92,55.53,61.69,58.32,31.19,96.82,22.4,30.75,45.56,78.11,33.88,48.2,60.88,78.34,77.29,78.67,96.53,47.83
646,RWA,Rwanda,45.48,27.31,37.86,3.56,32.76,57.58,62.69,29.84,,79.68,76.58,0,32.14,2.7,57.07,65.53,3.17,3.94,32.76,,49.77,52.87,78.49,40.44,98.79,29.84,,,100,,35.29,25.91,26.54,78.43,74.73,0,32.14
662,LCA,Saint Lucia,54.38,65.98,77.66,46.81,29.1,46.65,56.58,52.36,66.16,44.39,8.9,64.44,0,44.16,100,100,46.35,47.26,29.1,70.37,57.46,28.69,,83.04,,52.36,65.13,67.18,47.1,,20.23,87.53,60,12.67,5.13,64.44,0
670,VCT,Saint Vincent and the Grenadines,60.05,63.56,75.14,45.78,19.69,57.71,83.43,100,32.56,46.26,31.13,64.44,3.22,37.84,100,100,45.46,46.09,19.69,72.24,80.73,94.88,,88.29,,100,65.13,0,37.58,,60.78,91.59,64.38,32.55,29.72,64.44,3.22
882,WSM,Samoa,53.04,60.51,65.69,49.45,59.47,48.07,48.6,,56.01,52.07,33.35,58.45,14.16,14.23,100,100,52.13,46.77,59.47,65.37,38.62,38.62,50.37,0,100,,51.82,60.21,58.3,,34.78,47.02,39.02,27.84,38.87,58.45,14.16
678,STP,SÃ£o TomÃ© and PrÃ­ncipe,36,45.88,62.29,11.09,41.28,29.41,16.88,,49.33,32.9,42.29,26.32,11.81,5.72,100,100,10.54,11.64,41.28,42.39,0,0,,33.37,,,83.69,14.96,24.05,,57.35,31.46,60.41,51.31,33.27,26.32,11.81
682,SAU,Saudi Arabia,53.25,63.16,70.16,53.05,32.86,46.64,48.12,,60.51,33.93,34.64,87.79,29.41,44.42,86.63,88,54.69,51.41,32.86,84.22,25.8,25.8,52.91,5.7,98.03,,65.79,55.23,24.89,35.63,41.23,87.14,35.11,25.42,43.87,87.79,29.41
686,SEN,Senegal,47.37,44.88,62.47,8.08,37.11,49.04,91.51,28.29,42.46,33.77,33.59,42.69,26.49,6.17,100,100,8.49,7.66,37.11,82.4,100,100,98.83,53.72,98.94,28.29,58.26,26.67,33.94,37.11,32.17,14.06,44.79,33.18,34,42.69,26.49
688,SRB,Serbia,54.15,64.27,62.64,68.63,59.45,47.4,26.33,51.95,,57.93,48.04,60.49,52.95,22.57,90.12,88.57,71.46,65.79,59.45,,0,0,43.05,29.57,95,51.95,,,69.19,36.42,65.96,36.27,20.84,51.99,44.08,60.49,52.95
690,SYC,Seychelles,47.05,72.97,82.44,55.9,52.27,29.76,62.04,,49.3,10.04,0,26.32,14.01,56.11,100,100,57.26,54.54,52.27,54.15,80.88,77.69,,8.84,,,94.86,3.74,0,,25.35,99.46,0,0,0,26.32,14.01
694,SLE,Sierra Leone,40.61,40.48,60,0,29.51,40.7,59.68,32.16,50.61,40.16,41.34,0,26.33,0,100,100,0,0,29.51,76.21,44.13,64.76,55.76,18.89,96.21,32.16,99.32,1.91,49.44,,16.21,33.76,12.6,48.86,33.81,0,26.33
702,SGP,Singapore,73.64,91.01,88.69,99.76,68.54,62.07,21.1,,91.35,76.61,82.37,100,4.59,100,76.04,86.28,100,99.53,68.54,18.5,26.56,26.56,,4.47,,,82.7,100,79.36,41.49,97.71,98.21,83.6,81.13,83.61,100,4.59
703,SVK,Slovakia,70.92,68.72,68.7,67.24,77.98,72.39,93,20.68,,66.24,78.89,89.95,61.53,54.74,76.33,79.68,72.16,62.31,77.98,,100,100,100,52.64,91.36,20.68,,,81.45,54.92,43.52,35.26,81.28,79.51,78.27,89.95,61.53
705,SVN,Slovenia,72.43,72.76,72.73,70.08,89.27,72.2,93.69,47.95,,58.08,87.49,88.5,34.85,50.83,87.59,87.08,74.2,65.95,89.27,,100,100,100,55.14,94.39,47.95,,,62.68,52.46,54.88,44.05,61.31,99.84,75.14,88.5,34.85
90,SLB,Solomon Islands,36.31,47.59,60,22.55,36.56,28.78,24.17,38.38,75.74,28.5,19.42,0,16.68,0,100,100,21.56,23.54,36.56,52.25,3.62,3.62,10.62,4.04,97.42,38.38,99.23,52.26,33.05,,15.83,25.37,18.64,19.78,19.06,0,16.68
710,ZAF,South Africa,40.64,37.43,46.76,15.81,45.73,42.78,52.66,0,43.54,31.94,45.13,87.8,47.76,19.48,62.72,67.19,16.17,15.45,45.73,73.89,30.39,40.64,59.93,19.31,97.58,0,87.07,0,31.88,26.06,26.6,40.66,68.77,38.55,51.7,87.8,47.76
410,KOR,South Korea,65.81,76.87,67.86,96.52,76.06,58.45,43.21,39.44,67.33,57.42,74.34,98.22,49.71,100,42.71,50.15,97.12,95.92,76.06,84.25,14.09,14.09,48.14,20.22,90.76,39.44,88.3,46.36,57.46,26.79,91.69,49.13,50.69,79.42,69.27,98.22,49.71
724,ESP,Spain,71.5,90.63,89.38,100,50.61,58.75,92.02,19.99,42.67,45.55,43.52,99.71,29.74,75.19,100,97.69,100,100,50.61,83.78,100,100,99.97,56.63,96.06,19.99,37.16,48.18,28.68,63.52,74.71,40.04,31.15,52.6,34.44,99.71,29.74
144,LKA,Sri Lanka,53.6,59.98,66.45,46.22,58.29,49.34,76.34,42.9,63.79,52.18,28.32,0,22.05,17.79,100,97.79,44.09,48.35,58.29,62.32,85.11,96.97,70.44,41.59,92.12,42.9,94.84,32.74,67.21,29.49,41.21,46.6,42.09,23.82,32.82,0,22.05
729,SDN,Sudan,38.17,45.19,62.13,14.8,7.16,33.5,25.37,51.42,37.43,45.22,40.73,0,12.62,5.34,100,100,14.02,15.58,7.16,52.05,0,0,22.04,7.91,97.58,51.42,74.86,0,37.09,90.82,25.15,25.3,44.38,45.91,35.54,0,12.62
740,SUR,Suriname,57.21,58.29,72.12,34.53,21.02,56.49,70.25,65.02,52.2,67.6,45.09,7.53,33.22,30.31,100,100,36.44,32.61,21.02,86.41,42.48,42.46,82.62,100,94.54,65.02,71.18,33.22,100,19.84,40.28,44.27,67.32,41.63,48.56,7.53,33.22
748,SWZ,Swaziland,39.68,30.07,41.88,3.42,36.42,46.09,33.64,0.94,,69.41,41.14,64.23,32.45,3.01,66.19,69.4,3.32,3.53,36.42,,23.35,20.36,31.63,38.87,79.54,0.94,,,81.96,,39.09,44.95,39.32,29.76,52.53,64.23,32.45
752,SWE,Sweden,79.89,92.82,90.67,97.53,92.61,71.27,78.03,9.96,55.2,83.59,75.68,98.49,55.12,76.68,100,100,95.18,99.88,92.61,95.61,61.65,70.28,94.42,43.67,92.73,9.96,67.99,42.42,76.53,95.16,98.83,45.1,85.43,72.83,78.53,98.49,55.12
756,CHE,Switzerland,80.15,88.03,83.88,98.68,78.02,74.91,77.79,41.74,,72.5,98.83,99.67,43.87,77.51,88.03,88.22,97.35,100,78.02,,54.34,70.78,98.53,85.01,90,41.74,,,50.26,94.36,98.24,78.62,98.43,98.89,98.77,99.67,43.87
158,TWN,Taiwan,66.45,63.6,60.79,68.77,69.11,68.35,80.93,53.67,53.53,75.47,60.05,71.26,32.51,52.41,63.42,69.33,71.45,66.08,69.11,60.36,100,99.99,82.7,25.86,97.27,53.67,72.33,34.73,76.59,43.81,100,71.01,97.1,51.48,68.62,71.26,32.51
762,TJK,Tajikistan,48,21.92,21.05,21.43,36.08,65.39,66.31,52.96,,72.85,75.66,58.85,33.47,9.29,27.31,30.47,19.3,23.57,36.08,,63.79,71.35,63.48,35.03,98.18,52.96,,,75.22,99.85,51.69,39.37,59.22,59.13,92.2,58.85,33.47
834,TZA,Tanzania,48.11,42.43,59.67,5.86,37.79,51.9,95.42,23.64,47.62,31.72,45.61,54.03,28.76,3.08,100,94.81,5.25,6.46,37.79,88.79,99.31,98.74,96.14,92.18,96.06,23.64,86.59,8.64,33.97,38.28,26.1,18.58,18.52,51.67,39.55,54.03,28.76
764,THA,Thailand,47.71,40.73,33.08,52.78,67.86,52.36,75.11,22.44,54.27,37.03,57.43,77.05,27.17,27.5,34.12,39.46,61.76,43.8,67.86,87.66,75.48,58.32,95.08,28.23,89.85,22.44,52.82,55.71,42.53,35.39,23.34,29.19,51.16,65.6,49.27,77.05,27.17
626,TLS,Timor-Leste,36.57,44.42,62.1,7.88,33.9,31.33,29.24,33.82,87.78,21.98,0.73,37.28,29.38,5.25,100,100,6.13,9.63,33.9,11.48,23.53,23.53,27.9,19.64,99.85,33.82,89.64,85.92,26.32,,10.45,13.97,15.45,1.46,0,37.28,29.38
768,TGO,Togo,39.65,38.78,53.96,6.68,33.96,40.23,53.71,18.39,74.25,39.39,43.63,0,27.3,2.28,88.44,88.4,6.56,6.8,33.96,0,67.05,67.32,60.95,49.29,97.12,18.39,82.12,66.39,29.42,99.18,19.53,15.14,3.51,54.39,32.87,0,27.3
776,TON,Tonga,60.12,60.05,66.44,44.66,69.25,60.18,80.8,,98.63,34.58,69.92,58.45,17.69,16.11,100,100,44.89,44.44,69.25,86.1,97.91,97.91,,1.77,,,97.26,100,36.95,,22.37,15.42,69.38,69.04,70.79,58.45,17.69
780,TTO,Trinidad and Tobago,69.1,78.37,90.51,55.05,60.58,62.92,86.52,26.26,47.9,69.16,60.49,70.83,0,76.27,100,100,56.96,53.14,60.58,50.58,96.33,90.14,100,100,91.06,26.26,72.98,22.83,64.01,44.49,99.58,78.35,88.42,77.77,43.21,70.83,0
788,TUN,Tunisia,57.18,73.29,84.51,56.38,28.81,46.44,34.89,26.45,59.04,47.12,54.05,88.17,16.25,61.27,100,100,58.44,54.32,28.81,68.41,16.18,29.87,12.12,0.24,95.45,26.45,84.84,33.25,44.72,43.55,56.54,45.39,49.49,48.08,60.02,88.17,16.25
792,TUR,Turkey,51.13,65.12,74.35,47.87,48.65,41.8,25.05,28.94,57.17,39.36,38.85,92.21,40.25,49.25,91.41,90.73,49.92,45.82,48.65,66.83,1.03,1.27,2.45,10.81,96.51,28.94,71.24,43.1,41.11,34.01,36.84,53.73,39.03,43.64,34.06,92.21,40.25
795,TKM,Turkmenistan,49.42,64.37,82.46,28.49,44.53,39.44,28.49,,,27.79,60.75,74.79,50.83,57.71,100,97.94,26.34,30.63,44.53,,17.83,21.23,24.74,2.27,98.03,,,,38.58,28.71,1.74,15.05,33.22,71.67,49.83,74.79,50.83
800,UGA,Uganda,45.78,38.05,51.18,9.91,36.26,50.93,86.89,27,,36.58,50.54,40.84,26.17,4.19,81.72,83.28,9,10.82,36.26,,88.8,89.16,95.77,51.27,96.36,27,,,37.55,,42.92,22.22,11.9,51.56,49.52,40.84,26.17
804,UKR,Ukraine,57.12,67.75,70.18,60.45,79.95,50.03,48.77,22.82,44.37,52.29,46.8,78.76,57.55,35.49,95.11,91.52,58.17,62.74,79.95,91.87,25.77,29.2,43.68,20.34,86.36,22.82,73.72,15.03,51.72,43.27,59.48,58.89,58.6,42.29,51.31,78.76,57.55
784,ARE,United Arab Emirates,53.52,62.5,66.06,61.25,23.66,47.53,39.7,,62.1,37.71,56.46,96.87,0,67.9,61.79,67.89,65.5,57,23.66,62.34,2.33,2.33,80.04,10.06,92.88,,73.78,50.42,35.25,53.57,22.01,6.83,92.46,90.71,22.21,96.87,0
826,GBR,United Kingdom,77.24,89.97,86.88,97.9,82.63,68.76,93.6,17.97,36.93,62.23,83.5,99.82,57.34,76.55,95.81,91.71,100,95.8,82.63,88.33,100,100,100,65.74,93.64,17.97,65.9,7.96,54.65,44.58,91.49,64.56,89.14,84.21,82.79,99.82,57.34
840,USA,United States of America,70.7,92.6,97.29,89,53.22,56.1,71.21,7.02,49.49,47.41,55.47,92.57,72.38,97,100,94.97,79.53,98.48,53.22,100,57.71,67.42,71.57,22.15,96.51,7.02,79.3,19.68,52.56,46.3,36.69,35.77,54.95,59.27,51.67,92.57,72.38
858,URY,Uruguay,56.28,78.31,83.07,72.99,48.39,41.59,47.34,10.21,52.44,38.7,28.79,58.85,62.38,58.19,100,99.3,75.76,70.22,48.39,81.68,42.26,42.27,23.33,4.27,90,10.21,64.64,40.23,37.04,94.25,0,0,26.52,20.65,36.93,58.85,62.38
860,UZB,Uzbekistan,38.67,47.24,43.82,56.02,39.07,32.96,26.33,39.25,,37.41,56.12,0,46.47,19.26,54.82,65.57,49.99,62.06,39.07,,13.65,25.79,21.7,0.91,87.42,39.25,,,38.19,40.59,14.79,53.04,91.67,61.39,50.84,0,46.47
548,VUT,Vanuatu,51.53,47.84,60,22.93,39.21,53.99,35.22,69.21,60.85,74.75,32.34,58.45,13.48,0,100,100,22.32,23.55,39.21,48.05,22.42,22.42,27.85,11.59,99.09,69.21,96.31,25.39,98.17,,14.37,18.1,45.08,27.17,37.51,58.45,13.48
862,VEN,Venezuela,58.34,70.6,85.45,44.81,32.31,50.17,96.17,34.06,57.32,24.58,6.57,80.74,17.6,63.64,100,100,47.12,42.51,32.31,88.77,99.95,99.99,97.87,93.97,94.54,34.06,71.97,42.68,33.91,23.02,11.72,0.07,13.54,0,13.14,80.74,17.6
704,VNM,Viet Nam,40.53,39.97,36.32,46.35,49.12,40.91,59.82,19.97,61.89,30.41,30.54,33.06,45.6,14.22,48.71,53.39,43.21,49.5,49.12,83.17,44.17,37.96,78.13,25.46,85.91,19.97,99.24,24.54,15.85,54.23,37.59,44.17,38.36,31.42,29.66,33.06,45.6
894,ZMB,Zambia,50.44,29.29,43.08,0,25.78,64.54,99.25,34.32,,59.5,40.23,65.61,28.2,0,71.04,72.57,0,0,25.78,,100,100,99.16,97.76,97.88,34.32,,,89.48,45.83,16.29,15.81,30.88,18.87,61.6,65.61,28.2
716,ZWE,Zimbabwe,41.68,40.02,53.26,11.86,36.9,42.78,93.01,11.43,,16.52,9.97,75.44,12.22,5.44,84.05,86.24,12.23,11.48,36.9,,99.74,99.12,93.8,64.63,94.09,11.43,,,19.02,17.73,14.77,8.63,1.51,7.63,12.31,75.44,12.22
